customer_id,total_orders,avg_order_value,days_since_last_purchase,cart_abandon_count,return_rate,discount_usage_rate,tenure_days,product_category,acquisition_channel,churn
11df2d78-7e9e-4809-babb-c3f9fe4a1a93,7,24.849458672949336,7.02392010459939,1,0.18115371467149732,0.65114619701698,1610,Home & Garden,Social Media,0
3f7a0dd8-da07-425b-b504-3d5f37008b2d,8,21.191171570832093,147.52327714653438,1,0.40233205273375905,0.40599626705419906,1692,Home & Garden,Social Media,0
091cda7f-e38d-4fbd-9adb-3e5a8f703349,7,47.54779906867341,19.405958015447318,0,0.12303549796154305,0.403773376517743,634,Electronics,Paid Search,0
d8ab3e50-641f-47a6-abc7-772fde9298cb,8,43.80053900458134,51.42463999728949,6,0.12635511524428428,0.28063491228158727,911,Beauty,Social Media,0
f66ec223-f580-4281-af16-85bf526d6528,8,21.878061646403417,7.476235965657096,0,0.022809053727529567,0.3356161311290145,1793,Home & Garden,Social Media,0
1b22e9be-9950-4c80-baf4-d4e447068942,7,43.497270881467294,18.841000624735663,2,0.2971886292156575,0.46418499107417044,325,Sports,Email,0
8e5076b3-4609-4e70-93b6-0a004e4f3d17,12,10.0,31.046351062245204,2,0.4240684480668922,0.2441964540188144,544,Beauty,Social Media,0
58efc44f-62c8-4018-a746-0815fc7d85f9,5,64.60022710417735,40.05448287213868,2,0.08566243990299761,0.48304436027967995,782,Beauty,Email,0
dc69c853-59dc-49a8-823e-4aed5e11ff3a,9,67.79992168661356,0.004049995478585353,1,0.04851898808612939,0.20443404229340983,185,Sports,Email,0
e3ca788f-f3f2-486d-956e-d9586a969ed0,7,22.08492073724522,131.70771820675287,2,0.18030707154929243,0.4359904841657243,497,Home & Garden,Paid Search,1
dfe3dc2f-254b-4b83-9666-5206804335d8,7,18.835558768888852,0.4622647482904658,1,0.09823334532290214,0.1483646102799066,994,Electronics,Email,0
99f9511f-cecd-4def-9566-b012aaede502,13,31.626051385221363,89.1495308331218,2,0.304894775690087,0.2912304949819158,417,Home & Garden,Referral,1
60d4d0c3-8503-415c-b27f-8d72432e5665,3,15.989665301765866,38.158269412891755,2,0.13270841927913013,0.34938895493030264,1252,Home & Garden,Organic,0
57113b10-f7c0-4bdf-8521-6aa661198c34,9,18.106591196543842,44.525124478985425,3,0.30080454362670783,0.37104070954254764,635,Books,Email,0
351c16db-3928-43a2-95c4-d8ab66e56fe7,13,42.36329144927978,14.011748672409606,1,0.05766353403769156,0.33738501300599094,164,Sports,Referral,0
52d2ff64-6d4d-4126-a42f-9aa20eceffff,6,63.259731708232096,56.09300309196717,2,0.34367738249327645,0.47254626823409646,1395,Fashion,Referral,0
47dc4f27-c500-4c08-a02a-98ec31b00ea9,8,42.70419906938727,46.231754046922966,1,0.2995498401558855,0.1409171956047236,1035,Fashion,Social Media,0
4ecc8ec3-fecc-480c-880f-2f401dd51fe7,9,333.30670595024617,10.764569335603742,2,0.4596590639188892,0.3885107291130438,1505,Fashion,Referral,0
5fbc18f5-744c-43b8-aa87-e1bf3ea4cf90,7,89.91546789694203,16.317894314453238,3,0.33669122662100154,0.5839352565368161,657,Home & Garden,Social Media,0
93b02128-f626-40ce-9b2f-5e91efc6aee5,12,59.63844664078831,4.154807516979383,3,0.4022876817632828,0.15940254484134975,36,Fashion,Referral,1
4e1173e7-9d22-44f6-b087-0c5d731c7548,7,57.93668074615036,4.114949833584085,0,0.1412797400194412,0.2189138506577549,86,Books,Paid Search,0
98d31600-c596-4c60-964d-c629a5e62704,9,35.49554191240854,0.8322931569749027,5,0.40613781551685396,0.0698055024054063,1451,Home & Garden,Paid Search,0
fdb10c19-a38b-478c-a29e-9d01f50550a8,10,49.58670494949868,14.944179231949743,4,0.21201392761651985,0.4755925674774676,750,Electronics,Paid Search,0
d56a1f7c-e5a1-42e8-8fe4-f86779e4906b,12,38.78665739080185,68.30257072764661,0,0.06841668064297045,0.5200979572373994,1781,Electronics,Paid Search,0
69efc446-b075-40ba-bb98-02ba4791ebbf,6,76.75901480783183,22.806738353662546,2,0.3175643152800085,0.2657474319787496,1515,Home & Garden,Paid Search,0
33d64733-8af7-43d3-8c06-b2d08c0a8569,10,26.487911245885314,25.180012944141822,3,0.07414612562771158,0.31957000511478234,30,Beauty,Referral,0
b4bf1a79-f782-421c-a306-e8dd7da700b1,9,25.37937190874212,8.487274578951311,1,0.2327855794218584,0.412620421374156,1587,Sports,Email,0
7843bacf-cbd8-4e2d-b580-91d4c844d463,10,84.98328518110684,51.40645062278895,5,0.43956787604570735,0.17324723404711206,389,Sports,Email,1
617fa59b-768f-4f3e-91c8-feccdf28bf95,9,22.91994284859624,25.126120302647205,3,0.08115872149614325,0.3021746204512529,887,Electronics,Email,0
a1e4f28a-5770-4d8e-a966-8e2a6af72d78,13,15.549944074906774,67.67940179409308,1,0.0715770073203896,0.2476123214815752,924,Fashion,Paid Search,0
8f17f7c5-7879-4be3-920c-785b0d03f233,16,18.20136195329799,81.16216822071985,1,0.21786350776144564,0.14389097750724816,109,Books,Paid Search,0
4f332db5-9d26-421e-bbbc-4bf51ff97f35,10,60.27356556684033,52.72421836908545,2,0.06295187970662064,0.46888763215513135,230,Home & Garden,Referral,0
82f4d537-740d-4b2c-8ed8-2a274bb35a9f,6,280.76238280125847,19.383596191773595,4,0.15520811804553802,0.5582525641502406,772,Books,Email,0
003a86c2-33c5-433d-83d0-a735f61f2dae,8,16.27853234514197,42.630761441291924,2,0.05655589605382384,0.3743780769946544,1173,Books,Social Media,0
0d381330-51c7-4d73-85d1-1ad4c62048e8,10,55.485343961747795,17.41558789061751,1,0.0225585924983385,0.3164654506897493,483,Beauty,Paid Search,0
d071cea1-e4eb-4afb-9e18-eb794c4de629,7,37.45053307508301,139.92876596300255,2,0.1532435734960184,0.5021661239891766,961,Books,Organic,0
0762c35c-4736-4353-ac61-d8f02e930803,10,81.65893106097192,87.2450417117794,3,0.1506405863539464,0.267191243645344,692,Home & Garden,Organic,0
011c972f-e18f-4294-b86e-688b6a2c1152,6,55.09745150072991,40.75535546309816,1,0.15535591744171687,0.17263983654955734,1150,Fashion,Organic,0
78787a29-bc34-401b-87c0-722e7acd6092,3,85.81135135610712,201.93326994898018,2,0.1980380984668185,0.5815066475220851,775,Beauty,Referral,1
169e0d82-e06e-4a12-9634-323f26ecb9a0,9,41.833964513301915,47.47940678846414,5,0.13046278268415742,0.3481233957609269,1554,Home & Garden,Social Media,0
b568233a-0ee4-4497-bf16-190e92887d7d,9,16.98245599459344,23.897645808902624,0,0.19255653527848063,0.5207715664609351,1795,Beauty,Paid Search,0
ea2c7570-742b-4bcb-9862-5a3c9d85fc4f,7,19.220706960787997,6.020209386458887,2,0.2823436509385036,0.5770628767014302,1666,Electronics,Referral,0
37ca0f4d-9e39-4f94-8eb4-74b85223542e,10,39.2355991809375,47.082289710993535,0,0.08228436512205364,0.2030583240627309,308,Fashion,Email,0
06155a70-a06a-46bd-bce9-1cf8a08a5bcc,4,48.11847472126833,118.1455853921965,0,0.1387465576862901,0.2805438214990919,834,Electronics,Email,0
4fb4c3e4-2071-4714-9aa0-9f00efc67e4d,6,24.352416000110463,120.91761347792658,0,0.21536618222118284,0.6923357414488717,837,Books,Paid Search,0
ddd3d076-d9c3-4d37-b523-ad74e0f4746a,14,166.0099391009041,55.666444834372896,2,0.0829212484878725,0.14743004617392394,1534,Fashion,Paid Search,0
e81de7cf-3cf9-400b-80af-71f811da3a09,13,70.31446547088294,29.99693572666313,1,0.16898656385845492,0.24072992644621674,652,Books,Organic,0
3c5e183e-52b2-4ee9-898c-955e2fff14d5,11,10.0,63.040144656421504,3,0.07649783562277594,0.060794520653546555,1003,Electronics,Social Media,0
7f4ef872-54f2-4764-91d1-eb57461449e0,8,30.01442691501362,86.16447025829088,2,0.29320470610165233,0.37383625402062187,1112,Beauty,Organic,0
22aaf7cb-57ee-4ab4-b3c9-daecd46cff01,7,14.530153292949276,31.823424769076553,2,0.08077590364960321,0.5615785961091935,204,Home & Garden,Social Media,0
fffb2cee-9b90-4799-a2d1-5c6fab6d93ff,6,152.17422672800822,38.80492608554198,2,0.1307879554782128,0.43424033820272234,1018,Beauty,Referral,0
40a20d69-7f34-4dc8-a800-939d50691bfc,10,10.0,68.48172604747505,5,0.09465969312727497,0.16773338700276771,451,Beauty,Referral,0
ac57305b-e674-45eb-a962-3e1dbc99c903,7,46.2931282228351,125.56503383626065,4,0.23469874005882058,0.4069536798562441,377,Fashion,Social Media,1
f996d8a9-0db4-4852-a11e-00776d80a790,5,36.54920803978405,93.92824106600213,4,0.15202361652038868,0.4060074373708013,457,Books,Referral,1
b82dec38-9acc-4561-9518-8d5108a8a5c5,9,63.50544777504486,1.3587517300286835,1,0.05973779102965306,0.33366671633801953,182,Sports,Social Media,0
71754b8f-3599-4b1a-8c1c-384b164ac697,10,42.87156756554795,7.968859703250079,0,0.4086060997402532,0.24979444907396559,128,Books,Referral,1
07b00101-0bb4-4674-80f1-ca2bd485d8f5,11,173.3754978660767,114.94889111499816,2,0.27276466273183114,0.30586895728742336,1180,Electronics,Email,0
a795148f-36e9-4f3f-9d64-202f3a7d7102,9,69.0164149053123,107.68204553116568,7,0.18537111112817564,0.43848499656635437,1717,Electronics,Paid Search,0
25288320-77f3-45c3-af6a-fb90d9306373,14,10.0,29.540528356501895,1,0.06424807647690278,0.5184716564967474,1255,Beauty,Referral,0
12b534ed-9ecc-4759-aa88-18f0e231acaf,7,101.83694230916697,52.66429947468215,1,0.14372164685674438,0.5794180794211321,569,Beauty,Referral,0
54069b64-cfb1-48a1-a436-f99592fd640e,16,38.959500758467826,141.76876391537894,2,0.2512113188639704,0.12558153429056584,612,Home & Garden,Email,1
b45b66fe-2fa9-4342-b2ad-057306b668a9,9,101.97530845649774,145.5249605470986,1,0.1824510742532353,0.41725291517724433,988,Fashion,Organic,0
0104cb33-e5cc-4015-9d3d-2f521e028c00,11,25.69603069205013,91.6971526589657,1,0.03429844348492246,0.8732884008100233,1581,Sports,Email,0
7576cc5b-d03d-4806-9aa1-8a2d5595b1aa,6,14.155967331626815,14.112128259367395,0,0.33795053197243025,0.4792550191625909,370,Electronics,Referral,0
faf9964e-b8b1-4cdc-b8d0-9a20afd40181,13,12.16908082123318,78.62287821426146,1,0.3138728074176505,0.28818947512624,855,Fashion,Email,0
41586c47-e27c-44d3-b17b-0441faca2762,10,77.41006683569823,6.394904486171029,0,0.11818700152966087,0.487603171992696,911,Sports,Email,0
9f1e5f5f-e0ff-4a74-b28a-88829651c035,5,62.66121518985955,134.62414692918043,2,0.27734908200285635,0.23968847972180282,1699,Home & Garden,Email,0
28afe101-cdd8-4518-89b2-1728ec3b9c8e,8,20.623721655198334,9.691081381042489,6,0.06418642133203238,0.5836614414103074,978,Fashion,Social Media,0
9e0bb3a5-3cbb-4a33-9e63-4f50d7b9239b,5,10.0,65.14448372759975,1,0.17690996305651066,0.328494704725889,1425,Books,Email,0
a3c8d89a-bb35-4965-9986-044def2ba7c9,8,79.81726604378392,56.533950877466566,7,0.18442211861255714,0.30946335175109607,161,Beauty,Email,1
fc0eb571-2ac5-4ff6-a341-b3e0fd9a9c79,8,10.0,90.00801810573829,1,0.05421699761077838,0.41334330065183694,597,Beauty,Referral,0
01f114ae-60fd-45bb-9961-5d47fcf3b97e,8,188.505827465858,48.121164953420646,2,0.12754314026771357,0.5297201915984634,1116,Sports,Social Media,0
a3b012e7-4ec1-45fe-a8c0-eda543bd932d,9,10.419391136486702,3.6848651976966815,1,0.32279485876112735,0.40640931128046887,1237,Books,Organic,0
6c988113-b8c4-4f2b-8fd7-ba7492d64753,5,33.49048796152983,73.41916217422201,4,0.2043510805364062,0.6090291114201848,1615,Beauty,Social Media,0
d3607d4d-54c8-4876-b6ab-15841fc08e40,9,39.80583024795112,28.988207220038102,3,0.10513539137587848,0.21925116953218848,1077,Books,Social Media,0
cc309c97-1bde-441e-82bf-31a8401610fb,9,44.339723875954185,23.164901286417194,2,0.25810816566182093,0.6500321273350457,529,Beauty,Social Media,0
6043cd28-d780-47dc-9a74-4a2b831b3106,7,42.923819281461896,287.2990816865961,1,0.06678098440661695,0.16555991164599126,984,Sports,Referral,1
49387ffd-5a2b-4a57-bace-7e8c9abdb9a7,7,36.75784406852492,53.55441803217713,3,0.2672382757084851,0.27597688874689874,1298,Books,Paid Search,0
46a3fd5f-776d-42aa-afd9-1c759d157886,12,23.40011406142151,74.42141989242181,3,0.2631318773856969,0.11267082886684911,1431,Sports,Referral,0
d4731981-6c35-40e1-b9fd-86e779915458,8,27.69473102091461,44.834174802644576,2,0.26978016795128834,0.6119485091138558,1723,Books,Referral,0
fa3c4436-75c9-43a0-b742-4f7e23691e20,7,19.659192249868415,88.17342278913853,2,0.2364175976181836,0.2773626674314474,348,Home & Garden,Organic,1
9844e3fe-3705-47d0-ab2d-673fe651aaa0,7,36.33209077207883,83.67719184845599,3,0.14553341629374475,0.6579871385308579,1206,Home & Garden,Organic,0
99f3ec18-f072-42bd-a5ea-684d11f627d0,13,10.0,64.22705494882271,4,0.1481726588067884,0.6229905180576459,366,Fashion,Organic,0
2a2d652c-8727-4627-b902-084c452d35cf,8,42.62194347997493,365.0,3,0.04572977542641633,0.49432043483281807,580,Books,Paid Search,1
e4413689-55ad-47e8-b682-0a143109268a,12,30.601910856219636,36.948232092497015,3,0.137058403973194,0.22101665659833025,261,Home & Garden,Social Media,0
2111015b-ff38-4163-88f9-10cb98f6acff,12,64.9193631880279,73.48979830006783,4,0.16021366223056643,0.19197904878765598,1410,Home & Garden,Paid Search,0
60a267e1-2491-4055-8679-c7e0a6d42e8b,9,25.973286836896797,95.90333947303859,3,0.27210021595413264,0.25261268381963564,1668,Home & Garden,Social Media,0
357c9c8c-e2b1-4033-9b72-e8d2b0ee3148,8,53.612526705256215,28.299632190601933,2,0.10720995238357926,0.28535873109376975,55,Electronics,Paid Search,0
01cacda7-b870-4977-ba9b-d9041eec33b2,10,51.50197668637374,36.65810072171845,2,0.30976181199300196,0.5240158620020867,1484,Books,Referral,0
12cc830e-7beb-4401-bae2-d07c4ab04613,10,29.628830219642772,208.75070242959015,3,0.19309965512176952,0.7197951558006673,441,Fashion,Referral,1
e585f194-17b4-4342-a11e-0f182cbe3339,11,43.91719160903784,1.9694324660141245,2,0.219422253130552,0.13504193173027718,889,Home & Garden,Social Media,0
b99765a7-e0b7-4cc0-af18-448318456cfd,14,11.312032581370735,24.50477577655346,1,0.48776756675540395,0.15865792643639176,1365,Sports,Social Media,0
9ee89879-466d-4f47-8ef6-071aec1f1c96,6,96.85861962016568,39.95678537992838,2,0.316907075883982,0.6942960747718399,925,Electronics,Social Media,0
1a1a9771-e279-4334-83ce-05c20bcd6975,10,21.403684110885106,0.08796403324487134,1,0.2077151689447594,0.44056331054988274,422,Books,Email,0
534fb3c7-99d4-4a5a-b78d-4c0d524c4e59,9,28.71292745375169,137.63363882589573,0,0.02129514428768916,0.6282909891957097,1653,Beauty,Organic,0
da43e232-b6a3-4004-938e-cb33afcd6494,8,14.263903331995522,20.23288034733152,1,0.11317937066372416,0.35956697173878277,1083,Fashion,Email,0
5b525fb0-c5f9-41ac-9d42-51ec973d6dc4,7,17.911279375140655,17.880498871486246,1,0.09505726049896558,0.16290507292548134,1699,Home & Garden,Email,0
9326f108-ddf2-44b7-b64b-d5c496a92d7a,6,123.32591413853136,102.99673611096013,2,0.14905093668494604,0.3177462735770087,1545,Sports,Referral,0
7b76cc9f-e25d-4b32-9da3-18c11c38d3f5,10,36.977592625030304,19.542414668289403,5,0.21642907700161876,0.06610637926672022,1599,Electronics,Referral,0
e048ed8d-13ab-4301-9404-a97e6d46d504,7,26.11663453464975,64.31049742530972,1,0.06337283578708718,0.301686748885845,660,Sports,Social Media,0
ff8a45fa-298d-4c41-831e-32d50d6dddd8,5,26.00050078896128,103.39105744882093,2,0.2077478873557311,0.6874330925570469,1801,Sports,Referral,0
84baebfc-f2a7-42e5-92d6-5a3098ae8cc2,8,33.16791703740612,94.35074209417547,1,0.10131322901614631,0.3834265387658374,1555,Electronics,Social Media,0
59c6be79-3dcd-4b07-9ba0-1ec79bdb6fb6,7,59.02530144451854,91.38205599666958,4,0.14788445052817437,0.4547316961235101,616,Sports,Email,1
a7aedd35-9041-4305-b290-c90932c0b2a9,4,38.670260022001635,5.568877388970878,0,0.13039890871436935,0.34062206009148044,1636,Home & Garden,Organic,0
92b7bfe5-51f9-4444-92b6-025d3f4783c5,11,39.33662080671591,4.992916990601477,1,0.11592547308853125,0.15791094288422267,1378,Electronics,Referral,0
2244af9f-008a-4227-89ce-0af9d9209ec1,12,15.822953955971377,21.983609764545008,3,0.1917831382777295,0.6495848243540481,1323,Books,Email,0
fed131c2-bf5a-4c7c-861c-4b72d08ecea7,9,26.179083173349163,2.1965952410219876,1,0.4532842368763157,0.6012702454620148,12,Electronics,Social Media,1
982a9e96-5a28-488a-a40c-0e06e619dbd4,5,37.532843426590716,41.6404213894315,1,0.2621837392722204,0.4235757402567497,42,Beauty,Referral,1
f7c53ada-3de9-44bd-89ca-7a9d84265a39,6,32.299357259862894,30.129999886461405,2,0.18337981425432182,0.2507173245135606,1268,Fashion,Organic,0
839d7499-8bb1-4576-9da3-f4ba2c8e7aad,12,23.743301915233324,48.85464023839175,0,0.16990865747783557,0.2560049261700394,509,Beauty,Referral,0
e4f5bf95-a378-4b49-a192-bd0dcfefee81,7,22.065081810706324,21.296746845609356,1,0.03149895294684685,0.4041182796359191,107,Beauty,Social Media,0
fcbebae3-d1e4-4c28-86d3-3b17d8a6b657,10,46.92035455408672,39.90321207674573,3,0.18561488450509003,0.7484213416702772,522,Home & Garden,Email,0
ea67438a-fab2-44e7-83dc-b95b155df5a3,8,47.854144664803975,24.4550700734711,3,0.1046342501044745,0.3476753097030374,1529,Books,Email,0
2e94388c-f432-4a30-a4c1-b9151e51d4f0,10,73.07820182122705,13.030292078199164,3,0.13698430686035135,0.19656659146351516,859,Beauty,Organic,0
2f725b1f-3722-4859-9216-255e4e3f68e8,8,38.73048661958199,62.88085663058852,1,0.4373879835652758,0.7904314773030553,1123,Home & Garden,Organic,0
113db82e-90b5-4ad1-9c89-ecd451821cdc,13,10.0,67.14774176820971,3,0.3582719317244863,0.16738187699799972,1461,Home & Garden,Email,0
32a03020-41e8-4334-9751-9c2038faded3,12,218.46651485342588,106.04685417516022,0,0.21605974039551393,0.35692600003952196,590,Electronics,Paid Search,0
91105dc6-2ed1-443e-b8cd-1feb88e0d612,8,32.88309866146471,124.64746655248754,3,0.10295594638379467,0.29653160028621256,21,Beauty,Email,1
81097dd3-4fcc-462b-bdd5-1d58db6f78c3,6,23.85471487959734,73.13745187299847,3,0.047057057094251904,0.21493288810817818,590,Books,Social Media,0
f0f7d95e-e21f-4474-be56-f12620864c55,8,31.60993414284651,69.78868123538773,1,0.1156135081613083,0.3400240375263346,1745,Electronics,Referral,0
c1153208-8f4d-456c-acfb-035b26b2c3af,11,24.122011638339274,3.5007069770642834,1,0.05658371471457091,0.2752594359607258,880,Fashion,Paid Search,0
abb25050-c615-4e75-8d67-640590e3ac49,11,17.20219027459097,6.977148222490855,4,0.27071676388055443,0.44063178887969306,1040,Fashion,Email,0
f74a1c9f-f499-49c1-bf21-effd4e30d9ba,4,54.14375818312779,100.45865669594099,0,0.304452033668799,0.21988191586970257,1388,Fashion,Referral,0
17483333-888a-4896-b1bb-d0466b6add08,12,29.404948434723572,15.912296127981696,4,0.46018798896441776,0.31748208737969746,210,Electronics,Organic,1
d298a62a-4ccf-491c-a763-0ff85fca0c1d,10,30.82877193648981,26.362884510319354,1,0.25234239693382066,0.6013386518155294,1339,Electronics,Email,0
a8b9c00c-1a81-44f7-8a0b-7d50683bc6d0,10,10.0,9.420099156758258,3,0.07651516497627739,0.290374216436621,544,Fashion,Paid Search,0
1c8497a7-2e7d-4133-84bc-efee0f6be6b4,10,27.62743840444295,13.026108013399668,1,0.12404787198666728,0.4104321432817315,709,Electronics,Social Media,0
0f9d1e07-3a30-49c9-87af-edbb195ffc6a,11,13.995184651782195,89.61065866145428,2,0.2523698948901455,0.39243067335045684,492,Sports,Referral,1
428d4ca6-990c-4728-9da2-86918d11f0b9,7,21.803071152636083,18.217275300725476,1,0.31443082209761547,0.20480786097614648,281,Sports,Referral,0
726ab0b1-087b-4faa-a2a4-cdcf10f7fd4d,11,40.00578526026527,35.76503588924996,1,0.2715883509541818,0.2670905128863271,660,Sports,Email,0
1c65894a-c49a-49a9-b53f-ee0a3b5d51da,15,20.27099013273273,9.869231189490657,2,0.2060077930135135,0.23736878931799305,173,Home & Garden,Social Media,0
32cae394-1375-405f-a02a-f0ae12180d2e,9,22.63656980963496,67.97916449273583,2,0.03371271539878182,0.554132626676889,1541,Books,Social Media,0
aeaab2a0-9f67-47e7-92d9-285b46d4599e,12,35.7754443324864,78.17672245944769,1,0.24383933366181862,0.4578278135660224,559,Beauty,Organic,0
f67059e9-41bf-48fa-87f5-32ee6130d705,8,22.08258487393515,26.936091092439057,1,0.3108629374723371,0.44763751840117016,1193,Books,Email,0
6571bf92-78d9-4ade-90de-4b35db12e33c,6,14.235652767735,92.15637326906526,4,0.19472019632810578,0.4871907075057357,542,Books,Referral,1
42261f15-12c1-4883-9b2f-e881be3498c6,8,10.0,16.45884160956315,1,0.08435685126462666,0.37153871241014247,385,Fashion,Organic,0
49d71e23-3ae9-4970-ac81-83c93b03b6bc,10,43.34800265081196,70.64060452046562,2,0.14818557107153482,0.4762183998429562,1302,Sports,Referral,0
e6ce18a9-ebb7-4a82-ad44-123edfeaf51f,9,21.906783210342923,78.55212891977109,2,0.027230736099229297,0.28631819751822934,1139,Beauty,Organic,0
41ca42d5-59c5-4662-af99-ced3818c2c97,11,10.0,207.76658254585317,0,0.1471838464420377,0.4317538743554455,398,Sports,Email,1
34568d10-dbc8-4a6e-9ea7-2201eec41629,10,89.70531621784836,15.86306810692969,2,0.05950158800620259,0.6227972551830564,1117,Electronics,Organic,0
0eedabc9-c488-4ebc-8943-fc3cf64d69cf,10,43.3983055535998,5.903787932122622,0,0.07837652945387903,0.2307872033689335,10,Home & Garden,Organic,0
3df903ff-fa23-4d80-969b-713b1d0d3cbf,6,12.802488641433145,18.312927045374913,1,0.11020614655990163,0.2104039130853964,323,Home & Garden,Social Media,0
808adfb3-9659-458f-a07a-e31990f9cd37,6,18.845818201952774,7.865470109313955,2,0.07341951267252562,0.21583271005559915,1328,Sports,Social Media,0
96bbf970-59e8-44d1-91f5-52cf24cbdf30,9,76.48767171119523,11.157680578769869,3,0.12608184274662093,0.1963991476009208,749,Electronics,Referral,0
0ca456e5-7e79-4bb6-a1b3-222a7c956a29,9,28.77932482132116,24.398253776925724,0,0.214564728413411,0.49786461735568,372,Sports,Social Media,0
03d2eec6-1845-46d0-a135-77eed9671bc3,4,23.695941272351714,32.06518193718024,1,0.28547332644091183,0.2371917217370365,923,Fashion,Email,0
3ca22a2a-99fd-435c-9f8d-ef91f31737b0,5,60.37288761404488,140.43231343565012,2,0.15808185065550082,0.4090987344851369,849,Fashion,Email,1
d0458a1c-54ab-44c5-9e1c-5955e1598976,9,28.95510400210031,13.060693668894737,0,0.3025632201598265,0.5274076338833703,1157,Books,Organic,0
f004bd5a-cf15-48a3-81b5-9d95f2fbf5a1,10,88.564957082053,214.01877621609435,3,0.19572812737206208,0.41682249647551767,133,Beauty,Referral,1
17bd5100-f433-4a36-a5bd-b05fd2465d7e,9,23.803670860973746,99.69227399914162,1,0.23887276078821135,0.3492210307227177,1495,Beauty,Email,0
94f84ca5-d343-4cee-9013-73ee42fa4a91,9,20.982831340837357,127.95605472296533,3,0.18062098222702325,0.18364933930685395,107,Beauty,Organic,1
6216f04d-b6e6-4a38-9118-0c62d1b79a51,10,33.55794128778117,159.08090476919762,4,0.11681913403216324,0.5033898360717991,828,Books,Referral,1
d8f77f0e-cbb0-49f6-8218-9ea8b3e0a05a,8,71.64633250354832,83.96063556549609,3,0.2920757601937721,0.4806856287160226,1296,Sports,Email,0
70058d20-5d27-4d09-bdfb-ccbf01857eef,12,40.4315539912922,93.2912542483149,1,0.14163974733912632,0.18629577304386852,629,Books,Paid Search,0
8e43c7ab-febe-4ae2-9004-a29a94c8a688,11,35.97542666200411,34.5558099417194,3,0.3460927690362872,0.3094592267052029,1661,Sports,Organic,0
ba61145a-eac5-4d7c-819e-f95bbceb1b5f,11,17.358647232678777,42.85614939321125,1,0.08523448330084811,0.183512273459964,1378,Home & Garden,Email,0
ee0b9ef2-759a-4faf-a6c6-02e2b45852d2,10,15.433600867187746,161.72470827918505,1,0.44663913872327254,0.2190609225457127,778,Fashion,Paid Search,1
c16c74fe-ce7e-4b50-9fdd-6b7f2c769acc,7,71.70931028242153,28.51360225615651,1,0.11818202193746705,0.5491311927743928,336,Electronics,Organic,0
6b80d964-332f-4034-9911-2c2f2b82c49d,6,77.99727438423204,2.571135312838748,3,0.07892249322339719,0.2549005507658381,80,Electronics,Email,0
5b711e10-f317-45f2-a168-6d1718741f2d,10,76.01084994608729,86.31955957664219,0,0.17065008082546626,0.6033804806084854,1463,Home & Garden,Organic,0
5d1c501d-04cd-4b4c-bde8-7a75dfd206c5,7,62.354786932055816,51.08041282241703,2,0.1437543793808676,0.1628220612795125,355,Beauty,Social Media,0
7907d6ba-2a50-43e1-b4b3-1d8dc30b4050,6,47.33326917000962,101.2037522850618,0,0.3819879761278401,0.3995548408730465,492,Sports,Paid Search,1
b1f8e831-5ce0-4cfb-91b3-b7096352c88e,9,46.75717152003561,4.713460981831816,3,0.09590080308859715,0.3055684863805637,19,Beauty,Referral,0
2f778418-a51f-49cd-a2e0-80369852c2c5,10,36.85069928022612,58.249882403406836,5,0.224091441853344,0.40228179220745885,34,Fashion,Referral,1
2ab771bb-ab42-4dac-bff6-1e5d0865a236,13,51.91759415298987,17.077675505951934,2,0.34307850394490114,0.6056824697981525,421,Sports,Organic,0
b94d7945-ffa6-434a-afbf-d490168c47ca,9,32.02918422288598,140.14902940204746,1,0.10122152840832316,0.1469315504966203,1593,Sports,Organic,0
2f897335-d366-41bc-9a81-a25c25acc9a2,15,51.80138064030528,6.985957804442193,3,0.04656312139420522,0.49088633105705903,1425,Home & Garden,Social Media,0
34e4ea35-e9b1-4a9f-8c13-091fd651bb50,4,68.99595283849273,111.11704791309111,2,0.03868250223828793,0.1694789089837006,1405,Home & Garden,Paid Search,0
d7c2edb0-1a25-4fc9-b9f9-6d3a1b585238,7,12.107070649696775,5.563392364641012,2,0.1682338882481146,0.32572403112087406,1509,Books,Organic,0
31ae996a-8c7c-4ba1-906c-138f3bd5907b,9,79.60294819583117,1.5250598856962903,2,0.2160005977016544,0.4378654092464566,341,Home & Garden,Referral,0
013c2fd7-db71-4ba4-9d41-e351e4cba0bb,11,31.618763240942933,16.077428070159034,3,0.39546210438065615,0.3183114286931492,1786,Books,Paid Search,0
593a4fb2-7283-412c-961e-99ac20563c84,5,106.33132077434824,24.301920797837308,4,0.1535393608926087,0.06186468782692947,424,Beauty,Paid Search,0
7c49fdee-8fd1-4e59-999e-34386a532e4c,7,91.50310949620922,59.094858620398,1,0.0582143963694358,0.7406618555999785,274,Beauty,Social Media,0
540cd469-0f05-426c-8100-101f6c7945bd,10,14.518133088990798,8.474779829970352,1,0.048203583070002866,0.35384923545391495,538,Electronics,Organic,0
a38f782a-5ce8-4ac1-9020-b1c8b6b966a9,8,33.13227498253394,34.50371101899849,3,0.15814410116806624,0.6730889779349782,968,Books,Paid Search,0
66e7f6c8-fcaa-457a-a334-de892fd0b4fc,12,10.0,13.709238384210487,0,0.4356569167435383,0.4851285046145749,227,Books,Social Media,0
952866ab-da3e-4954-badb-27534712d1c9,12,24.316093502235837,115.98693601930795,3,0.1499236857310454,0.0676177413305396,1348,Beauty,Referral,0
07559e40-4c26-467f-b1f3-8b6ae9c05655,9,44.017693852609554,2.760532134497673,1,0.06925991951469186,0.5037515594865167,678,Electronics,Social Media,0
8eb97cc7-4fa9-4421-841a-d06c39ec6427,11,65.2067797008416,26.397591591844304,0,0.20520494260305702,0.14018669756513763,1037,Fashion,Social Media,0
9d02155c-d4c1-4cd4-9ffc-07e32c096e3e,9,35.00142922665949,59.87837496028412,1,0.25010640792367916,0.5900438428215128,1340,Sports,Social Media,0
9d9b6f13-df39-4965-8f3a-00eb01628e01,6,47.1912108435823,146.57167290805586,0,0.28312520684692566,0.10545877466596595,1646,Beauty,Organic,0
33a87cf3-0797-4ddb-97d8-25b606d4fe81,6,18.878997846908135,121.49421177363554,0,0.14549641961557178,0.3996018057004539,1495,Sports,Social Media,0
579a6930-2496-4c7d-a051-f3f6ccb6af9a,13,32.615399440987645,135.33751017143408,2,0.03497860506885699,0.5294572644490161,981,Home & Garden,Referral,0
32c923bf-dbc4-4df4-b4c4-93c8f452bbd6,8,20.65326204826774,3.894926325436461,2,0.24222474447264916,0.3063208286367932,1808,Home & Garden,Paid Search,0
3bcc7956-7377-49e2-80bb-348ce52090da,14,41.51466558451616,110.30211365316782,1,0.19046595695142918,0.07813105996391985,967,Fashion,Email,0
ba7f609f-ea91-45fa-bc62-3148688db87a,7,100.66340283257267,90.8238264783853,0,0.18606521309952964,0.543668370331274,978,Home & Garden,Organic,0
94259389-def6-4a88-b602-9625a3987655,8,31.640901373858295,139.6321268109998,4,0.3614311303623285,0.23206239531828324,290,Sports,Email,1
ad921e1c-9d55-45ab-92ec-1e1ac07a0647,13,11.057664981903839,22.401044401092573,1,0.18060516591808762,0.3353861744325767,272,Beauty,Social Media,0
7265fa35-0ce1-4441-9ae3-cdfebe701daf,9,38.745747426462344,145.6651664233902,3,0.13815046281242457,0.5938611619468185,308,Beauty,Organic,1
0fda306d-ad55-45b1-9e65-2293b02e0918,13,58.22696696818085,30.914228923573262,1,0.2506861827591942,0.1994168839626359,1080,Books,Referral,0
ae88cb10-487b-4295-99d6-aca159a4e18e,4,15.888234173202507,60.32366085020376,0,0.14777250980846962,0.42174329368470154,758,Books,Email,0
aad01196-3d47-4ff2-896c-8e4294993cb9,10,89.43149597684753,33.1175049121119,0,0.26156639077641836,0.10608502543133623,704,Home & Garden,Paid Search,0
cac2a06e-fe4a-4b5d-b57a-edc073a38ca2,7,20.55138883356959,33.48011066673357,1,0.1864604023317554,0.4226146698093739,233,Sports,Referral,0
8498a346-5fe7-4118-8351-29db390d279a,7,18.02593990904519,47.4637314804893,2,0.15432762275397252,0.1355205204884115,696,Beauty,Referral,0
12a2ac5b-b6a9-45bd-b31d-d0253b00646b,9,10.0,26.396565264987778,1,0.27695485766662065,0.4634300639300415,690,Electronics,Email,0
143cbd96-5a11-45e5-a5bb-b49cbe644cc8,9,41.060210601756154,94.42600398648598,2,0.26852418446418497,0.5458215401392555,1133,Electronics,Paid Search,0
28bf64c1-f3ef-408c-956d-cd080c4e292a,7,141.56984727112425,60.24812224193131,2,0.1816084161603927,0.45492578831076536,709,Beauty,Organic,0
2565988a-9d0d-415d-8550-2f553d30733c,6,44.40712961945448,70.22372554218252,2,0.10331089469044073,0.5443221026247048,764,Beauty,Referral,0
930d5263-f5be-4774-887a-ec92a6a8e94d,10,18.405572448639166,15.762573861895925,1,0.22994481439875963,0.3165798437229668,498,Beauty,Organic,0
20cdb5b0-46dd-484f-93e1-01f737e4ed7f,12,49.92759610536105,209.55000731253097,3,0.07993843783378551,0.33476510538547366,240,Books,Referral,1
72187f9e-d088-4766-8699-07b9b57532fb,8,62.820567188359654,64.7596638103661,1,0.04611345617377059,0.6001177033935943,548,Sports,Social Media,0
aa48e338-9e78-43c6-9728-5e2612792115,10,83.80831154252407,13.178670645947246,2,0.14976738962793104,0.595894133878055,79,Beauty,Referral,0
3528a37d-8b26-45e7-a7cb-7c9998fadb7e,5,12.329789798250907,83.29543561383623,0,0.3893462075994626,0.19853764905376647,372,Books,Organic,1
5ac46107-43a2-402c-9aee-c09c6907b840,5,114.71465866735227,11.44886659937393,5,0.33585779906056235,0.406485303220802,593,Sports,Paid Search,1
5d9586c6-b736-4bb2-b1f8-842a9ba3023e,7,39.28162533416981,3.928971376068654,3,0.27599573202247096,0.4284002908534828,266,Beauty,Email,1
ecfa9729-9622-4844-a1f9-d25fdb6f2e97,5,134.63341585124965,44.98983276901464,6,0.12692874465332318,0.2326196211917013,1213,Electronics,Paid Search,0
4ee8fc12-840b-4392-a29f-860dc8b89114,11,37.50486174445943,48.382171730675275,1,0.13997100090524178,0.5361276324865075,513,Beauty,Referral,0
fd45b4ed-24b5-4958-85e0-567b4116cd60,11,52.53136550771313,12.566686670465979,1,0.26117750740415563,0.4249006761965946,1123,Home & Garden,Organic,0
5a88fb66-980c-4143-9776-63b601a70271,10,15.503993826688756,25.69752533528679,1,0.10822335085954794,0.4030737363626195,1175,Fashion,Social Media,0
a7df5ac8-2eb7-4aae-852a-31c3e2cdfa8f,16,72.8113996831555,174.87048183265583,0,0.14751929373896572,0.6440179142190561,816,Home & Garden,Paid Search,0
e30b702a-0b9e-4ec2-bfb2-40d6b832d897,8,13.991774455909926,20.128635402025814,4,0.02480731810584342,0.7086781301323974,820,Sports,Social Media,0
31c08d2e-2a12-40c2-8683-7d6a1d42c628,14,41.05952789467013,10.145468337280791,0,0.27084654131033437,0.3059320462850936,1061,Books,Email,0
b23fdb95-b0c7-4ac7-bd23-3968489ca98b,6,23.46636640756574,294.068863576937,2,0.08963312567681882,0.3793470726112992,479,Books,Social Media,1
2ae96d5f-b10e-4475-a84d-8d0999d0114e,11,30.861705027686277,21.598440195368525,4,0.14322718907882537,0.14888688794158875,39,Electronics,Email,0
12b8fb6e-e9f3-4fac-b1ff-c99c4d8492c4,8,78.89988883016719,68.41363956871899,3,0.30655212538399673,0.522861288459444,1177,Beauty,Social Media,0
237568ce-624c-472b-93ec-1b6591f7f760,12,24.927758754499457,15.803581760141656,2,0.3548638101291572,0.3371785660214915,1110,Electronics,Referral,0
a3e92dbd-531e-4cd4-a80c-51e29123c8fb,8,80.20132134160198,47.92662354774746,1,0.07440229383033486,0.10732695527196463,869,Home & Garden,Social Media,0
24b9c979-45b1-46cc-b5d2-d6c4b06b5d7e,11,23.913167342927238,29.293183074424352,2,0.1559761629195511,0.5881920014284682,1598,Beauty,Paid Search,0
0a720c35-dc78-495f-8899-46ede80f6d0a,10,36.77156264094802,195.5494734717873,2,0.014427172071239454,0.313516268322622,928,Home & Garden,Paid Search,0
15322b4c-2f27-4f7e-b98a-24dd81b08f53,13,184.90711476511896,34.02321965542752,1,0.026161901797296966,0.30643253486781064,554,Fashion,Paid Search,0
f52b32a2-4457-42fc-a453-bc5c7d7ea7da,6,36.50238470187545,52.64932910283052,2,0.18600291156794777,0.5408164525167224,1302,Sports,Email,0
e9198a8a-1f83-4ddf-afd3-e8cbb670fede,7,31.165431804802495,173.77088324175534,2,0.1565759672146465,0.5000998834560962,1756,Home & Garden,Email,0
a0745fc2-5692-4271-961f-0f0ee61e5c81,9,37.038500031904064,271.88340713825556,0,0.24274047892690329,0.2561398680269513,1345,Home & Garden,Referral,1
f0cd5697-1219-471b-ab38-f07367707071,12,25.426714724952223,6.432290523291861,0,0.20490419165914103,0.44966361359284995,1658,Electronics,Email,0
a2d3eecd-d549-4b32-97ca-154cf6cd0c9b,6,14.863603966547164,107.86208157604447,5,0.04350222845582665,0.2575136828813275,206,Beauty,Referral,1
6d7a9992-feb4-4688-8378-a46bdfc06219,7,171.9697439722689,28.887320472856857,1,0.24193836241391467,0.4421100918816841,221,Sports,Social Media,0
afb34179-01f3-44de-98cc-af4fb76746ea,8,23.92539907916549,54.20672121913664,7,0.11293244256617374,0.2640529052212474,283,Electronics,Organic,1
67eff22d-da3b-4564-97bc-81d3833991ec,11,10.0,28.204833511986607,1,0.18871724987785676,0.28506272197620436,1283,Fashion,Paid Search,0
74d51f7b-a6ac-407d-bbe9-c4abcb8404c9,8,29.244013104948664,30.761261946642207,4,0.30405683442825776,0.25692767423803,711,Home & Garden,Paid Search,0
b0a9d281-15ee-405b-86a4-87f314f0d6d3,9,44.057634450386516,10.37965410014709,2,0.13347946795711985,0.4176710215308523,872,Beauty,Referral,0
b26dddf6-02bb-4401-b86c-5f46bb03d638,10,28.04368622634404,51.025468770134545,0,0.16912210179773002,0.5562852088285102,478,Home & Garden,Email,0
e1a0fd56-7f3b-43f5-a7cb-2c6e652f3282,8,31.848959780514445,47.47417794712335,4,0.2884562864244365,0.3651272069099378,1343,Home & Garden,Social Media,0
0838b1e5-f584-46fe-8af1-36ed778d9d19,8,29.045909719196132,12.595561477508083,2,0.0913495137892503,0.2845176587682173,1542,Books,Referral,0
fea94469-08a1-48e1-87da-298d84f96d6e,9,46.5454583582575,46.81786114645435,2,0.27374386980444365,0.1847735391443,293,Sports,Paid Search,1
9f42d912-b479-4252-940a-2a7f770f6aab,12,63.763586719837214,216.9419388665536,1,0.39139960038297705,0.25484584361706336,352,Electronics,Referral,1
52e6c084-c054-4d24-94f5-581940105e9d,13,28.389767962024326,75.19158878981533,0,0.06137088291789074,0.49165635131768237,620,Electronics,Organic,0
e0e1c9bf-16b4-40b5-8744-8bc2ef0fbde1,9,262.8851063304709,39.349067549712274,1,0.12217471860362707,0.6676157101088245,512,Electronics,Organic,0
eea58654-4286-4ce3-8e25-50648f0becd8,12,76.1506271578374,148.6763285190183,3,0.18317860826499133,0.2853039152089098,970,Fashion,Organic,0
1f0244b7-27ef-4ccc-9cc2-8f33a1874774,6,32.97120822314671,51.384362766499066,2,0.2335551902131957,0.35775974636121205,1373,Books,Social Media,0
32677f59-0ac1-4a1b-a33f-c4b94d1bcef8,11,11.533459066644209,8.704875806916547,4,0.2490193333077838,0.3141117232134741,1447,Fashion,Organic,0
e4ff64d3-0181-4013-82dc-ee15ccc8b66b,10,36.28549693420093,47.57933023211731,0,0.15186777021252193,0.6342950358635983,381,Sports,Social Media,0
0bca198a-943e-440d-8941-3e5c2d4a4e35,10,63.50435707952431,11.97830216980398,0,0.1739316171443855,0.3988104062894677,321,Electronics,Referral,0
9417286f-8cb7-4678-851c-18d1197562fb,8,63.894937861089836,87.53315195935492,3,0.18669515366062706,0.20587291631754126,664,Electronics,Social Media,0
d897a052-8a88-4f92-8215-89cf79c491f1,10,10.0,204.99245537364968,1,0.03727917072453413,0.20910094937022172,270,Electronics,Paid Search,1
583d8672-d7c1-44ec-afcf-2482f8996517,13,36.317120198716445,26.854017578704088,4,0.4069849228683796,0.27910189357673265,168,Home & Garden,Email,1
6f3537bc-6dcd-432f-bf7d-479d41a87492,8,22.545390739753206,34.247052809165055,3,0.20316272718332676,0.31388478030906114,443,Home & Garden,Organic,0
639f826c-d4eb-4568-82df-5820ad347397,11,109.70083018322465,32.838637494863136,3,0.08284621006170649,0.37888523171013977,719,Beauty,Email,0
fcaed183-5460-42ac-8a2a-72091cb825c8,8,36.55958579107894,20.153542253320936,1,0.019852685982038796,0.26432432905805,1073,Electronics,Referral,0
4c2152cd-6683-43be-8d1f-ea756b2cde8b,5,10.0,94.8451864759812,5,0.2532699836103428,0.26418506126807145,1320,Electronics,Social Media,0
75e6b374-1db4-4016-898a-9dbf68f2c8d9,10,44.463187468889664,57.69742513909894,1,0.2752056969404172,0.05084589260550055,407,Home & Garden,Social Media,0
a1b14936-3331-4df9-9f5c-61bee920ad42,5,10.0,3.971693167999753,1,0.22595157896028942,0.39223317364537874,1494,Fashion,Email,0
0eae921f-e9ed-4dc5-b36f-e49a1084db71,8,47.46975031647585,109.50892492996834,2,0.18837161139255965,0.26735096912309414,62,Books,Referral,1
5342a0b1-ddb8-48c5-be9e-ecc04fc5dd21,16,262.3707537915258,12.42796204363999,0,0.1056390199284501,0.5792170870563877,810,Fashion,Email,0
1c4c368b-1921-491b-8317-cf072be5bb60,11,98.32486290777072,232.2274229852066,1,0.08122817822689478,0.40046542110248873,1155,Books,Paid Search,0
d8b1791f-2ef7-43a1-ad14-52c06f8361fc,6,40.733967011585555,28.360091907807355,1,0.14869807258385584,0.4687280161209186,532,Home & Garden,Organic,0
2a68e7b0-dc6b-452c-9c90-6e59846ffadd,8,19.53937571802638,57.49706211718888,0,0.06506339825841471,0.43318804073982187,1248,Beauty,Organic,0
cb2e681e-82f7-4b68-8916-8897a948cd2d,4,91.77429288476853,4.861126260346335,5,0.13944249684902074,0.5707739008740566,1582,Beauty,Social Media,0
3c517e64-c5b5-4963-bde0-5d3b9c934681,4,55.075904729850166,25.35636545986597,4,0.39822980102582217,0.17611488251994895,164,Electronics,Referral,1
50de0165-b926-4de8-aab0-de56d4a6eacf,9,26.7498152437775,97.27665069018215,0,0.09144161003813167,0.35245854173859575,935,Electronics,Referral,0
a88fa346-36ad-4367-8205-ea6b82d1b896,10,21.52020582501398,38.914352434791944,1,0.09953618425814788,0.3817178208570194,35,Electronics,Social Media,0
9a8a2529-7e70-4025-8cb7-b4c23ee31ec2,9,16.03235438253344,140.9827929798659,2,0.16943267532973255,0.23503281225521405,510,Fashion,Referral,1
538be81f-f247-49f7-a571-8ce31d8428d0,5,44.68988372561829,51.35951440635989,3,0.07748723018897614,0.31625280927331473,250,Electronics,Referral,1
40c0379a-c17e-4649-aa1e-570b24c9e3ee,7,23.726424342919373,158.3440839128012,3,0.2307151954358079,0.4720075301970405,1139,Books,Organic,1
f5b80600-1638-436a-8f0e-3a58f07839d9,8,37.8745078188112,243.1112762070708,4,0.1248146673176277,0.442398807210817,454,Electronics,Paid Search,1
78178b62-bd94-4d4b-8e56-0ad328855de0,8,69.56171282092814,36.296592446761935,4,0.4627660532175203,0.16449274816886367,516,Home & Garden,Paid Search,1
f5573e6a-6263-4cf8-9bb3-66763262dc16,5,23.257631235245142,49.96615497880722,2,0.5350222473124298,0.29957847277730115,376,Electronics,Social Media,1
95d7634d-98f1-401a-a70e-06a8f5cde2a6,6,55.483174962362185,108.07973824251778,1,0.22683279512012466,0.1485546153376611,445,Fashion,Paid Search,1
42356ae4-669d-4084-9dc3-0c9780f957b4,14,88.04634859816238,15.025721095663418,5,0.22215338823161176,0.14772884576493908,411,Fashion,Paid Search,0
40caecaf-ec03-4aec-a688-745d02d69819,12,45.428719613806706,118.66925652129818,1,0.31736484935097853,0.45492644902449436,1273,Home & Garden,Organic,0
f2fd6122-47a0-48cb-abfb-1f3d3506cc59,5,57.954214398670814,53.77754336172063,6,0.40146742300884963,0.36349849124206324,1744,Sports,Paid Search,0
35a99f11-efbc-470f-9df6-d1946ddc0336,9,45.70060783023142,77.56827067420639,3,0.049425609748170375,0.5541916905437813,895,Fashion,Paid Search,0
76a9ebd2-b30f-4380-bef6-d1353061d614,7,33.54908625583557,4.993377030478276,1,0.1641841159413179,0.5648312639356946,1096,Sports,Paid Search,0
d8e65388-c0f9-4965-8111-15e28fc2b7bb,5,64.69673070539797,87.19419308950106,1,0.26247256264681806,0.1804171920873075,1493,Home & Garden,Email,0
aee19aa3-0a33-409f-9eb3-56c4111b89f6,6,119.98554962114429,22.332286416004944,2,0.08150476924992478,0.07519980396427473,869,Electronics,Paid Search,0
9e054ada-e901-4767-8402-ee46059085ef,13,65.62738911284474,98.15685562498969,4,0.21116291032089232,0.2848543794748171,551,Beauty,Email,1
892e5ddb-4a27-4f80-be91-43bb02da5022,10,28.36353776141548,42.697312085764,1,0.21853707281677132,0.5173049626434744,1735,Sports,Organic,0
d01d128e-054b-4432-88e8-f6775de9b1e8,8,28.96330986934016,19.263108815119374,1,0.34610654354388054,0.3455206112618932,1653,Home & Garden,Paid Search,0
80e804e2-52f9-4e76-adb3-a7ae9fed3612,12,29.843142780448254,183.15047244456252,4,0.17504077761903655,0.47144761627316756,402,Sports,Referral,1
ec42dfc6-4553-47f6-9809-3a1a2d5f1aa5,11,70.66441044655228,86.90611933630949,0,0.13941178932082718,0.27800019926943614,1283,Sports,Email,0
7485b961-56d4-4226-91a5-6d42b02383f6,12,21.736834425894223,254.79134163694076,1,0.16984785507475703,0.4151163052684619,1181,Electronics,Paid Search,1
3b093f8a-a12b-4240-963e-6051e80191c1,14,14.592424279046226,27.197749361748308,3,0.054742843808134135,0.2794317167952153,1185,Beauty,Referral,0
e2e99108-b2e2-4a2e-aecc-1f04a04e22bc,10,48.18938250009331,62.855699277418836,2,0.04067271359627239,0.34479371156083316,1516,Fashion,Social Media,0
38fed185-a450-4035-8aa3-6f1e665f47e4,8,33.69381768595638,56.74142353671178,0,0.08785790009947951,0.4523596506479019,1230,Sports,Email,0
87932db4-cc1c-4cae-a586-14d522473277,6,108.31603587282788,69.79994386271618,1,0.29741445474677164,0.46029920502399163,945,Books,Organic,0
4d79ad7d-e7d3-49db-a09d-a288a99c5d43,9,10.0,2.3441971920670834,2,0.027442232975520408,0.32720127956569023,1544,Electronics,Social Media,0
86227f95-49c5-4bd1-988e-20d4d1dd3d0c,10,39.11350842749481,20.69488971879845,1,0.031050711953785882,0.21713163813145064,484,Books,Referral,0
94d6bab4-db23-46ee-af06-1fd8a60fa682,7,23.975156152103313,144.03673633197235,0,0.16676187302951628,0.429415637353532,1239,Electronics,Email,0
737443be-8ab4-4153-b1a2-6a9f758a3a27,8,63.321396932380985,33.08011574032363,1,0.35349070201379523,0.31895657338768524,1280,Electronics,Email,0
50e23e79-0736-4de4-9ddb-d1fa888a9aed,8,26.469828705633294,194.10592102603235,3,0.049002366849395795,0.5037347524049046,1588,Beauty,Paid Search,0
d3c95f51-34ea-4624-bcfe-a007b82d6f6d,11,20.887682504701978,14.409995422191002,0,0.018199967954346138,0.33710814707590614,1821,Fashion,Social Media,0
491b3f03-e038-4745-b1cc-ffba105cac64,11,70.01461866394308,357.69043057109093,3,0.20318851874731964,0.5446462150892567,1017,Books,Paid Search,1
4a7480d1-1812-43a4-98dc-89747af6c848,7,92.12894137781194,71.75649029531434,3,0.06989598458424005,0.24348352230740175,884,Sports,Organic,0
39384a4c-a1a9-485c-b2ef-3b339cb4a988,5,30.626187475734316,89.87202772625304,2,0.08922554245496149,0.266077194249525,1096,Electronics,Social Media,0
f9aad090-597e-4082-81a1-7f3ce8f42461,5,31.099771615415378,30.336472814017746,1,0.09915357764220628,0.4378989826592326,1202,Beauty,Email,0
35940f34-013c-45a0-82c0-16e51d664559,5,91.51148506167593,142.514586901499,4,0.43684102700363375,0.20831132067245375,1301,Books,Referral,1
d9c9d3d1-8ad6-4aae-8230-459ec9c162bf,10,83.68616955905195,47.3085445585315,1,0.03362426753973713,0.6550838754737626,513,Books,Organic,0
5744d9ba-2229-4344-aeee-bc0ac241cf63,8,75.57613434768136,68.5422617646791,3,0.3570366297910774,0.20688996594433642,889,Fashion,Paid Search,0
f011347a-c931-476b-8305-d03d5c46b458,12,23.99427587923023,5.97651017059526,1,0.14524551225961055,0.04659634507778829,677,Books,Paid Search,0
31dc0b56-c2aa-4305-a2da-67981aeb4f57,9,19.55488404396859,59.928303383756905,3,0.12749574766597568,0.34625040333200435,71,Sports,Organic,1
07b198d6-edf7-4555-bc36-40e0c37cb7f0,13,122.64757267521384,126.75706452625204,2,0.278710560729056,0.41521512972387287,1112,Books,Social Media,0
b8609a8b-b95c-4211-9540-9b299a7e5bab,11,53.93440599996336,11.781570190428853,2,0.17045081395507478,0.5450497209238749,1596,Fashion,Organic,0
d3dc1396-dafe-4c30-b543-9d01eed63e28,5,18.298470117263424,80.30191625634741,3,0.1772829872689319,0.41673175582346184,1681,Electronics,Social Media,0
e3154559-b38f-4c72-9f7e-d875266d7b04,4,30.414321579198813,1.543735640915286,0,0.16951247828366772,0.6127367779157613,944,Books,Organic,0
7395ccd2-014c-4074-87c1-11f7f34c163b,6,35.44483872450141,156.38624538251932,2,0.31577630087033165,0.23254177934628792,1397,Books,Organic,0
abaf4a64-ae52-4804-9975-112dcd2f4383,11,30.431653350930784,244.1806952545352,3,0.35913163508720286,0.2341005581289453,1300,Home & Garden,Email,1
01611d7d-9aae-4fa9-b2b9-ea95e78e8615,6,26.211377692323023,26.23407331371585,2,0.19057314290714986,0.40174994603581726,418,Sports,Social Media,0
fa9eaf20-45ce-4db0-b27c-0c4e79fb517c,5,88.63097694391976,6.795083998485986,4,0.11970691525343805,0.40774105709076613,115,Beauty,Organic,1
22d48d55-5642-46e7-bc94-07859fbcc33e,11,50.537887760834835,64.47787503839913,5,0.28227623483813885,0.36543747772167284,1365,Sports,Paid Search,0
56e6b002-8f0a-4c6e-bbd4-59c9619ad4c7,7,200.86831608236815,1.8173170838544048,3,0.09012711956493294,0.31883225357044404,516,Beauty,Paid Search,0
19fa8077-b922-47cc-a9ed-f6bd6f0fe3ce,11,92.60166158923914,39.52315467739991,0,0.25071531700391647,0.11710497781633859,1003,Beauty,Social Media,0
28d6707e-0765-44c0-b5d9-d939956f4c7a,12,36.93092477073093,19.029056755584136,0,0.27058450536923667,0.2583766914694386,956,Sports,Organic,0
5c138157-e6c0-4616-babb-97be4e8c47c6,6,102.89259454073706,38.471898217444064,1,0.16329508401990997,0.6220502955938477,1492,Beauty,Social Media,0
b5369500-6dd4-437d-a880-5f03ec3b0e0a,9,43.915234105613166,1.1066744940027013,3,0.28135029099242354,0.35721891751363927,1176,Books,Organic,0
e688d066-f3af-4c90-99d0-59e118def552,7,229.20881785671446,3.1795062476150617,1,0.18869353267286115,0.17320746990647265,1546,Sports,Email,0
69cd303d-8ebd-4607-9bad-6ef2155f7cd1,10,25.739973988125797,0.9662890828814223,1,0.11932710050447567,0.45541464335479936,1373,Sports,Referral,0
2f96381a-27e8-41af-b71c-85eaa3d51291,12,47.581114756409605,57.918124762589485,3,0.14677138155186872,0.6083160248619272,1824,Home & Garden,Paid Search,0
b6a9a66c-5ed1-4998-8851-d99fe8caa46c,14,20.47975202122641,49.27150505431794,3,0.1883969753383963,0.5212413190163908,1576,Fashion,Social Media,0
c74ebdab-fc37-4eda-9fd5-767e0145b5ca,5,24.413830548472493,15.928469659161342,0,0.1384368328560059,0.4550958832391632,386,Fashion,Paid Search,0
347ee047-d093-43ea-9932-77a530995ac7,9,25.201020774014797,62.41660598721169,2,0.1919404255724923,0.25961896675318186,1754,Electronics,Organic,0
8824be12-1f10-48e2-a3a6-575964d93066,6,89.03142211438467,129.35720299762573,2,0.09999235272784385,0.5662065254254655,621,Beauty,Paid Search,1
b34afe94-8127-42c9-a1ed-62e6e5043f63,12,39.11185419969533,19.487499741057306,3,0.22012916152987788,0.2350231077115443,1109,Beauty,Organic,0
9baa4071-71da-4081-a330-163440902028,9,10.0,107.02526654369656,1,0.5563543928673662,0.5243604826149949,1718,Beauty,Social Media,0
45b8a887-19aa-43e2-a0bd-488ab14f4976,4,35.692018835889094,65.1730103203221,1,0.1130617493417501,0.12056197415960618,391,Beauty,Referral,0
7a42519f-daca-4c9c-b3be-4150b02bbdb8,11,15.193879026234036,2.064335124601039,1,0.31069157168495737,0.612343978661752,1564,Home & Garden,Email,0
d67532bb-7604-46aa-a95f-e53b0120d5f3,13,23.276974693300517,28.21460948024654,1,0.10137277714213398,0.5333998024776916,1739,Beauty,Email,0
58bad74a-a6f7-4b82-a05e-02cf9cdb8121,8,83.13777802554128,42.52699323010904,4,0.12298206330183113,0.32118239165817003,1558,Beauty,Paid Search,0
b0f1507f-c285-449c-9db3-a504c9dfafbe,9,11.3048658773417,78.93879014266696,2,0.15401550294267116,0.5764953926232985,1495,Books,Social Media,0
262330df-de1d-4638-b31f-c34e15264294,3,12.397279290185232,20.307419189375874,2,0.18140604462566637,0.016052688078291587,483,Beauty,Social Media,0
09780eb4-64df-43f1-8ea8-1a34fcaf6f54,7,10.0,243.52742751138402,4,0.053189473656874826,0.18989976895431449,743,Beauty,Email,1
e4b660ca-0df9-4ea6-b6bd-eb2b8e51c1c8,3,24.28993142676075,69.22335391986087,2,0.2531174807419445,0.24226834276607073,1387,Electronics,Organic,0
a5c8dbc8-bdad-4765-8b2c-154ada67e578,12,10.0,27.990697013225372,1,0.07608109562246483,0.5486721620295097,216,Sports,Email,0
1620b822-7a05-4c77-b9da-9ca7afebb782,12,10.0,6.123627283030016,1,0.2459582740862106,0.35083941711198724,1621,Electronics,Paid Search,0
811e7366-9126-44b2-9f80-ca6ed5ee170a,9,27.554356692568405,12.007219902930022,8,0.04932448163770947,0.2548539926836893,384,Fashion,Email,0
6a9178e2-dd4d-44f2-b409-e6dfc7a2415e,15,42.56228208308601,40.119891216018246,0,0.07871429863224443,0.21025282680495155,1031,Electronics,Organic,0
5fd4663a-2e2a-4441-90be-e8bdf947d195,14,15.976191478820825,40.95562644511543,3,0.05638157873595921,0.24542201694501978,192,Electronics,Paid Search,0
017f89cb-b7b5-49e5-85f5-0119b2ec1499,3,44.207050351984634,87.5883852518618,4,0.1170407657398907,0.2724874997559868,338,Beauty,Organic,1
7d5f16e3-2d0f-4754-9fc6-67bdc8383843,13,36.18111464111094,77.71631995961874,4,0.07585206086064197,0.27275312513417344,1068,Home & Garden,Referral,0
d93f56a4-d805-41a5-87c3-9193ee49c933,8,51.015099517787505,13.484167015269644,2,0.16372916133018128,0.22488882217270528,1158,Sports,Paid Search,0
05e04cd2-3787-45b1-a26e-85fbc1306629,10,14.403494475745033,54.22566647272541,2,0.19719531297465984,0.15318081401231715,493,Books,Organic,0
7556af97-8c51-4ef9-a967-74859c880090,7,161.9298197730545,1.2502439547481945,2,0.09776900827200206,0.42821111970788195,218,Beauty,Email,0
93e271ba-c725-4547-b21d-a59e3f23e498,9,13.310079703955108,30.504452918484496,4,0.12315519704458991,0.3550006472798679,1003,Books,Referral,0
256b7ebe-e5d6-427f-8a4b-074ef344601d,10,20.078959027381888,86.66217048242336,2,0.38980491890595925,0.2999321340748974,1534,Home & Garden,Organic,0
81c4262a-e8c3-4214-84a0-1ce9e4fea689,8,49.997829464923356,30.600416867075108,1,0.1733928752372371,0.5561836748885314,368,Beauty,Email,0
774191bb-bf77-430a-b82a-947ee6bfdd17,9,36.38826941594856,108.32579546205076,2,0.17170195824809398,0.542402225057149,1262,Home & Garden,Referral,0
a9234fe5-d4d6-4d32-a837-c7d58c13a761,7,65.20493222865753,224.17157366632608,2,0.16956689379476592,0.12266366242048449,704,Beauty,Social Media,1
5bf3a98e-640d-4809-99da-1a7184871929,8,25.843749885731842,56.069207236903495,2,0.13024673589229077,0.152668628977251,1721,Beauty,Social Media,0
81a135b8-f9ce-4738-bce9-97488d7e11ba,11,12.410722432340792,9.399514662475166,0,0.09325956397707658,0.35703965068243176,151,Books,Referral,0
2bcda296-b2de-4436-952c-dc60c946ca3b,10,10.0,28.650918240864193,1,0.2806088529396545,0.3737238551999947,73,Beauty,Organic,1
d750b26e-2b9c-4a80-a9da-c98de61d706a,10,137.50898480222895,0.571716504578313,7,0.3487287496469745,0.42984533930790403,227,Electronics,Organic,1
9e80c2a2-f88b-42f4-a18d-338394bbd3ed,3,25.987251761246988,55.38773209980656,1,0.05639013478357408,0.11332389749580664,1428,Sports,Paid Search,0
70739698-8597-4e6c-94a6-30ba81a70243,7,28.96487170586786,103.41303062241651,3,0.18811916176771531,0.07914085251793315,1684,Books,Organic,0
581e9ea5-915f-4477-8081-e5e7f6545ad1,10,139.92591884051242,59.645420255971594,1,0.37502286176308713,0.438111807788843,1501,Electronics,Organic,0
d4d40b49-78df-4d88-bd2e-73d12fe2a1f2,5,22.338812335595325,92.53093711632263,3,0.5873880200647308,0.7438424541249744,1310,Electronics,Social Media,1
a3eddf38-512e-4cae-b23f-34462691c2f7,14,33.76394165217695,96.53745984907219,5,0.30513442759773785,0.32231294163684776,106,Fashion,Social Media,1
ab35ed0f-d4ea-4578-824a-030dd7e89dca,9,14.49727602967901,114.2336028445776,1,0.17762417371203343,0.4147348121445544,390,Home & Garden,Organic,1
5553e1fb-50af-4cba-a055-5c251e7ea95f,12,11.59011317755955,18.60905976213051,1,0.25322794841446467,0.5548712981943312,1707,Beauty,Email,0
18f4c258-8123-4d4e-8726-2ec90dea1a89,7,150.17803802208576,123.00159698126772,3,0.37236686257054624,0.38095395011006644,1136,Beauty,Social Media,1
dd3d71af-7aa1-4b00-a4f8-f5a3d5ee14e2,9,151.85216007579447,63.695292761621864,3,0.017136897965418712,0.5027399120990513,855,Books,Organic,0
55b537b4-17d5-4c8e-9ab8-249cd4af410d,8,74.95114980819488,20.526230617581245,3,0.12817151933439713,0.4945883008759907,1190,Books,Social Media,0
5a185393-3300-495a-8060-c294927d1296,12,72.96723030182028,261.9442338032391,1,0.05157827649157944,0.3256322302599536,326,Beauty,Organic,1
02021ac8-5f01-49d0-a266-322d5f73f9ae,9,60.55152997452165,179.963209074431,2,0.2844508278407978,0.2905896994029582,1629,Sports,Referral,0
51e9b577-ce1e-47ea-b8e2-b6bf7cc69203,12,18.330421394312605,51.26109844315163,4,0.07349515821615356,0.46190831006051697,1198,Beauty,Social Media,0
0ceb6910-c194-437a-aa68-e82a0b93cad2,3,41.78690442475696,111.17025636984869,3,0.3463532600128111,0.5600206133394828,860,Beauty,Organic,1
476d076a-02f3-46ff-9964-094cebdea960,6,22.13091812151298,18.18760285412378,4,0.09499356509092952,0.2834270439964039,835,Books,Social Media,0
1b1fd631-3f6e-4801-a15d-a44608852f4b,6,10.0,32.27505891130451,4,0.30663314390893537,0.24800347992515182,1501,Electronics,Email,0
35358f7c-8b1b-44ea-90a4-45a99a4a3970,7,81.0783311965095,12.198379061115583,2,0.3133036365062247,0.29882932559908115,562,Electronics,Referral,0
06fcfd79-922f-4e4c-a6e7-35471207a5de,13,51.61023712944258,44.05098220547473,1,0.24541080740673052,0.5027527626803737,251,Sports,Organic,0
40cf8b2a-d2a2-4945-a137-a57192ab0de4,6,11.544678328702728,41.11091090151446,2,0.4582646332813641,0.5583786634398592,339,Electronics,Referral,1
dc2793ab-eef4-4675-ad2e-73d7f589bca9,8,24.822982285597604,14.35738407945308,2,0.048808630254005475,0.22025021324972646,148,Electronics,Organic,0
0ba10091-408a-48ef-a24c-1871c80d6b48,8,76.84207258007258,67.03133103965303,1,0.3668169136848838,0.3764483757991898,927,Books,Referral,0
ba5b7d02-6ba5-46bf-a08d-5030339f6811,14,36.802000044749015,7.519529463632856,2,0.12432215096857294,0.3392861781943535,1236,Home & Garden,Referral,0
e017cdf2-3e56-41f7-9889-fca508494093,10,10.0,3.8205864386073514,9,0.19422065194250968,0.15305427823805315,1704,Books,Paid Search,0
13ddd075-c357-4683-b4ce-54e7abe2b712,9,12.546600226220425,29.158710036768348,2,0.18673878545943334,0.28539681228262537,1370,Fashion,Organic,0
a0750d3b-2677-4380-bb57-f78ee44876db,9,146.324586680005,31.64014796211833,3,0.18626152725905976,0.3024532486217303,1064,Sports,Social Media,0
1502163b-9488-4bd6-947c-9cb26084dcd1,5,34.90702872967516,23.116865553556178,2,0.14436973335167141,0.33442667382327806,1576,Beauty,Social Media,0
32b26fc3-303a-44c4-8c08-68aec236d977,11,77.23195314806287,17.900047283413,1,0.136521301647831,0.5387535378226499,1628,Electronics,Social Media,0
41cba6a9-9b1b-4d9b-be66-7efda1302121,14,144.12353332144062,24.819788269653184,1,0.074795980445259,0.36857221921345384,1300,Books,Referral,0
9b3eb91a-7999-4172-a2d1-4f63f8543c9b,7,22.9407662489002,10.702801415655633,1,0.04906599698385836,0.5560067674187116,103,Books,Email,0
f50da8e3-02cc-4daf-8a42-90b556264b86,10,43.888012050163674,30.995781461383533,2,0.22263420960570368,0.4560362942762834,533,Beauty,Social Media,0
9a172a01-2f94-4673-9c32-5c84cb2e483a,10,10.0,140.9827237782725,2,0.3805190179870446,0.19471149532812543,614,Beauty,Referral,1
2a3597de-b77c-4f0f-8bdf-08c4441ece48,10,20.375891486984997,15.249180888753555,1,0.1213268623604878,0.2581560516192694,1820,Electronics,Social Media,0
c657e039-6afb-4382-9dab-0d9a2b83ce1b,4,52.48877696518531,69.20649784328657,4,0.03781152274612676,0.3724960464218554,847,Sports,Paid Search,0
dc565f84-9d7f-436a-b336-6fdcb4b81e19,9,28.39837176557552,9.17400345872605,0,0.1460559413866233,0.23273400452428464,1390,Books,Referral,0
5b1aca88-7f01-47c2-9592-b8bba73492c0,10,47.53680215260324,26.208674446160124,1,0.18837414737449884,0.4782147480319921,1485,Home & Garden,Organic,0
c2c570c6-20bb-40d3-83d1-9a8589f65c2a,8,69.67918782393632,23.24349559887968,4,0.05642465235259448,0.3655394973655159,1192,Beauty,Referral,0
8e4eb11a-9701-4c3b-965d-f60cb333154a,7,51.8423762456992,165.90523436291465,2,0.22577785994677496,0.2678718419357093,34,Electronics,Paid Search,1
a2f004fb-7e78-420e-a477-53024fb0b41f,5,43.148954173587825,33.515095027112366,2,0.16332434268087487,0.31287708682448984,36,Sports,Organic,1
d565cfe0-f253-46f1-9d3b-df168e2e432a,17,38.57823456729728,70.36122939980893,2,0.09106087708210323,0.5044763951199301,1494,Fashion,Social Media,0
22039ba6-6a01-4da7-927e-c65996a4b73f,12,21.019183918223945,55.348007215689265,4,0.021912264063757878,0.5686521527149621,1349,Beauty,Referral,0
a4e4a1a0-1ee1-456f-8b37-befdd33e2234,10,15.816254793722038,9.121282175025723,3,0.2100037744672307,0.38730060842330327,978,Electronics,Paid Search,0
80f81157-dccc-40b4-a8ad-3590b4bae07b,8,97.95336537578208,168.34684497854485,4,0.22314875202956955,0.6638431721740917,454,Fashion,Organic,1
89d18fd3-cc3a-4987-a093-0a61ea3dceb9,14,62.42281466772993,25.466885276786066,3,0.15058753445345663,0.26735573464923423,159,Electronics,Email,0
9a0410ac-901e-4b00-899c-eafbea01ee09,5,17.613867961948873,2.7474563949126813,1,0.2997944447466474,0.6820196757475983,300,Books,Referral,0
13c287d9-47ef-4585-b71f-c7b3cdf14c73,11,34.857717517457885,21.438540710254223,1,0.3152115486052762,0.34454378816747067,1059,Sports,Referral,0
46100200-6327-477b-9dfe-086044776ee9,9,10.875209225582582,24.535299836621537,4,0.10346443262150935,0.3654740493392283,996,Home & Garden,Social Media,0
5ea71480-924e-4492-b1e4-bd183a3be2ca,9,22.59401239240176,5.839924955366202,1,0.06600933132539945,0.5665524799051096,1717,Fashion,Email,0
bba5bce6-57a2-4aec-acd3-d5c08f41ade9,6,50.83385266355511,58.05147426805856,0,0.28510533675078237,0.1322996573098242,1747,Fashion,Social Media,0
a9cc0469-ccc5-4d67-be05-53f039a50dc8,10,40.77882825878393,25.54902724604488,0,0.13201509754033863,0.46706020958570144,1051,Electronics,Email,0
040a0ba9-0ded-406c-8822-b295f1282bef,6,36.32911176456779,59.514966150541454,4,0.1820795322301935,0.47192716554732494,1535,Fashion,Organic,0
1c08ac46-242d-44f6-a776-e89109dcb97c,7,16.33167500301434,0.40580302757901593,1,0.4579363594875383,0.406704286955887,1482,Electronics,Organic,0
8eb9c074-ed38-4fbb-8db9-1133503cc5e6,9,13.885426830379037,241.20455851857255,1,0.265220868403639,0.13394859579755938,1373,Electronics,Referral,1
3c5dfa5b-20b5-418b-82c3-597ee895cf86,6,70.80915738345999,11.217113430970743,2,0.07307229187308088,0.5234117544621628,798,Fashion,Referral,0
14c1b210-6e6e-46b1-acb1-af754abf182e,14,128.36597521846298,64.61063451411884,3,0.0738983216425225,0.2235595525932388,711,Fashion,Organic,0
8f01ebbb-6d3d-4b95-a104-22e2432a5afe,12,51.4169693036426,75.48131001582117,3,0.21565317858152253,0.3914559600007259,482,Books,Email,0
e65c1f8d-f718-42f1-b643-b26b89cb035b,10,28.851426210798113,11.29615373269968,2,0.2619992191225336,0.18975418355309168,1710,Books,Social Media,0
e9162d8c-37d9-491f-b10f-20e1c59068d9,7,88.23702763961468,7.107574909641777,3,0.08238930171455953,0.673052925563152,1522,Beauty,Organic,0
57539c43-c4d9-4598-b94c-3a2549703a27,10,16.88243669127591,9.933331541910956,0,0.2607481813520817,0.3510589705161365,324,Books,Organic,0
6544d293-8a74-4d87-ab49-6d995b25b7b5,10,76.89568720697007,17.00692321231387,1,0.2542418733983728,0.6545821534082945,461,Sports,Paid Search,0
bef904bd-96c6-41d8-a7de-a6cbb215905d,4,20.546786642686225,11.052111903453525,2,0.2892291414645876,0.5689774908131222,1061,Home & Garden,Referral,0
42a31bb1-ccfe-4dc6-b3ae-96c3a80c600b,8,21.369920092245255,67.25136838881262,2,0.46931528865261035,0.2767304819659805,755,Books,Email,1
9e498651-dd83-4118-92f2-a616139b50c2,9,25.375058201663524,32.769885985739684,2,0.2298180578814152,0.624874735293758,391,Books,Social Media,0
e1e7b43c-d398-4064-8116-0d5654d52df8,9,30.54024085146585,46.30436372941047,3,0.0429198147889241,0.3144232646678831,1444,Electronics,Paid Search,0
77c127d5-6a3c-4d0d-a361-21ab4a49d49d,8,68.85140143720717,2.9096301797087953,4,0.08794194595390022,0.23412788314972646,3,Home & Garden,Paid Search,0
876b77d9-5afa-4ad8-a452-d877b830c7f5,7,11.664319896633145,118.50444319413461,1,0.16041058827580332,0.07277371054781136,627,Fashion,Organic,1
398f0acc-e562-47e2-8bb6-c141f5c0239b,6,20.41907826743229,11.221106023122331,2,0.09125283050566126,0.6183821855080853,1696,Sports,Referral,0
032c0826-bf69-4e4f-bee4-283da78728a7,11,39.162494145186784,26.791508931465025,1,0.2001191451664709,0.08563415257754958,1388,Fashion,Organic,0
f9b3e7b9-155b-42f7-b884-33bd5816884c,6,51.741501984435075,4.477053614864355,5,0.05642006872737517,0.356746897452581,732,Electronics,Paid Search,0
4ad3ce4c-38b5-4b85-9a7b-07510e6ac003,9,10.0,8.82605470180368,1,0.10802227451473195,0.5906188472374568,1695,Sports,Paid Search,0
6e6d4992-68c9-48a4-b170-5b6d666e2cef,9,17.596140950348286,65.7608338403785,2,0.05296717651420989,0.36383749411719196,1644,Books,Social Media,0
6abfc5ad-addc-4d56-a92e-27758e3f327b,9,10.0,70.77378995602973,0,0.33793812942263934,0.3163637121636394,96,Home & Garden,Organic,1
c34b502a-9c5e-425c-8200-ba65e26b83cf,7,18.924023923733213,67.79976616340578,2,0.14333381668296627,0.2167281439604884,234,Home & Garden,Organic,1
c840771d-937c-444b-a34b-d8689f1d29bd,9,23.339115132801993,48.196045392197576,0,0.3496355423830661,0.27007475413880805,707,Books,Email,0
c2b70d4a-b373-46f5-9ed1-fff6e53156c4,8,49.51130288062922,182.84890538645317,3,0.24660383048482085,0.4146632429753891,1696,Fashion,Social Media,0
0fe29085-3829-440e-a042-44b4019ddfb5,11,10.0,42.45633131962658,3,0.1628725287003138,0.17558996091558982,1540,Fashion,Referral,0
ed535c84-e063-4d1f-8ae3-319f834e1336,8,55.84694829705365,35.806112047596976,1,0.22215469062067883,0.41638259785905785,88,Books,Organic,1
37b3ed17-2c85-480f-a9ec-6491be2e34fd,9,22.032407796595546,17.064890198430657,4,0.07164276723824213,0.7217046783152659,935,Books,Organic,0
565c5484-fb7f-4581-ade3-1dc948a60b5c,10,25.211011375138312,6.24498187043007,3,0.11194599468769023,0.22607105678903908,1314,Home & Garden,Referral,0
2ffeda57-3a98-4c53-aaa5-6d11351dd928,9,72.02667085987886,47.6649553991578,1,0.3375718492600372,0.2832994417452629,504,Fashion,Social Media,0
cb917bec-e593-4758-8021-94970096b4f2,7,97.11642161347866,22.690568530264766,1,0.288258417412985,0.32394927301279164,1318,Beauty,Organic,0
8b04c7e6-c167-4fba-9efd-19752a45c48f,10,19.607409663196716,44.54344513218566,2,0.10928368798881116,0.22198406051416578,675,Sports,Referral,0
74834e03-f418-40c7-8d77-b3adad51f55c,8,19.501978549686314,13.849308096136246,3,0.09237156727306707,0.4064732509089529,500,Sports,Email,0
21ff3796-8778-4362-8a19-912dab8c7234,9,24.943721862482708,109.27352340168638,4,0.38447630523661164,0.0840603313096544,717,Electronics,Organic,1
90e3003e-d640-4abd-a23f-222cebcf8304,12,19.425296533614837,365.0,4,0.0918348745127707,0.6153231198925169,1735,Electronics,Referral,1
f17ec5d5-f204-4e86-b0eb-6a08522248db,8,10.505804329568335,23.35219895297937,6,0.25417367040744715,0.27686709443109403,1652,Electronics,Paid Search,0
eabb320f-83b0-42b2-aa08-5433a80916d1,10,32.29338724710218,110.83415173380124,3,0.21880154942596972,0.615935145223925,1668,Fashion,Organic,0
e4a41a72-0720-40a7-8087-a56039304203,9,19.53127476026793,123.80754217300822,1,0.06799486725497322,0.26523673093644723,1674,Sports,Email,0
faf85a61-0e22-49a9-a03b-a4ec0726a4f7,7,35.81206769202846,332.404822705897,1,0.15025075339825697,0.456393585174754,326,Fashion,Referral,1
62fdc6d8-47a6-45e2-97cf-10b834dc7541,7,129.92446335637416,25.17872214774246,3,0.20263652762848858,0.3266211522019959,1635,Books,Referral,0
424c9696-75f3-447b-9fe5-135ff5928e1a,15,30.43156182085307,84.64540286698764,2,0.24512716596943723,0.4347546217382097,388,Home & Garden,Organic,0
4a49d9a0-4502-4ba0-b183-f78a8c93417f,13,18.091416461661016,15.589152636055534,3,0.05408089211640137,0.2689222290605202,1529,Beauty,Paid Search,0
9a7e9248-d691-4677-be26-d0a17bc51ad4,6,26.634870880392544,58.81712426219563,1,0.09523150471917022,0.43863907250606654,989,Electronics,Referral,0
3ae14132-da5b-4516-b167-e28aea1dc231,13,36.70644386692921,73.21478413114379,3,0.24562224279757086,0.31024707220964703,438,Books,Referral,0
365e92b5-d81c-4c65-a96c-ccf366d9517e,9,29.009665247636242,81.08359921414242,1,0.34205121775017655,0.5809954853093582,727,Books,Paid Search,0
736d06c5-6376-4279-ad9e-b26f58dfac10,8,21.10978507281853,13.928951481969733,1,0.25371495429955515,0.5853594505550305,791,Beauty,Email,0
26ce293c-3e64-49be-880d-a8b82c165fd6,5,10.0,113.31958066399102,4,0.0232556272986144,0.23547204028711222,1338,Home & Garden,Organic,0
d7494f7f-494f-495a-ba5f-0550a370c180,6,54.978068600915805,32.784252133907806,2,0.2633155979270751,0.18515057121506512,1106,Sports,Organic,0
c7e69a6a-be3c-495f-9fff-488b3d3b881c,6,16.20652231386149,14.629061602838627,0,0.13552666757700868,0.25327722673954023,1490,Sports,Organic,0
12f6cc85-46c6-4d85-86b8-3a9ee24e9815,5,106.69571232612546,46.9227809580552,0,0.03673590477024932,0.40295854405347786,724,Books,Social Media,0
b7096310-0790-4a6b-a0ba-ea6e76407f4d,8,24.651898782073236,119.42307253125392,3,0.20316260418482715,0.5576128597104643,1357,Home & Garden,Organic,0
1ad35dd1-bfe7-4920-a303-faa580187af8,10,21.90653190599894,204.83491228611535,0,0.3359103559877285,0.49315257767689025,1447,Sports,Paid Search,0
42005cf1-246f-45c5-bb2c-9bd46a33b28c,8,22.71003641550416,82.74907326662503,1,0.36983551157718525,0.35433725978474634,116,Electronics,Organic,1
13f7fb1f-3282-490d-9759-35da3d6a4c23,7,37.34326857338862,0.3383252524035493,1,0.23224684876079416,0.25586012107678885,686,Fashion,Email,0
eda310b5-20af-4eb5-8a16-08b775c8ea41,8,16.55789030986403,8.68079341298533,4,0.19928179279939198,0.38524816165973386,1617,Home & Garden,Social Media,0
afbfb4fa-0b75-4040-b589-91bf9a3052a3,5,19.294935739257657,4.760386405908829,4,0.15966623030932173,0.35124048779275774,1286,Beauty,Paid Search,0
08305903-fb5a-4a43-ba66-1f4db79975b5,10,54.48277728281163,6.402601750094467,4,0.3782745391332308,0.5904533025765804,764,Books,Paid Search,0
339cfd90-02ca-4a8b-9c82-ae053b0f6fd0,11,14.670327429969872,28.976574689696612,1,0.365157493828209,0.4782010536281,334,Fashion,Email,0
0de9378d-08d7-46e6-8c08-e443991f3c2e,12,51.345750420388846,24.794111363941248,2,0.20742756259335962,0.2791850758526087,177,Sports,Organic,0
d6a60ae0-cfb8-419e-914e-fa9b7212526a,12,64.19794931277036,7.240970397279026,2,0.0125268399454944,0.11626942257411609,419,Sports,Social Media,0
c70fde90-eb63-4800-90a5-bcd9c5421627,9,56.49272678577125,128.34402908377143,0,0.3303238168120705,0.5431064400356447,447,Beauty,Social Media,1
79af75e3-2a63-48e4-8c48-6c05f0234b35,11,39.920912081823474,57.337388983818656,2,0.04019993929244475,0.5282072540937293,677,Home & Garden,Social Media,0
3592e961-50d9-417e-98b8-3bd3f0993d61,10,10.0,95.51453942299578,3,0.13122289727024689,0.10584872400846046,323,Fashion,Paid Search,1
415cdbdc-96b6-4b0c-9084-fbec2d7fee49,9,12.571437307507695,27.869870168907017,1,0.167048034566307,0.23047350980712566,267,Sports,Email,0
2a2921ee-7cbf-4171-86d4-6c60dbbd5ab1,4,11.197598017079729,31.681970983248366,3,0.030311384644281736,0.24102208909260434,1540,Home & Garden,Paid Search,0
58bdd27c-2756-4c56-9fdf-d50f13ca9b11,6,24.46633131086918,22.930221933084038,0,0.13474493265296278,0.43117751805032406,456,Fashion,Organic,0
cba85161-348b-47c0-81e9-1d8b0f3c1d66,8,33.95353249038601,34.62076881651359,1,0.08072855956295574,0.6157097757849591,1025,Books,Referral,0
91b1bca7-6e38-47af-9003-f80259803d0c,8,12.770457999252992,56.55458084430327,2,0.14411075984411223,0.6069391983712629,364,Books,Social Media,0
6f8193e7-2b1d-4246-a989-a74d037fa27b,9,28.84273467960661,40.75276399001987,1,0.27409698862542237,0.1930445949009438,897,Sports,Social Media,0
eb0f8f01-a20d-48cb-ab8a-995ce4522770,6,57.24632943489161,109.17880604734347,3,0.2558430607788034,0.26126905087934393,505,Home & Garden,Social Media,1
2f508ede-8e08-48a9-b916-9fa0b8a29392,8,14.894905727457322,138.23866490320756,1,0.09372935900980614,0.4884457337519536,159,Electronics,Paid Search,1
926e57df-89ef-4bb1-b01c-20ceb796dec5,8,17.20558191905966,38.05691683159281,5,0.3226463604005777,0.4701588956260453,1792,Sports,Social Media,0
7d6fa1f7-d123-4623-a9b1-f10c17675879,8,85.18007960826785,16.44631775196439,1,0.3404997233275412,0.41359218784434815,836,Electronics,Social Media,0
2638a85d-7f69-4729-901c-c28cef9b4fae,8,15.770795255179813,174.23560581363077,0,0.23877054368203338,0.4834519291030399,717,Fashion,Referral,1
4fd32ce2-8685-4f1e-82a4-db39c9159a9a,11,43.54609852460574,79.69027718776611,0,0.17127887514686654,0.4298481212169159,364,Home & Garden,Email,0
e5d4e4e7-4c66-4e79-808a-4fe91bcd2845,8,89.24668379142206,61.320259600405144,3,0.11954946810071099,0.31471445866046643,904,Beauty,Organic,0
f4effd8e-4603-4a33-b107-ab25a5f4b54a,10,12.86878479391779,82.08693217665127,0,0.06344263097352473,0.4052915215410756,1159,Sports,Paid Search,0
4d2297d8-a079-4026-aeaa-643ef9556a48,8,13.662493532683596,4.7414094908498905,5,0.32203420931438576,0.2856106759111885,556,Books,Organic,0
5349644d-1de5-4cbd-885a-5a29da0089a1,6,27.517306784562965,4.201296518329823,0,0.14311208935221315,0.23326420373170317,877,Fashion,Email,0
1ff8fdb2-1d16-464e-beb4-47453680b269,9,34.95565425962728,9.971822486612561,0,0.5048292476600393,0.4250253041235296,433,Beauty,Organic,0
5d2fb0ad-61a3-4b2f-ac99-05dcfc701cb4,13,19.820485799165308,9.571473316780164,1,0.11186480516624854,0.5727651591834445,963,Fashion,Paid Search,0
a378b81b-0e4c-484c-88b0-30afa827b344,5,160.29662924638407,32.75303011406634,2,0.4808997172987471,0.13137234406436343,1436,Fashion,Referral,0
93291dbe-3f7c-408b-b75e-ec34f58199db,10,50.95287910595509,10.276066458988055,4,0.24466822021859078,0.20362162455568544,110,Electronics,Organic,1
0fb2bd81-48fc-4552-9807-b22ac722ab7f,8,17.401391746291843,115.66532742955641,1,0.13419657252023673,0.21847360516273673,945,Electronics,Email,0
01a21edb-019f-43ea-945f-7bce2754ed9f,10,11.10275934499054,51.77878112832637,3,0.2359465631843557,0.15184436474259624,729,Beauty,Paid Search,0
1dc6ea09-7fc7-4c1b-955b-6a9471ef8200,11,31.487730412387176,27.55682182074168,3,0.19853771411775545,0.40816509870996104,136,Fashion,Email,0
2c81d7d1-c184-44e9-8d60-9a9025273b42,7,47.04340290058479,4.329894138173653,1,0.128092308941035,0.5602002202372288,1716,Sports,Organic,0
946cfcc1-8b80-4c53-a073-86dfc29ff085,12,144.36771440488917,53.64648516174185,0,0.07219765787509239,0.2369635258332192,474,Electronics,Paid Search,0
e8aedc03-1157-44c8-a8f8-cd313e7c61d0,7,35.18612448508647,7.434068177435336,1,0.03028735407607664,0.5368874187939597,1030,Home & Garden,Organic,0
0f2e9cb8-80ec-465e-b12d-6c207cbb8392,10,27.267317660611948,81.57219401901915,3,0.3329462683455217,0.4836104239431,680,Books,Social Media,1
5a103978-51e2-49b4-abaf-8438e28dc8cc,10,15.161237663410928,97.39946209377351,0,0.285583792049532,0.2856245507634701,495,Sports,Paid Search,1
bb819710-bc80-4936-8459-d553391e2733,8,44.53636784762742,47.112624296735426,0,0.1363095724158134,0.40054706984816174,962,Beauty,Organic,0
14e7684e-f73c-4e7a-a444-1b542b7e8d3b,8,74.69054343980076,9.723108844380386,1,0.14126798841622734,0.6842610938453916,1257,Beauty,Paid Search,0
8d69b403-4019-4020-91f9-4335df317b86,9,10.0,92.7491298831291,3,0.361434503699041,0.4488028528247679,1433,Home & Garden,Referral,0
62668ff3-9444-4eed-b4a4-b7ce1ba51cfd,13,35.15451387069462,22.075229692380894,2,0.3146895888658234,0.5850312412120164,1157,Beauty,Social Media,0
21cb941d-f6b9-438e-90e6-ed5f3e4dc70f,8,14.641800636034034,15.112117350070696,1,0.05847959092395085,0.7116724957298983,960,Beauty,Email,0
faf2eb12-c742-4fab-ae54-f3360b560c93,5,11.178076927128377,38.15574542546127,0,0.28156556116400366,0.4890688721665603,1418,Electronics,Organic,0
7cd12ccd-dfbe-41a6-bb62-bf45319ade2e,8,128.40479143377428,153.5619666485412,0,0.29094945382921295,0.4253220030723564,944,Books,Email,1
35a9eba4-5edc-41e6-a728-71cca991f34b,8,67.3455708845876,21.17577161308396,2,0.22402345516871633,0.28277525902410383,1777,Fashion,Organic,0
c377a799-31f0-4c61-8d46-9a59a2f43f74,8,20.38953871297312,141.59918926957724,2,0.06513122899392797,0.238609740385693,961,Books,Paid Search,0
ffa06ece-f8ca-4321-a379-307bcf3e8e3c,6,29.102432052874057,3.3087777492341552,1,0.042693552115561514,0.4431272083193091,579,Fashion,Email,0
5347d18b-0fc7-4ddc-9939-2efae0fca259,8,25.691804944952906,5.2331446055478095,1,0.19117916527636722,0.09502791596772264,815,Beauty,Social Media,0
245a46c7-6555-4988-b9c0-51d08ac97ed9,7,13.456985111117904,71.95126130361612,0,0.1974129569295096,0.5370309208816867,894,Home & Garden,Organic,0
e1a6f870-4a5a-4460-9030-180b3b13a6e8,8,21.48509516605427,12.68717879549447,2,0.0864727804713106,0.6859226009563729,518,Home & Garden,Email,0
0a25924f-a95b-4108-b482-b4d7764d79a8,8,62.00259636297085,22.84231229393221,1,0.4139713186044356,0.4304347185874428,290,Sports,Organic,1
73ffd3a4-e652-4114-83be-d24b4b9dcb1d,12,21.059547726737442,8.79685765999132,0,0.33238029369256905,0.555033237317501,787,Home & Garden,Referral,0
de85e8fb-750b-44f4-b7d7-1edd36958ed7,11,48.00104739238666,24.230330094383607,1,0.06492017581709263,0.28423477891895943,1637,Electronics,Referral,0
82ff4cf7-c8fc-41cb-ae8b-bc798605fabb,9,21.19049033095707,19.748589092957225,3,0.053718050617348724,0.12530267953578572,467,Electronics,Email,0
def69da3-3a12-4d31-9ef9-fd4484ad5b5b,12,12.840981840804629,79.98515579617316,3,0.17444362906758504,0.5814147527635621,660,Books,Referral,0
1e564a8c-18e9-455d-8021-eb89d944b8d1,8,86.10134724333334,72.6444167647562,4,0.2694297695503725,0.18824901410271958,1383,Beauty,Social Media,0
f0f8effa-c65c-46fc-8c21-49ce198626d5,12,10.0,185.96854773953692,0,0.2708660080460099,0.5657095869284822,151,Fashion,Email,1
96a1c922-9e96-4cca-8038-595a799c3aa9,5,138.1011248193323,77.33300558639654,1,0.30066815960758,0.5129283220773367,1505,Beauty,Paid Search,0
bf1d79d9-c937-48b0-9835-e9ec151280a8,7,73.57869330988721,71.2107689848746,2,0.20340435577274327,0.5088926156927059,1314,Books,Email,0
8a5c791f-6d53-4469-8dd2-c1a364bd2c41,9,38.327609986006706,71.09020219411904,3,0.3396839410321748,0.5623438080405495,1003,Sports,Paid Search,0
5217489c-664c-44de-94da-599998f5d42b,13,23.180155146737896,128.71819356057784,4,0.41883687951844495,0.42093302780619246,383,Beauty,Referral,1
f9d7d14f-3a38-4049-a834-061180925d01,7,24.671518927011338,21.078794859845235,3,0.203155492391521,0.3924935897014554,170,Sports,Email,1
1b71ff07-1c5f-45e8-9184-af6f9529850a,7,38.93798509370646,21.408392229559077,2,0.29415700896807406,0.2538778910099427,423,Beauty,Social Media,0
cce3ce6b-2739-40c2-aa41-e988d9b0e625,9,38.390838662370214,81.10518469849423,6,0.04332389460955771,0.20366688102531422,1389,Electronics,Referral,0
fa815a90-e8b1-4524-b0c7-d29407e7a31e,11,15.373721508637272,15.581072186586647,2,0.5989066200829621,0.1695117383340682,1703,Sports,Referral,0
6d20d03a-af04-4848-ae25-d31669a09827,10,34.960734690367765,145.83874861249808,3,0.27183923381502334,0.27971087265628586,1346,Beauty,Referral,0
827530a4-ca91-46d5-8009-a7617277042a,14,40.73013061261055,45.914914507028826,1,0.07731252184733456,0.46527576525193787,963,Electronics,Paid Search,0
ee4e5f68-994b-4bdc-aa67-e649e36abac0,9,26.035913019880518,21.411205714212716,1,0.20634202770639534,0.43600658747333276,1735,Fashion,Paid Search,0
5da6b2f7-5693-48ba-ae0c-8568138458bb,12,198.61106241433671,89.79332648119686,3,0.14687818045697162,0.3506611571988852,1512,Books,Social Media,0
6e112ce5-31b4-42a2-8cef-c9fa5ae7f671,11,29.74975629754631,22.465954888250963,1,0.38933275683523355,0.5175457545392878,1197,Beauty,Paid Search,0
6a4d938e-4b3f-4197-a339-5be9d76f5d8a,12,10.0,198.26327297424183,2,0.29713841123956014,0.6764389835409957,70,Sports,Organic,1
03aab06c-aed3-49de-9a16-330911fb7a82,14,14.757660447351103,244.4344448530229,2,0.03590746356504262,0.339282430154967,525,Fashion,Organic,1
bfe64139-14db-41df-a8fa-711ae534d8f9,7,58.13816177310291,65.94006540841175,2,0.35083816859577255,0.5239889763324831,563,Sports,Email,1
7389fb57-e1a8-414d-81d0-8afab3658b9c,13,18.579507050105082,7.237511804489179,5,0.2458548288227901,0.3987945710551289,634,Home & Garden,Referral,0
c5dbd3ed-a5da-4b96-878a-14d0e25a4e02,8,14.953830846576098,18.327048325397463,1,0.1612039364598937,0.42468823788781845,711,Sports,Organic,0
5c804d1b-4c84-4ce8-80dd-6a72a49f7d8c,10,101.11807135947288,43.46798842330285,0,0.291251728668556,0.29042179485443365,1714,Fashion,Paid Search,0
d6878106-695e-4902-939a-5a830b0a4865,6,37.93333274520108,114.40899071658204,2,0.2808309023299459,0.182600152792195,1354,Sports,Social Media,0
1d171963-f5bb-4563-a11a-8d61017183c2,9,20.471325230469308,12.265674472938422,2,0.15015890768084553,0.13555378174503593,1263,Home & Garden,Paid Search,0
c3ceb5fe-2ae5-477d-b73b-4ec51131ff3e,11,10.0,6.615915389749609,1,0.24838132423083387,0.4563631469207999,778,Sports,Referral,0
4f8ccd54-87c4-46c3-b572-fae2dd83219d,10,54.3949251265435,4.643809075031836,6,0.3255918373754744,0.3376648680004329,616,Fashion,Referral,0
aafe12eb-6fa6-4131-8ea8-057d3def5b0f,3,33.528171027336874,42.43081864044072,3,0.12673091544556583,0.4739097252723092,219,Electronics,Organic,1
bc7e474e-ca27-4818-b0f5-1032f781fbaa,9,93.74643181409999,129.61357566380607,2,0.11821851229692529,0.3376926905142959,828,Fashion,Organic,0
612e8616-c0a4-47bd-8629-b42b4a407957,8,13.79513350838965,2.5969538195921884,3,0.14209413566969364,0.42062907518452886,375,Electronics,Paid Search,0
43443ea8-4a9c-465e-8d23-65ff4077328a,5,24.56702444356205,14.31991862743811,1,0.1392833361396398,0.607116755956494,714,Electronics,Email,0
eb2e027f-2d80-43b2-916c-673b440319ee,9,42.05152170112838,70.90470403050548,2,0.23520864456879453,0.489195296874964,286,Books,Paid Search,1
77100eda-71db-48e0-931b-00b7a47f082b,14,90.44634232202868,104.87492592658396,3,0.22189053627405955,0.2066312339372882,628,Beauty,Organic,0
d3eaf0f8-3a3d-488a-a40d-c967aea6c7ab,6,40.72229171995081,98.82824014149318,3,0.1084630476469708,0.13440358369790772,79,Fashion,Email,1
ffcb3430-a17b-438d-803a-956afbf5c92c,5,18.803592383718136,92.24603079849541,3,0.05578985042324318,0.30024509896789775,11,Books,Email,1
c807806e-bd56-425c-a79d-8165168fee33,10,93.52353233729548,8.341918787881182,0,0.22562504405105954,0.48583431820504164,1587,Electronics,Organic,0
56e6d717-db38-4da0-b3a4-c36445bf3cbf,5,25.794814740962444,30.373929611808737,2,0.18472320219449556,0.35742551414289125,1170,Sports,Paid Search,0
03866f28-a7ef-445c-a3df-61e7bf5264c0,7,38.24540526667969,250.96955153464137,3,0.328919852994062,0.6956846334763706,1072,Electronics,Social Media,1
03cda59f-509c-4119-8ca3-a5a8721f83e2,9,60.372746386639506,269.981467217132,1,0.03731156604203044,0.39081185338898616,938,Fashion,Organic,1
56397036-ebf6-421a-9f44-9bd18424caf3,12,115.64885899442282,55.34266198907437,2,0.164968990496739,0.43943320220660353,1326,Fashion,Paid Search,0
30f32efb-0c1c-4dc2-bf83-5b1d7b3300bb,9,44.483058162852075,74.1210397754187,1,0.03171417860566197,0.26604074777473025,1343,Fashion,Social Media,0
698105d8-27b7-40c4-9ce7-02423911b1eb,5,262.38845446209757,181.30461474520038,2,0.034388155016249415,0.2509501162117125,1706,Fashion,Referral,0
579eb88f-b268-4171-9b5a-980ae96414ff,7,30.826093028914432,35.862350878614286,2,0.27695581984667217,0.23781198269739467,446,Sports,Referral,0
e6aa5fcb-1c7d-47dc-a61f-ddc913029468,10,41.881864585732025,8.831179293843915,3,0.21825104684380753,0.3649546115995329,1433,Books,Referral,0
7f8ef82e-bf01-4610-993f-fab2fbf579b8,10,20.187869324444048,66.3289476538655,1,0.09743192529103356,0.09146091275503045,1808,Home & Garden,Social Media,0
dc264dc0-5cca-49b4-8dd4-8b714c567b3b,7,42.86573322408825,193.2862034211184,1,0.13150490777280788,0.6331935077086629,53,Books,Email,1
f94f862c-dfa1-4c47-a085-ef11dccd012c,11,42.00211325923565,71.68217296051004,0,0.14812514004174906,0.7533301084944021,683,Electronics,Referral,0
d6cb0d0c-ca1d-4941-8843-ffb5fb941e24,7,76.44429560533331,97.57097800173001,2,0.046441432417331376,0.37530199934908304,796,Fashion,Referral,0
7fc2dbad-54e7-4dbc-91d5-e73fa639b26d,5,47.25749539821275,32.96866552837077,2,0.12920688242616485,0.14856179309088738,1500,Fashion,Email,0
8feffa32-615e-42ea-866a-7f9c80f593f5,5,21.71947106104337,6.086303312163821,0,0.0904139327430791,0.6085309595669377,26,Home & Garden,Social Media,0
5e1d0f96-5e13-4f16-b72b-f31410be5079,9,40.65503207126611,11.0990160451836,0,0.3323286256638688,0.40483846422153524,1092,Books,Social Media,0
d742b98e-2f71-4098-b055-40d12ee3300b,10,19.338634996611958,243.26646989799815,0,0.261201248006767,0.48487236105280435,1629,Electronics,Email,0
17712641-c76b-4821-87cd-a947b3ec5dba,11,51.39778730625701,40.77647315139953,3,0.2224225806220054,0.8542427843360955,270,Fashion,Organic,0
e6c4eff0-c6bf-4b0e-83e9-bdde1bd68180,14,21.17176642094492,0.7256053027082912,5,0.1088907196856522,0.35460346629674117,211,Beauty,Email,0
727ae520-b1f4-4f2a-890d-7318f50c3d61,12,10.822184674564344,186.55728438166548,2,0.15392708639500458,0.1512591462432026,1824,Home & Garden,Paid Search,0
9186a43f-f764-4edf-892d-6035011a01ea,9,13.408858313975479,41.32300998005958,4,0.11211262227561558,0.32894402696287484,1507,Home & Garden,Paid Search,0
116f2419-c30c-481e-b20f-96d18dc2d077,12,12.935841642215523,108.57160600559217,2,0.04375582244474939,0.22547475883850224,1273,Beauty,Organic,0
b8a0e980-5f4c-4719-94eb-e6c608ea270d,2,21.705133300235882,47.70523210532263,1,0.11130115478453993,0.41122913197491023,728,Electronics,Organic,0
4353804d-5530-40be-9ac9-41af82375a66,15,16.8131878098617,6.435223978114607,1,0.3558812352915193,0.31046959261146534,1558,Home & Garden,Paid Search,0
f8e90701-3f9e-4f44-8264-b8e4c37d7c2f,11,32.53497828507926,57.359548454790236,2,0.20647681727817238,0.19699380264380717,1684,Beauty,Email,0
9c78e416-01d5-44b3-9e22-49d426abeffd,10,24.201796459186216,357.1410069825161,1,0.09978619755268263,0.1468634774910639,1336,Home & Garden,Social Media,1
fc154b5f-cfaf-4ef2-a8ea-afde541283bc,11,50.04616552018542,2.121329203585963,1,0.2485586126556484,0.5149785683402491,727,Books,Paid Search,0
c7bd9a00-d386-422a-8005-e577baf39b43,7,44.97837178915623,110.63151276965597,2,0.4196032376350646,0.3792332956183611,1065,Fashion,Email,1
b0feb99f-5153-429f-bc80-5f030d0f0023,13,25.556243315703803,16.110488027138476,3,0.3298701181095469,0.2562843030855935,180,Books,Paid Search,0
dc5901af-6f34-4898-8d48-6fb005cdf96a,7,89.46568053958148,30.039273760510817,2,0.11913910389464218,0.19009744694061295,289,Home & Garden,Social Media,0
be75953c-87d7-493c-9e70-49fdb82ed2e2,12,15.78166590390749,27.980732821863427,2,0.14389048388339754,0.2605527212106232,1429,Sports,Paid Search,0
c8ba97b1-e8a9-4dbe-abd2-82de32f6efa1,8,74.08071128880962,137.43772787397896,1,0.25456569075835805,0.31007355137127235,54,Electronics,Paid Search,1
37a828b0-9aa9-4330-ac75-b592637bbf06,8,37.52192634800242,42.129603144327916,2,0.3219641891380363,0.4362352468284974,90,Home & Garden,Social Media,1
b88a98d3-1160-4f07-a5d9-a7e3f7753264,8,24.154857975287328,35.562749592056214,0,0.14188532320351016,0.5047580826448534,927,Home & Garden,Referral,0
063bb84e-727e-4881-ab62-58f33653a1d8,4,81.73951229212155,102.23319372386489,2,0.041455058927473844,0.2610846350650695,312,Beauty,Paid Search,1
3a51e5cb-1c0c-4bdd-afa3-96dd4d6553a1,6,51.71367201737072,3.0086142378670613,6,0.18498278241920502,0.1576534669696542,536,Books,Paid Search,0
b312c1d8-0267-4a3c-bddc-2acca55ee9b4,8,14.006386468434114,5.425444970779085,0,0.1907756668461161,0.1419327892272779,728,Electronics,Paid Search,0
f07a4880-58b7-4c68-87cb-28083d872ee6,15,44.308852291409345,1.3156510374331487,1,0.07791705526776008,0.3898470350091142,953,Beauty,Organic,0
4155a142-8914-474d-a9e7-0838c9eadd33,10,44.27355383040229,69.88183786957461,2,0.3006504308424627,0.48641904042749595,518,Fashion,Organic,1
83c29a3f-5be0-4a74-8dbb-9ecc55184228,5,74.1364491233157,44.74430685856378,2,0.10744244423632528,0.18501720860358362,882,Electronics,Social Media,0
f71c91d6-2ee1-479b-a749-fa5c5d29b426,13,52.89386676927649,125.25912982320298,1,0.18602469444232075,0.5571571989780904,677,Home & Garden,Email,0
15c0e883-3b8f-4a9a-9e4f-3634ecc17fed,10,56.00962428202003,41.41303697102261,6,0.1890351618776119,0.31375797276161105,148,Books,Organic,1
d041410f-e0ba-466f-a39c-8df738da132a,6,23.263732275477704,15.04781220444681,0,0.13110371304100546,0.3190936973220504,1582,Sports,Social Media,0
4beb4a96-4b48-4e33-9093-af516e99449f,6,28.0008655642112,98.13070593950435,1,0.3628039266298242,0.1936621997490044,514,Home & Garden,Organic,1
e524662e-cbe8-41d4-ac33-c13cf7e59333,8,27.06628454788785,20.915931826507126,1,0.28649168688699617,0.21534193031299306,1112,Electronics,Email,0
20bea00d-66d1-4332-a67b-8ae856cee2e7,14,10.0,164.64220508264376,3,0.08009475789262693,0.6395070596352013,1040,Beauty,Organic,0
ed12252b-2590-420c-9e4f-a0f9c80a827b,11,92.69588790682882,17.294844961880322,1,0.13531228748309188,0.5242394956289321,364,Beauty,Referral,0
4e878424-dfd2-413e-a707-213e4b40d7b7,11,13.526767938835764,11.015228445116088,4,0.1073985149847649,0.6470771418491441,55,Electronics,Email,0
0d3f8644-b683-4817-ac59-b817461c75d3,6,41.0576474898069,40.79301097032276,1,0.10061759544262412,0.4654412749489238,1564,Sports,Email,0
d67264ba-5ec0-401f-9691-8762ccb64540,8,25.40957702278553,3.1101402533675055,2,0.255951813389031,0.2457715549306701,908,Electronics,Organic,0
21b6a85e-aa72-4cd6-94b1-537ab5f6fa3b,6,27.364567264771072,2.225470790499877,1,0.21591864239205916,0.6776256570688719,756,Beauty,Organic,0
05afe538-588b-4079-be48-1d27cdf7bec9,12,56.94204095958837,41.11247225766365,0,0.1928302185424402,0.49230132699532014,1392,Electronics,Paid Search,0
1d869b80-6f4e-4e52-a4e5-9099cce147f1,8,17.738655616183582,14.53246346089318,3,0.2715138815177774,0.3650634320514915,61,Beauty,Paid Search,1
55c16534-5cf2-4229-8e2f-8c7e0e8de8f5,10,47.71586093141152,0.5637989365454429,1,0.13852060298674704,0.21281706600993552,1396,Books,Email,0
812db225-f6b1-4266-add4-96b65bb4f3ec,8,48.08149075182528,21.063465971605506,3,0.2624509317167601,0.19931391405201868,746,Electronics,Paid Search,0
12713e9b-03a5-4b41-9692-eb78857eebce,9,17.805798986653272,38.93258754756426,2,0.12066876275245134,0.34722617719975435,1007,Fashion,Paid Search,0
4ecf9c76-6d17-49f9-b652-95d5c06ed50d,7,68.64376480983556,30.081108688797993,3,0.32630111737271533,0.28646351960285776,1373,Sports,Paid Search,0
b255615e-ede2-464b-9ad7-cd905753a515,3,98.88362557083549,8.734119289801615,2,0.1907259485560601,0.2648291392627088,998,Home & Garden,Referral,0
3a05672a-61e8-4945-8c75-cb330dcb6255,7,167.29848237170626,52.00359886861943,2,0.17123994802568632,0.40072281421172457,113,Sports,Paid Search,1
097bd9f3-c8fe-4634-bf6f-782734d479fb,7,26.852903755100908,74.34139566462298,0,0.23439257699397775,0.2635960889404572,1329,Beauty,Paid Search,0
f2af044f-08ce-4f17-a4cb-97469abd2d18,13,38.58633845551586,67.5354260852172,2,0.0910694292934632,0.5554568994180993,1435,Home & Garden,Referral,0
70bc1567-90d7-44c3-9b5d-1b718437bcf3,6,40.51818665928665,30.028950053771442,4,0.12563280756834702,0.33390355840487385,843,Books,Organic,0
b18ed67b-c61b-4db7-8b31-7a19e2a2a0c5,6,56.4083303405001,8.881896954577181,2,0.11652185495839179,0.4010074196145788,801,Electronics,Email,0
2d10fb3d-cb14-4e2f-bdf9-0b80192ac5eb,7,134.13299343623487,41.52727523904452,1,0.08191008639130373,0.32618791380204326,460,Beauty,Social Media,0
c05df021-0146-4ad1-8260-a1e57d3e3d0a,7,48.88458455412033,132.6724608766118,3,0.447466685694033,0.25076496230593553,1175,Home & Garden,Organic,1
e96424c2-037e-4c6b-b88c-bfa638a5fce1,10,49.961251985357265,37.94828713044882,3,0.2172054770141164,0.2012875416933157,1609,Home & Garden,Referral,0
3eedfae3-cdca-47e5-9dfa-8bdefc9cbb9a,13,13.79441471108562,13.0655630500806,2,0.4897124545842832,0.28816206557872204,1197,Books,Referral,0
ebf45bcc-8f1f-4f9d-8baa-a61ccc30dc81,11,170.53065159786465,5.860295949885412,2,0.1049569580309974,0.17899426405496027,1407,Beauty,Email,0
c807f15c-f6f6-4035-aaa6-42bc291f308a,6,22.640174614705163,172.8656646986517,2,0.2239098446282445,0.240637514780955,1528,Sports,Paid Search,0
b20dde1c-bf9b-4c71-b0a4-4a494e3391f7,11,10.0,81.52294831038638,3,0.1443591530463024,0.7621060045433437,413,Beauty,Social Media,0
81373bd6-a39a-4266-b289-c20146c052bf,13,10.0,22.522374794613043,2,0.09275841989757069,0.5606664762269975,734,Sports,Social Media,0
d17f3bf0-e4f8-4e91-9819-bbfdcbf006b3,5,42.95106285891676,21.003448086161963,1,0.16995405517577322,0.2864291354750292,796,Sports,Social Media,0
85791f03-a3f8-4525-8e8e-95f016b2dc90,9,11.959298230450877,135.3526753608177,1,0.1712982512898834,0.2867497829898952,1020,Electronics,Organic,0
7fb6aee8-ad50-4c69-8902-d2063c6595b0,9,34.57144667321458,11.72938560233384,2,0.5690881596750251,0.5103241986371699,90,Books,Referral,1
3cc78280-69df-42be-a017-48c1f83265fd,8,10.016185172978258,45.94788416521015,3,0.17620171251050917,0.6870930951423473,1074,Home & Garden,Social Media,0
05ae3979-38b3-47e5-80c8-43f4055584a5,7,42.2681141088831,75.00189990182884,1,0.3878593534590203,0.23431888438530887,162,Sports,Social Media,1
44a5e5cf-0800-4f0e-a3ae-863e62b840ec,7,52.009176206312254,30.28965408383508,2,0.2876306712856438,0.5585738010194637,1472,Sports,Paid Search,0
2492dac3-8c85-4813-b701-8e1429cba8e1,9,38.117336818251324,2.443216390585822,3,0.03874986392800546,0.13757024477437263,1757,Sports,Organic,0
4be2e9d5-d1d3-404a-8017-ae375ffea1b6,10,18.97140497584664,15.507501617266461,0,0.28741379056717786,0.2207080023899308,529,Fashion,Referral,0
579fad9b-39d8-4c5f-be56-3c7761e9e1a1,12,66.87663664671759,139.24991598403483,4,0.2728985533618422,0.23838200530965967,925,Electronics,Email,1
11f1785a-55b6-400b-b3aa-49f4ca8e085b,12,24.059001444097863,44.429293534378125,1,0.5085088749955435,0.7066008479735727,1502,Sports,Paid Search,0
8c5b6353-6d52-45f0-94f5-7dab33429703,7,28.48321649282587,101.38724513852598,1,0.3967026143242237,0.4207055146729836,574,Beauty,Paid Search,1
9cbe3b31-6ffb-49e6-a7cb-256530bc25ee,9,22.026424029703026,48.673363816397,1,0.17901515438977156,0.49606251184403893,288,Fashion,Paid Search,0
2283ecbf-efab-4c61-af83-c2567d2c30bc,11,26.726806617790267,172.51939675128378,2,0.1406487776927105,0.6270610384474339,1349,Books,Social Media,0
0ca3f274-d452-4651-b016-8c0ceace9f36,7,147.9684587747059,143.90221300149983,0,0.17705400590175155,0.26795577326010883,1274,Home & Garden,Email,0
e9493494-b267-48e6-8191-365bc77654bf,8,32.984540474508485,39.56975248479551,0,0.25623529798258027,0.41868910901305073,1040,Sports,Organic,0
a17433ef-dd70-4439-9eb5-107a24f35f4f,7,11.992705505673872,22.98764992248844,2,0.09473072534666037,0.3268524224128023,1723,Electronics,Referral,0
672f6475-c029-4bb6-b274-14e17de5ccfe,9,15.37280197226214,55.22828563074004,2,0.3825787523407423,0.4372990011388795,1743,Sports,Organic,0
bccd1759-f88d-4154-a23f-ad708f1c70a6,9,26.550616575237253,67.41507368960345,2,0.4766993178634926,0.12470314795719357,1572,Electronics,Paid Search,0
fda695e4-01d1-4a6a-b40f-17aa44eb0ad3,14,17.536558876353634,41.39176588587976,2,0.0670150853631902,0.5901860743859794,535,Fashion,Email,0
b5857ab9-9c19-4ba9-90be-5cbd28c66adb,6,70.79068943451901,103.65384753774397,2,0.11505392202148812,0.29799641870433,412,Electronics,Organic,1
99c1c154-ec99-404c-b2a1-19adc42b5842,10,10.659449969434581,12.151102346210987,1,0.04362505093921869,0.32330497425985977,1525,Beauty,Organic,0
1c6bc09a-95db-41f3-bf50-3bcf1386411f,9,30.106664911526607,24.425049840489173,2,0.12007178681332836,0.3458527759531202,1189,Books,Paid Search,0
c88c3065-ab60-4627-a8f9-4299aa5e8b15,12,74.32960926355436,69.57369613780772,3,0.24660575085272776,0.24201053889425977,723,Electronics,Paid Search,0
623646a9-61a2-493b-9128-b357409a29d4,8,20.003852923207184,16.99621834830009,2,0.148483325436403,0.6756660336878522,748,Beauty,Organic,0
cbcb89b9-dca8-4228-8a51-2f36ca78b06d,9,47.05169677897902,34.77247752245609,5,0.202030453944826,0.5699411539685606,1557,Home & Garden,Organic,0
61629f8f-d51b-449f-b7e2-e7e4e6ed678e,5,32.06402756412891,199.0117268724321,2,0.02514579047866076,0.36899427201463375,298,Fashion,Social Media,1
b03938c5-40f3-4712-ad62-32424159a4b0,8,32.28994882908578,58.99007476259671,1,0.10922178352641743,0.4384281600923704,1722,Electronics,Email,0
3933074c-d055-4bc8-a936-cfb1816579a8,9,49.87473669457917,178.62315145888127,4,0.054765003575463024,0.37546593980576665,1155,Sports,Paid Search,0
86b5147d-09bc-4d1b-956f-9dc18fdd58f1,13,10.0,76.90339251732469,4,0.05202038351156035,0.3017322570853943,1444,Books,Referral,0
f593b4a1-313e-4e96-a7e8-0a65f084ac8d,9,86.72043786384582,77.38639009339121,2,0.26326664214511697,0.34465451083688237,677,Home & Garden,Referral,0
d4b2cd42-7209-4462-8db2-a11ffdb3243e,8,10.0,53.76828608108767,1,0.2046191036572417,0.4642614077887379,1071,Electronics,Paid Search,0
b9663e4c-9ee3-41b0-8c7d-e404171beebc,10,82.16527301663427,9.203659593102389,3,0.29792377353598315,0.3757596860933515,1368,Electronics,Email,0
2255a535-d373-43bd-8ae4-cde995f90f2a,10,46.86212467828613,44.00244749024903,3,0.2339684631080874,0.2997181807233754,794,Home & Garden,Referral,0
9ea8e1bc-416e-4a45-9314-d332586debdb,11,48.352248444935455,17.47460041497384,0,0.26900750143028923,0.3709957254093627,890,Home & Garden,Social Media,0
4db8e987-80fd-4853-a4ff-537d62c3c6de,5,120.50024770907184,365.0,3,0.10288957017269194,0.3234096661005454,1062,Electronics,Paid Search,1
a342a62f-d124-41cf-b9c1-21e292452b10,6,85.35010007612564,18.633459298794936,1,0.2774327770675684,0.26399152286586225,116,Sports,Referral,1
ca8a07eb-f819-4a3b-a43c-50a6cd4692ec,11,63.51906408685043,15.735352010556536,3,0.12688377883267654,0.3068066786151231,1575,Sports,Referral,0
3daa5368-8a75-4d1c-b343-ae10a2e092ab,14,26.163794277688215,58.67132557311493,1,0.32095542789530723,0.216922218090968,1581,Sports,Paid Search,0
9f53ae1b-6309-41c6-8f0e-944c14cbf4ea,14,24.814521455701595,42.917287112579245,3,0.3431858200519577,0.4836112787849415,514,Electronics,Email,0
f7b7118a-3dbd-4514-bf67-3da0ff374187,8,64.92165372348191,1.2950510908457797,2,0.11353670671089759,0.2895250882942947,1605,Fashion,Paid Search,0
ccd74f88-ba9b-41e4-8a81-7011fe2f3abc,9,47.57359106295803,8.323538122088443,1,0.2913916725014538,0.45685724947861417,1360,Electronics,Organic,0
46f1d62d-898c-4d04-b8b8-4ce6aa5b2356,7,42.1375115351342,99.97412971044808,4,0.2796010607612342,0.27769982194581955,882,Fashion,Referral,1
e3cb8b6e-6158-4e2d-847c-b104adecb3cb,11,31.64067094564811,39.66310232866666,1,0.0625221498837129,0.15855254923161272,635,Sports,Organic,0
4f53cc9c-49c0-42bc-9e18-cc7123f4f83f,9,23.897035700137245,9.470514078256837,0,0.0804333766738929,0.13515812035077876,729,Electronics,Email,0
6ccde8cd-e905-4ca3-a227-733fee417a1f,6,10.891696177607958,37.55652140254621,2,0.0726318635704241,0.47259106785215294,975,Beauty,Organic,0
92f79618-5010-45d6-a999-9ba5047ac6ce,11,55.41475763698214,17.513381370803927,0,0.20114425493069754,0.5225773799140618,753,Sports,Email,0
1cb64c43-541c-4017-a219-53ecbb4adf80,14,28.63568625595223,15.184585781739148,1,0.09653763565525243,0.19130384367766765,767,Electronics,Paid Search,0
ab739a35-ea82-44e9-92f4-70e169ac0f9c,4,27.184683483791037,189.8139554057348,1,0.053026912944119466,0.18567793222177223,371,Sports,Social Media,1
68905d1e-6fd0-4583-8508-804435dbe0ec,11,10.0,26.96732638362018,0,0.2148060007437512,0.617194519799432,1292,Home & Garden,Social Media,0
d20c8f67-6f98-4fef-857b-dcd9cc914d69,2,35.66468896372588,2.8526160814652015,4,0.27857563693515003,0.4277404002141744,1112,Beauty,Paid Search,0
9743f0e5-f244-41ed-84d8-640cb44eb0ea,6,11.126173018395148,211.05040231648434,3,0.08797443804477263,0.18330700729787383,1810,Electronics,Referral,0
66f924ff-310d-4888-8ed9-cda1a8431f1b,11,23.38970980436457,95.03778262792498,1,0.21999838838888752,0.1908608856628932,258,Fashion,Email,1
5f5ae85f-0faf-4e75-a2a1-77a4b39183b6,14,62.43726918863293,17.61503175340228,1,0.2184132363350929,0.6770567422820223,208,Sports,Organic,0
3319a468-0f0c-4c8a-bae3-24570ca2960a,12,34.834964727700076,31.54537545115455,2,0.28186614794644216,0.30887547396731724,942,Beauty,Social Media,0
e4e402e7-4900-43c6-8ba1-d260fc7a5d99,7,30.43813321541479,118.95612990673291,1,0.3756773815985625,0.17545139537653867,278,Beauty,Organic,1
63b9652a-0ec8-4bf2-a9f4-2c9f182ce207,10,18.517322402224114,26.535232259730414,3,0.04489688430049408,0.4797607987142415,1114,Beauty,Organic,0
afb5cade-fdd0-4a57-8611-b3d58648f5e8,12,21.36954724956592,50.27706654158854,3,0.1657201167750117,0.5155182178411867,358,Books,Organic,0
98c90d78-dc4a-4a52-8494-46af190ad726,9,117.71785449929436,45.92460681508882,3,0.1303050275846494,0.2517192611985638,881,Fashion,Referral,0
1cdb74a9-0b2f-4d42-b769-3a59d3f13925,7,61.79291427613672,30.779132144721913,1,0.011854358530452235,0.36617018590423794,1116,Books,Social Media,0
baa6b1d7-aaaa-4daf-8c7f-4b0944bb33c9,5,22.881343056462658,61.21611586559155,4,0.5108191626262628,0.4763817395495903,836,Sports,Organic,1
b852f109-f8f8-42ff-b663-0b013bddc284,11,30.4344902505409,38.46639398154029,1,0.08358990970577049,0.40679621640692853,584,Beauty,Organic,0
1cb60a69-21ed-4b0f-a25a-38cceff61af3,14,40.3611177768552,1.287545999839041,9,0.15275422972536445,0.5896375098602178,1427,Electronics,Social Media,0
85363509-5b31-4830-9f10-a4a7c99394de,7,47.014996499673636,101.04422687662274,0,0.09664422160213905,0.4952547674958371,1559,Electronics,Organic,0
5b98a11a-e83f-4ca5-b8ba-76b96cae4675,7,32.47748747320447,7.205156454375393,2,0.11253168854696032,0.35479029730718936,508,Electronics,Email,0
cf9a143c-f4f3-4737-8a78-7a7e9d819376,9,10.0,37.427334810117934,2,0.34219268729471364,0.3096766946037819,1484,Books,Social Media,0
c9fed80c-2978-41da-baa6-f3a39e3a4ae7,9,32.291904838837816,52.03586301126093,3,0.12204194830505401,0.2789936314643918,715,Beauty,Organic,0
7bdca800-24f6-4865-95b5-0ed16489c8ae,11,30.753627623474724,73.34981001805207,2,0.33786654537762556,0.5713293796278014,890,Sports,Referral,0
76108aae-8b38-4757-90c6-a99e8ce3e59a,8,171.71555911595917,31.739022842655995,5,0.20799968162183902,0.4305854718190932,423,Home & Garden,Email,1
4658eeb0-49b4-4cb8-9388-dea887c2d135,9,285.26045402060794,79.80584161761544,2,0.06936464980559476,0.535694526150458,1142,Electronics,Paid Search,0
eed6ca93-9cb1-4347-948a-51d54fef249d,9,55.35304925105825,8.448905650274302,4,0.38212069241520974,0.642773804614034,185,Sports,Referral,1
0aa6ea11-1933-4eb6-a3c2-36e0ac9d75f4,14,19.26514821137004,63.582919491055755,0,0.5871340946941447,0.5951580627052309,1080,Home & Garden,Paid Search,0
9e98b7a5-069a-48b5-b359-e4aaba830572,9,57.00921154526967,105.03898434008026,3,0.2621024629574484,0.4660852060793798,1806,Home & Garden,Paid Search,0
2baa175c-aa47-4236-9280-45743574a9a6,7,10.0,132.13397120264494,1,0.4106414227430226,0.12100620796818584,1375,Sports,Organic,0
145f4163-6d20-4a94-be48-24861f0bec51,10,21.625105998453158,51.98813685102708,1,0.06714103638249697,0.5842177217912672,1633,Electronics,Email,0
c5d9e861-0c57-4cd9-baa6-72d14663d12a,7,10.0,22.51610689711538,2,0.10726891481161528,0.34890892716203054,847,Electronics,Organic,0
359c0461-4193-40d5-8d02-d0f7987c63e6,8,51.441351778807736,10.701434349092237,1,0.13718396302575314,0.5186892328039944,260,Fashion,Referral,0
0abbd1cc-ddc4-4fd9-b7de-35c4d0989988,7,12.571887259302713,25.438407914155942,0,0.02799269836806127,0.25053636223621667,527,Sports,Paid Search,0
e9e9129f-c58c-4579-b911-88998818d1ff,13,26.322078298058916,46.58838483101663,1,0.06795404620078373,0.6467143352236827,90,Beauty,Organic,0
5a15dec0-2703-4075-bc93-9c281f9d6c43,5,31.966592690904903,13.114009231920395,0,0.4261153697003233,0.27956009759091055,916,Home & Garden,Referral,0
7fe6a323-fbcf-4b8f-988a-9ca1afefdc3c,8,32.35785381093247,182.84036527520726,3,0.2976229919212447,0.17974359105729662,1185,Books,Referral,1
7a55b635-5f87-4758-94df-ca0021d0c4bf,7,22.684989956930664,136.46051996063272,1,0.2795401532565829,0.6829943542684559,775,Books,Paid Search,1
04a38682-255a-45b5-b5ac-2cb26388123f,11,43.352866463867926,2.010751115937848,2,0.32886020936767707,0.26464168536418536,1028,Beauty,Organic,0
d83e847b-a0f7-45c6-a401-ae8ae8f5c0d0,4,12.141264891539763,49.52694922541617,0,0.15289234335520083,0.16077574284137439,585,Electronics,Email,0
04efa187-40b8-4d39-8c2f-0d91aa4949bb,8,133.14297545202612,93.44170069771768,1,0.04845582850612012,0.6523215800434955,157,Fashion,Referral,1
cdb5423f-0a9b-4cf5-b837-17d5e596608c,7,14.479704844563392,16.89340900618578,0,0.03739466060723942,0.3281804096289599,788,Beauty,Organic,0
1c846e85-89fd-49c1-9779-84483b7acfcd,8,34.18401428219936,44.52716696005059,1,0.17213656369607064,0.3689337366736665,1000,Books,Email,0
785824b3-a4f2-4927-b195-0d54b33e16c2,6,54.5965371312434,31.251737624123656,1,0.13951234742078966,0.17666223542781095,1793,Electronics,Paid Search,0
a5e46f89-c71c-4cd7-9bb7-de38658783ff,11,57.178209027462984,13.130140429770387,2,0.17851006266529293,0.2295741174411827,634,Fashion,Email,0
c07870ed-1ffc-4a3c-9431-bc7d6394d915,9,61.57699861961475,57.22980344575607,3,0.04698831676899946,0.2670571351027351,1237,Books,Paid Search,0
14350469-2c59-4e7a-b326-8ca811b8b04d,7,10.0,303.9578650386935,0,0.15015365996235025,0.6020546843141827,1501,Home & Garden,Referral,1
285ecd8e-7fef-4d3c-b2f8-414de1f01a38,8,15.896300541198707,27.274965650222068,2,0.1798907381471674,0.6443780580675725,612,Books,Social Media,0
af4fff69-c3f7-447d-9134-ef77b621cb87,7,36.91752164386971,48.22850431307639,3,0.11165821771228153,0.5247097561475295,1697,Books,Social Media,0
e75aea41-a2f9-4065-b4ae-712519ce4db0,15,48.66368804629148,23.836842855004438,2,0.046319361618581495,0.3433818695956981,619,Books,Referral,0
3f3607b4-f5c9-4518-942e-c88afa65965c,10,90.53193366191367,125.70919567617499,2,0.1394021540212003,0.42682464673737924,1769,Books,Email,0
4523c513-d2e4-4034-ae94-682600c82c15,8,21.950389157763688,119.97251176487092,1,0.128120176348485,0.3234500606281732,4,Electronics,Social Media,1
0fc99fea-2d6c-45c8-97cf-29ea634a6fcc,9,16.054750790817096,11.817371283857684,0,0.1423511577637909,0.23833978594646016,1157,Sports,Paid Search,0
a0a827d8-94d0-4404-bd5c-84e40100c2a1,9,21.381717514000773,138.1244379613381,1,0.11805501707465411,0.5820309880932565,1441,Home & Garden,Referral,0
8aeb99eb-2a75-482b-b80a-394be6e9f9d9,13,201.8542107923517,9.857727646741235,0,0.12441192826714845,0.26929989282802297,511,Sports,Organic,0
df6dcb19-57a4-4aea-b0c1-798904dbb1ab,11,109.98482742597449,6.018395803233434,4,0.2798863111427394,0.4777771028408829,214,Electronics,Social Media,0
0ab61f86-a675-4e8a-8418-2c39f55793d9,12,28.916328146881174,63.49452536474273,0,0.5328595930691584,0.38990318501005433,45,Books,Email,1
c00957c0-292a-46f1-b343-61559895d2d6,10,92.55869278542247,29.256251019883802,3,0.24831815275342523,0.397601072249701,136,Fashion,Referral,1
87f7960b-357c-46a9-82e4-e2b9c5b16a90,6,20.947350168484682,45.395973469043106,1,0.2322667071762329,0.4121606924816804,991,Fashion,Social Media,0
b3ce0740-8a54-4ebb-8310-d5d5a0faf194,7,71.0664169329819,63.43165942520338,2,0.16202078725689986,0.6897524258233683,1531,Sports,Social Media,0
f1b1513e-82e4-49d6-baab-24d822382375,9,10.98867318800022,3.2570597504118415,4,0.39898609471738633,0.4231623496338934,116,Beauty,Referral,1
1445192b-6781-4602-98a5-62ada0bceb4e,7,44.0441365002958,20.799502751906697,3,0.09778656030057552,0.2941392708514772,207,Fashion,Organic,0
e2ba5a09-535b-4902-ad70-1e4d687cba9c,11,74.85672401447455,37.071954274032485,1,0.11384798395226729,0.40796764832147586,10,Sports,Referral,0
bdefd4ba-e283-41b3-aee4-2c27f2bb228c,11,25.50037807308419,18.60281139638581,0,0.2804239056078407,0.46716949433975774,515,Home & Garden,Organic,0
2580f0ab-895e-4c36-959c-be2d94c76825,8,54.09450241804083,3.012667605513171,5,0.35582386651509934,0.2933872659966183,1681,Fashion,Referral,0
021b273c-8fdc-4f09-8a99-6bd1847e0791,9,21.131271146200234,5.439912895817926,4,0.4106015827943147,0.07711305770839155,504,Beauty,Paid Search,1
9a3978ea-70d2-42cc-a846-1e169b56cf5b,13,42.21750382398494,97.09294009371224,5,0.20871152342723245,0.33442376284953496,805,Books,Paid Search,0
5de6652c-d65b-48cd-b798-5098a309f44b,9,22.528126466588958,145.4084392792475,1,0.09286707999847074,0.4995992522365086,327,Electronics,Referral,1
03168f04-33c9-4429-b5b9-ab45b0cd7581,9,63.7717467434541,9.908988110011512,2,0.13720114738424893,0.32001964844177944,213,Home & Garden,Organic,0
a60c86de-398e-4dc9-b1f5-db70339aa8e5,13,12.043268523326951,17.201909962423294,2,0.054518606145417016,0.5434260395525211,333,Fashion,Social Media,0
6db52147-6d0d-4921-836a-68d8c0adc60c,6,14.699684760777796,63.376184184445485,3,0.33041979157061596,0.36732973928082674,384,Fashion,Referral,1
11fd7c74-2244-4de0-8b57-95e27c661ec3,7,94.11967610663417,185.10237484427415,3,0.16468196455268883,0.22733196859320987,238,Sports,Social Media,1
e1b36a17-2b25-44db-9eb2-0ca126f40794,10,10.0,21.365339150166285,4,0.23363538461561842,0.483579802247926,1444,Home & Garden,Referral,0
87a7e977-49d6-42db-99d2-a89207d8cded,9,19.829944924978122,115.94975443790113,3,0.31062811218647496,0.2124601322594445,871,Electronics,Email,1
f89d6ee5-fba5-47f7-ae29-410dfbd66cba,14,29.557449143810395,42.316179035400545,1,0.24280874372669628,0.5242278797663728,985,Electronics,Organic,0
2531428c-ed7b-4d9b-af10-e031502dcc80,6,43.921601040771876,188.1805965081525,1,0.08143872166122658,0.17646731971570773,684,Sports,Email,1
1555469e-3fd0-4328-8ea8-fc04ccc1ce69,9,22.595591494603937,8.78891596865825,4,0.12505084062515778,0.10313885766651526,385,Sports,Email,0
3c920ced-6da9-4ac6-ae72-f77999e45561,5,13.455546605476288,218.22824354046114,3,0.03139321323684574,0.4110574436657099,172,Sports,Organic,1
82ce610e-6451-427e-b210-5045aa4bf023,4,88.32510046876911,34.89405442168567,3,0.042053533561520355,0.47794329170758393,139,Fashion,Referral,1
ae88147d-3a2d-427f-bc0c-195249b8798f,14,76.90771801124261,183.37786162085652,1,0.16088099041654255,0.5330332868609723,338,Home & Garden,Organic,1
f0dc199d-23c3-4f86-96c9-a176b30df391,7,24.448482514082897,36.825813136829005,3,0.1959927526502929,0.17071943887180685,1551,Electronics,Organic,0
808955ac-1a59-4ba0-840d-a7f2fa055f10,8,10.0,45.31184117983406,0,0.3964693553126035,0.19642822973725726,395,Books,Paid Search,1
63888e8e-bf0f-4ad8-871e-77750e3b19cf,11,42.306235181679476,98.01615537094318,1,0.2418543086037745,0.18581398274078129,648,Electronics,Paid Search,0
f110990f-7f87-42aa-a762-4649a4c72377,8,38.29810559174909,76.94385112627427,1,0.25593239428056763,0.3601027201099653,1045,Beauty,Social Media,0
67ab12d0-d049-410f-a8b1-7c26350d5a88,9,19.42096243889263,57.992440626063754,4,0.049522430533809704,0.3021410808681766,933,Home & Garden,Organic,0
b5f02586-8a90-4027-85cb-b09796da4c3d,9,10.0,32.37202970182245,2,0.32740700038021137,0.3776885857744246,1215,Sports,Email,0
e3cdac1c-5d79-4076-ba48-f2708fe079b8,8,26.649133334019027,94.33961753005433,4,0.15558820600215978,0.36041525856750156,355,Fashion,Email,1
42d18a65-9522-480e-b524-032ca33fa860,9,61.14478869089937,177.65473524355414,2,0.1863372868990766,0.5685409147968294,956,Electronics,Paid Search,1
b3e43250-43bf-4caf-9f1a-29c3e50e0fef,9,68.97429290553882,0.5915604543201628,3,0.31968494472321424,0.5465016780461771,1401,Books,Organic,0
c39ac00d-07c4-4afd-b49d-26b1b1b074e4,10,31.96534420225052,53.1813612486812,1,0.07718467402120482,0.2565393522906598,707,Fashion,Referral,0
0b54b463-5ea2-45e5-8acb-0bc9d3bb0895,7,20.110081697906857,120.58639008604831,1,0.12855795340864312,0.22483254676903183,1773,Electronics,Paid Search,0
44302212-91fa-46ab-b897-3fb69ba12a5f,9,59.59494602634651,63.52529200522071,3,0.12599095107833244,0.22866102712437905,1055,Home & Garden,Paid Search,0
860fffa2-b808-49c0-acd4-07a23da352c1,12,13.334993944037535,96.8155692775471,1,0.11906039973477424,0.26292788579302023,1231,Electronics,Email,0
e7a51187-672d-42df-86f7-d683b5a46528,13,11.202860933023592,135.26262237822908,1,0.10153959521331862,0.2603349574038597,838,Books,Referral,0
1e985dc9-e2ce-4f4c-9bc4-39e3e006f2b4,8,30.85292758692465,83.40634070299566,3,0.27982719908465264,0.5097305495634986,1565,Fashion,Referral,0
7e682a8d-dc75-46ae-8060-424d3b673250,10,114.10939717276638,75.74219232905133,0,0.07847115388237502,0.3501005142360961,824,Electronics,Email,0
e21a6075-c194-4cdf-8767-80577b7e50e1,7,117.58503022268631,200.71039196784852,1,0.11187643062196309,0.3941844870781011,1719,Books,Email,0
60d5daf6-5591-4b0f-a048-f12a41f77f62,10,11.53952073732344,119.56706311742694,0,0.29552860450817386,0.1344497028323373,561,Electronics,Email,1
9eae5f79-0c8b-4bb9-a640-1d0725c30c70,6,23.340585060978807,101.36664486091334,4,0.046113499265188485,0.2962662433970854,1580,Electronics,Referral,0
b26cc628-0552-4c2a-99e6-98a3249b12a1,14,232.08800323801728,5.421967101718607,0,0.2869102575388827,0.32909017922023154,1167,Beauty,Referral,0
a0d64d2c-1cd6-4de2-bd9b-cc986cf6942a,13,19.09192254982743,16.38967140858023,0,0.2522643919305891,0.1892990068896844,1458,Sports,Paid Search,0
78a04397-5e75-4f8f-82c9-9060567c30bf,9,121.0000871576273,48.81809552268834,2,0.20520737496427374,0.17840508624668971,69,Books,Social Media,1
e546f9cd-5e07-4d29-aea9-88b2aa6e0647,9,72.29886651481091,74.18151755423342,2,0.21410261776302875,0.3017018267782614,506,Electronics,Paid Search,0
3be6787f-b99b-4a3a-a299-eb5f78ba5858,6,85.85728900820037,21.67669365149081,3,0.2301441147236064,0.5661304222138829,1546,Beauty,Organic,0
82274244-12c5-4732-9299-67e37a556160,10,23.18059163119704,5.878479047367083,2,0.06805260121936993,0.48050099053998124,581,Fashion,Social Media,0
657dde68-3d2c-49bb-b4f6-18d95f0cb08f,4,23.73597403690707,22.3594785583946,1,0.1648373685609565,0.4047864089488694,1300,Home & Garden,Referral,0
0672aa1d-0753-447a-9f36-6f6a54f6fcba,9,15.982702470430983,88.44964257978593,4,0.16839596210144078,0.20173883089500394,1810,Sports,Paid Search,0
7652bb90-33b0-46ea-b2c1-2f889c5d62d1,11,62.74413750415508,125.9301990868901,3,0.15005510676026415,0.26450329285913987,324,Beauty,Referral,1
1b0511f3-3b32-4fba-8aca-ac7b6b9d2d8d,9,10.0,146.4444169708562,2,0.12353887347888225,0.7009687946282425,762,Sports,Social Media,0
15c07e16-0608-4f21-8853-3995eb13069d,14,29.057587575542012,28.572571963330283,4,0.23941345939851655,0.6441842405775401,302,Sports,Referral,0
c75a82ba-964a-4d5c-82e0-da3ea6de7e6f,4,122.4346622917365,27.964385024795146,0,0.018493924312048257,0.2111855292457964,282,Home & Garden,Paid Search,0
0a85c195-4773-46c0-a6b5-0143e715098b,10,53.28378193279584,31.3240618817845,1,0.14965603169638858,0.2748941948259913,1155,Books,Social Media,0
8cf64fe0-8de6-4a31-b811-78186f821b9d,5,73.85552543177498,28.277977185184678,4,0.051730619218704484,0.30652806715961195,350,Fashion,Paid Search,0
83ac3a14-7e5f-4244-bbb6-b3feeef9f6cf,13,10.0,65.8321862733736,4,0.2552434856404324,0.1985642733244569,881,Home & Garden,Paid Search,0
b2b43d18-e9c9-403a-b988-337edff8cd03,9,14.950333456957283,26.62023754036924,1,0.0813398129913029,0.3366177220539014,1784,Fashion,Referral,0
05640d2a-549c-4c59-8c91-85f72f58c040,7,85.39821367813163,1.2332234787429825,1,0.06972522278328412,0.2809972287516744,608,Fashion,Social Media,0
5c1b7bb8-9deb-4b11-8c91-3ee9be6ce0a5,9,36.621151174581186,34.68469355486869,3,0.21639286567447666,0.6505049386644105,1594,Sports,Referral,0
1af71961-2e5e-4ff4-8350-9edf64bc9d47,9,14.41524906379369,15.227924374334435,3,0.17962537222587513,0.5804196027496469,723,Electronics,Social Media,0
9b4b3223-2f63-4ef4-9467-72b831e84b19,8,54.6587234841898,1.753812489159261,2,0.10897052354161989,0.13274503187411435,480,Fashion,Organic,0
6c02cebe-1a5e-40ea-ac81-12fc3b036b64,10,21.60992806648772,38.18820079055538,1,0.3811953358816031,0.23933368989566345,614,Fashion,Organic,0
bb5a584d-1d90-4caf-8b16-6cda943f0abe,10,252.1558348190367,13.836875348624304,2,0.14529917758581212,0.5091995819323594,233,Fashion,Social Media,0
ea8fc69f-4dc6-4076-80f7-decd767279fc,7,53.475575887975005,36.1700751478184,4,0.042899031212583524,0.34883654118217367,1239,Fashion,Referral,0
fb18142f-d8a8-4123-9b7c-581979ea3baa,6,15.830057902029193,19.523035265814137,2,0.04039318323859071,0.3542547476379572,929,Sports,Email,0
58e82cce-32fc-48b6-82a7-aca8e467bd65,8,67.00827687739014,55.536369706661176,2,0.03865205795285923,0.3385537849184633,1120,Fashion,Social Media,0
a57bf245-5870-4c8f-a674-1a8c44c1e188,9,120.51987215400612,281.81993933752676,3,0.10068964318438106,0.20144414340116593,553,Electronics,Paid Search,1
6a513998-a42e-4e5f-97a5-94a49e67040a,9,32.95808154978045,47.54251505096926,2,0.12158595651471214,0.3750781058608501,1192,Beauty,Organic,0
c297a124-ae74-4ef0-8481-523b2763a84c,8,17.915271091212013,62.459544750867366,4,0.2577160345437845,0.3769972817392209,301,Books,Social Media,1
b8369734-5232-481b-a4be-efbc3bdeb239,9,34.31069849225392,151.00298095222783,7,0.17291218816485937,0.11959430034594477,1191,Books,Social Media,1
c34b80ab-5c46-4797-992d-822768865db8,6,20.282579620002195,28.10433451048439,2,0.4518091139868472,0.20065570510196726,148,Fashion,Social Media,1
14bcab4a-5869-42f6-81cd-cbb54c9838f0,13,26.93288554028294,10.930782395872143,1,0.042383163565256815,0.24128662184035063,731,Sports,Paid Search,0
e471f7df-6809-4257-85ff-f79f10a7477f,8,10.901771570326996,19.943804929076805,2,0.12244702007852183,0.3222597168522861,1113,Electronics,Referral,0
cd889a45-592c-44d4-b79f-c5c4eebf65c9,11,66.69780075110687,30.929684500564562,1,0.01732437237343461,0.5359036454610621,1561,Electronics,Email,0
1358b89e-9703-40bc-baa8-cb23944c5001,6,13.20475182345072,62.141237826094375,3,0.07391439378311059,0.48172256270967584,1482,Fashion,Paid Search,0
63496532-cdf7-4ed7-bfe2-a4da9ad53722,9,53.86761936779407,0.27591520443741596,2,0.06700528573471161,0.42089880596003887,962,Sports,Email,0
41281e53-1299-42aa-93e3-cbe19f918805,7,25.964232269100993,115.19597995615666,1,0.21616169089426848,0.7490992558691912,1612,Books,Organic,0
3eb46929-9274-4e58-a37c-18728ec3a410,7,39.57989007976024,4.748694896842658,2,0.18830689935011097,0.11555819730119334,923,Beauty,Email,0
fff9153d-246a-4072-b02c-318adbb153e4,12,22.651733716989177,138.54948824293132,4,0.0826781404279316,0.4568671070673508,944,Home & Garden,Email,0
afaee05b-debd-4c80-9457-24fa8547c261,11,38.74391414215197,179.06917036616505,5,0.2123541145094491,0.2529168711296575,1315,Fashion,Organic,0
2f7b399f-6f27-4062-a44c-75886d8d03cc,10,46.81100981452451,276.9301677135518,5,0.17603231070797554,0.32848467136717163,1602,Fashion,Paid Search,1
5c35973c-b665-42fd-92d0-eb7a83b6af59,10,25.010827266903302,99.4893928378753,2,0.2250589480409834,0.5646740052331679,1100,Fashion,Paid Search,0
0a7fd5dd-ba93-4627-829f-c42dbc70d425,10,10.0,9.178968539048869,0,0.3301546698185939,0.1963912893547213,1723,Sports,Organic,0
58913ba4-b91c-462c-badf-0fd7125cfe6d,6,43.36324976948401,73.48463084105578,3,0.17847451772982337,0.7301441394364797,425,Home & Garden,Paid Search,1
70ad5e9d-c616-4f69-9173-626576193ed1,12,45.27085167757484,13.638228386851898,2,0.1933743475038018,0.34879463685430395,1686,Sports,Referral,0
f9d59f33-b219-4cf5-aa7c-d11730a652c3,8,10.52557483317118,136.45609102333745,5,0.06647658144162306,0.04557820946452592,405,Fashion,Email,1
48861674-43b8-4dcc-a9ea-21d0e588ad53,7,15.106679153751431,22.841016611000995,1,0.1147275615017273,0.2529797765635069,961,Home & Garden,Paid Search,0
30fd47c4-1540-43bd-bef0-1d0068ddebb0,6,25.07226140461288,23.742410451538902,4,0.20039744059956716,0.5224084877024001,1452,Electronics,Email,0
82944417-795f-45c5-bf05-d3644aea0492,11,10.0,149.80901078473335,3,0.17265527247950654,0.8132846452477391,1463,Electronics,Paid Search,0
a5b5473c-2f0a-4b76-af9a-6efa38cd6969,9,58.34215451781201,0.799162873612991,2,0.31835299439814513,0.12327493566607317,508,Beauty,Email,0
fe3c6395-b555-46c8-a395-b5d5fd7dbe41,11,22.397643013527592,12.937772500760966,4,0.12750117163155875,0.5693251502163592,1799,Home & Garden,Organic,0
4c07fed5-7620-4ebb-a74e-beb7c9197979,10,41.71481661390274,32.88385387794676,1,0.26109022135383025,0.40385284628213636,148,Fashion,Organic,0
c13066f0-78f0-40de-9952-0b041075f5a5,11,14.15662885237652,72.38285555351493,4,0.29202733628498956,0.36192669837156577,64,Sports,Organic,1
d8ee4d04-b956-4dd6-82f9-956441334a9e,10,166.33283563054988,62.573542766404024,3,0.23747868663530575,0.6515878097934005,1535,Fashion,Referral,0
9fcca555-cede-41be-903a-d0283f023dfe,10,10.628387071481631,66.41292085717058,0,0.48046697721685083,0.33857766221344754,1494,Home & Garden,Referral,0
8167ba8c-2efe-479d-8adf-b29ba4673a67,12,22.225074965333963,127.22682738840058,2,0.06213195019138137,0.2942994805084801,1301,Beauty,Organic,0
231d8bfe-76d8-4434-b144-928736c4e1b5,11,86.4241362691054,7.740298838184994,1,0.09942375650203847,0.08589285031907877,1552,Fashion,Email,0
3d21b283-5f17-44e3-89c7-876774c0fae4,8,13.20331086231593,44.30897281964553,0,0.06786685213646364,0.5162917776904334,251,Fashion,Organic,0
ac6feef2-d7e8-4359-b1a2-89aabcf86401,10,35.61670505006582,77.5633645812177,3,0.20810480942429208,0.22541072659794228,175,Electronics,Organic,1
b620459a-92f1-406c-baa5-6fc949a8cda6,10,54.67871159525492,60.65561141675249,2,0.10753265859069552,0.4026263304257284,1769,Books,Social Media,0
9c4d1e2d-dbe4-4c68-8f94-454c092065a8,3,10.0,35.68658715245459,1,0.15058852336011722,0.48624106770482395,1139,Sports,Referral,0
29910c7b-ce9f-4fbc-960c-9594fc3d9d3c,12,19.396171691091496,1.035763988969755,1,0.0611846978508255,0.5394357656573201,1678,Beauty,Referral,0
c7f345b9-b4c9-499d-95ff-10afdff0ef2c,10,38.556725848928565,3.7413991900795374,3,0.5598676173373663,0.7999673929593627,1654,Fashion,Organic,0
7238ad08-5709-487e-bc56-71387c046a9d,6,47.59160593585569,7.597863414824461,1,0.5151303153401203,0.12082550667875497,1192,Electronics,Organic,0
55f507f1-2d14-4945-9f8b-dbeeba60bcef,3,17.15280145141467,25.225078581486777,2,0.08944935595013805,0.3358558630815944,1147,Books,Social Media,0
2fa223bd-5d6b-4ae6-88f1-39b041d74f46,7,144.3807489586784,7.510223360181648,1,0.20996920270293723,0.36515273820032507,657,Electronics,Social Media,0
0bfab35d-d48e-46a9-a87b-3545546df16e,7,48.65501617032051,33.31615772962784,1,0.1654179425059161,0.3133266800569627,272,Fashion,Referral,0
c94fcc9c-c5b2-4a73-a0e2-b83d06d33397,7,61.64066473563387,11.807771971095057,1,0.10922515819934098,0.22133318317397838,1253,Sports,Referral,0
950a16ec-3521-44ea-8c6c-4dedc2be516f,9,58.814669968448285,90.62069312294959,4,0.18178444319095063,0.21366673824738927,1492,Books,Referral,0
ca0aa6f6-c274-415f-9a86-6f9cd795eaf1,8,10.0,123.10380067749827,1,0.02507658075520648,0.29735499842855045,994,Fashion,Referral,0
48f0f559-52f2-427a-921b-2284616601d1,8,30.210330828071733,29.623117975156234,1,0.03646252001094003,0.48827683037760355,93,Home & Garden,Email,0
68ab180f-8544-48d1-a502-5f26840cb022,7,32.68806931022351,42.9642885864808,3,0.17051010205977357,0.32127279468469105,265,Beauty,Organic,1
db2534f6-3516-4abf-bbca-67adb2a89d4c,9,27.0182508934108,184.0933285805224,3,0.02068745965996175,0.1890551378762215,186,Beauty,Email,1
13ae480e-b0c4-4a10-825f-1d3744a18ebf,10,39.093898682084046,46.00862501937126,4,0.15755572574785665,0.3630764259877436,1200,Fashion,Paid Search,0
e38cd67f-141c-46f2-bfe5-941204dc41a1,9,10.0,318.7841282799526,2,0.07670510706657518,0.37828508739598177,1031,Electronics,Referral,1
4f610a27-290c-4461-abb2-0810047d7fcb,8,36.688696508201886,9.198231867041548,0,0.17623669038386955,0.3610889966408309,851,Fashion,Referral,0
45e6ab6f-21da-4874-97ec-4624b8261f03,13,25.980535435064965,118.92862021538208,2,0.14767587929981638,0.6772350406693134,992,Home & Garden,Organic,0
545aa175-4280-4cc5-a494-c4b5b8180cf2,9,10.0,41.25412645122894,2,0.3727006137955707,0.27350869143128814,504,Beauty,Referral,1
5c77c700-2ea9-4ff7-af21-14e4f3660566,7,46.42964971994954,1.3785630454143838,0,0.18266860372827895,0.2881931894004364,1468,Home & Garden,Referral,0
055166f1-0665-4391-ad1c-5919c745adda,10,12.871852882953103,215.0126898364713,1,0.2585884425942446,0.5445777602684639,600,Fashion,Email,1
4706c213-2db4-4d1a-897e-570a79c33064,8,24.424409058957163,201.22660313566857,2,0.05727066262916397,0.5646313378062824,1176,Home & Garden,Paid Search,0
c9dd6708-871d-4153-ae82-c7e16c157861,9,27.01737950751099,28.999518868109107,1,0.21176364970314882,0.6603606286030194,713,Electronics,Email,0
ddb12f66-0727-425e-ba66-37ecf506ff60,10,10.0,184.93242981752888,1,0.17979856726575982,0.6143801654303674,132,Home & Garden,Social Media,1
c86ac9f9-5d9b-49af-aba4-c4c1b4e99ebf,8,10.0,9.119854921106638,4,0.14818220894611636,0.18735217608434226,469,Beauty,Referral,0
6dad311a-ed84-4ab6-b21c-2ccd8b424651,8,51.2287280502924,68.38671200626891,2,0.19840950203405425,0.3559634377246965,1761,Home & Garden,Email,0
a07c89da-ad8e-4141-8d7c-3934b36b4717,7,20.428795985132084,12.78632020847201,3,0.33839431167355644,0.15383709700497827,348,Sports,Organic,1
9940caf2-c445-4d9f-b99b-1f92a6a54520,8,24.183599718400547,16.993300994438574,2,0.22475513009087092,0.30502067382817777,192,Electronics,Paid Search,0
65662f04-d3bc-4f6c-96c6-4a6f3fedd883,11,35.102532669977705,90.66723656886387,1,0.1961984594123112,0.23910018440694797,532,Beauty,Paid Search,0
7f92c975-318f-4601-90ce-7c5dad43d535,11,10.0,28.427022001443312,1,0.14957052542989077,0.35886337289293985,1602,Home & Garden,Organic,0
a7f1dac1-18c9-4df4-bd0f-eb2ec6f1a89a,8,23.898976912571005,0.4291814892757598,5,0.2508938533482861,0.1873851929141231,559,Beauty,Organic,0
a32b13a2-fdb0-48b8-b434-905b97059144,11,30.310819778111206,32.0905463655618,1,0.3162387462131514,0.21198107278058217,762,Fashion,Referral,0
08369344-b9e3-47d9-939d-33e094cfe6c1,7,135.86042870682124,15.53163159330325,1,0.23137397850839841,0.5675759662007,566,Home & Garden,Paid Search,0
f4deccee-7723-46a4-ab12-5c3058dfefc8,9,15.859468116254027,68.99368702946192,2,0.15767005203187304,0.18452421685078196,1804,Books,Organic,0
ced95e20-6ae6-4f30-8a35-d1d5151cd3df,8,62.24658440847922,12.973703230488603,0,0.2369971970417953,0.1849954743426792,1824,Books,Social Media,0
2027792e-479c-4f05-9775-5e5018002414,8,33.067942939981904,110.80596870471844,1,0.14702975279364974,0.2636631105989415,881,Beauty,Paid Search,0
3d965ae2-51d6-4347-a01b-4a71ef5d3a25,9,13.350154211766181,18.644188651098332,1,0.28165606315549,0.6391165506659909,1432,Electronics,Organic,0
d5bd5ef2-52b6-45e5-ac45-dc1db8ba339d,10,19.9583388326117,29.9563825808742,2,0.15177286735642262,0.35638456046991285,402,Books,Email,0
ec08abc7-174f-4fcf-a0a9-69725adadd80,10,66.221917572427,21.23246307557443,4,0.09124537608320347,0.16787032288559364,683,Books,Organic,0
42692c7c-1d55-4a96-b55e-985e19092454,11,61.657593261105085,61.95655536989125,1,0.4995321577316359,0.4169775821384026,1240,Home & Garden,Paid Search,0
81b78f6e-9075-4ae9-a9ab-9ecb5237c96d,8,21.84072337282396,6.3992505396056085,2,0.36991509500356556,0.04646496010764388,523,Electronics,Referral,0
5fba9aab-a0e3-49fb-af85-516a086c6d74,5,43.59662639545222,39.0166847025438,0,0.3257192801829657,0.23376917172491074,410,Sports,Social Media,1
a323709d-c867-43c2-9512-be97cf27ecec,7,14.445576492026543,24.428924847383687,1,0.19105492576772584,0.292425580110226,1683,Home & Garden,Organic,0
49832a4a-e6de-4954-8dab-47557fc2d62e,8,28.753329160517648,129.32130806356128,2,0.16530357022922082,0.36173320091333905,446,Sports,Paid Search,1
84b77beb-b457-4ac8-aea3-6b1d60e3c07a,7,23.48414470865227,4.574781458614221,3,0.35360052861299623,0.3201174989638178,109,Fashion,Organic,1
1572f949-d12b-48bc-8b84-1f0bb63c8bd7,11,69.78519019645002,106.20988278392741,1,0.07603329830416529,0.30920968298558016,1370,Beauty,Organic,0
2c61ada2-8c42-4d80-aaeb-b92c68b82069,8,47.955527127896985,11.012332155246252,1,0.26260760471711864,0.6562733400578915,444,Books,Paid Search,0
92975c6c-bfc5-43a9-adc1-37c388e3b97f,16,19.28150243560753,5.564933318143829,0,0.12268979152560998,0.45789046759335317,822,Home & Garden,Email,0
41678b73-3256-4f88-b732-d6c0c85acebb,6,20.880283290126783,13.563080850756478,1,0.13618150304072843,0.15105709661258648,204,Electronics,Paid Search,0
3f29ede4-3a2c-45ad-a442-f127539a7c0c,6,32.35472399617156,6.498757598616269,3,0.11940094709607016,0.7097695255481912,125,Books,Paid Search,0
9e9d4e09-1d8a-45bc-996e-2327e88c6638,7,29.106762429125705,44.16127026434545,2,0.41389062227197126,0.18668431021052942,840,Fashion,Referral,0
64de9ccf-89b6-4f83-8f92-9316c26c1079,9,26.47977416808452,266.4554248401162,2,0.26860758959746456,0.5794547047472829,615,Beauty,Organic,1
ea51e769-92b5-496f-bd69-817d7839ee30,14,24.989012208519416,2.095822549671528,5,0.0981633821310746,0.48396523684240694,923,Books,Organic,0
3f758f4b-bf2a-41b0-9740-dbb92d3d7f4f,9,99.81810538111351,37.09667167958008,2,0.0492278993463054,0.34495257660898837,1762,Books,Paid Search,0
29c31fa5-37ec-4fd0-ba5c-b970c7adf26d,7,23.068401335204033,29.272493994986256,1,0.03641621362818403,0.47984847862902313,744,Sports,Email,0
fa4970e3-4f5d-40e9-9906-bc89d660f9f5,14,42.09735710902386,24.895156779121116,0,0.27160210861985074,0.443732126200663,1100,Fashion,Referral,0
f6759ce7-ee6d-457c-b410-43ce820e8ff6,6,230.01283240481106,24.19577701731665,0,0.5261627671965842,0.3994161540805919,179,Electronics,Email,1
4712b25d-1844-4ccb-a17b-90f678c6bc6e,8,16.82404067341002,135.23498567315508,1,0.2216796412153094,0.3627100044982748,1616,Books,Email,0
7b549278-d4fe-4e00-a5e3-7a76dc840f2a,7,38.63559009255641,1.1495104798880285,4,0.06820451637178662,0.47560549812436564,1470,Books,Referral,0
91c59072-83c2-4276-91c5-495b6a16794c,7,40.26859137269321,89.47700004986359,3,0.24364307449182376,0.4740652846961515,953,Beauty,Referral,0
f30e55fc-4c5d-41f9-8cba-00629ff2025c,8,32.82276594502015,17.496038706817238,3,0.15376944756401026,0.2262330155798801,335,Electronics,Email,0
c3ea168d-5479-4aeb-a27b-1774e31ca77b,9,34.222563817375494,29.00191905896276,2,0.13703450645141735,0.6151231613724759,777,Electronics,Email,0
697036aa-9d75-4b1e-a511-7921b8a87bae,7,16.392310868729677,32.69914075676955,1,0.24169271605810333,0.18981092908447575,543,Home & Garden,Email,0
e6511f8b-5a9a-4c18-9748-b275de7c7407,10,44.1271617729553,21.80745255127768,1,0.052308614624831794,0.3562369703211513,1814,Home & Garden,Organic,0
71b076a3-811e-43ad-b28b-70c73ca416e7,8,10.0,5.893751038421126,1,0.3925028996059482,0.2638004817480488,896,Books,Organic,0
ff9133db-44fd-4cce-9607-1daa38a00614,7,139.52863015039466,7.284708999510121,1,0.2295294713073791,0.22218063694269832,771,Home & Garden,Organic,0
e30a2465-3aed-4737-92f4-2482fe66d782,7,130.37715291919085,21.24052073073596,3,0.22133155834475055,0.2789623460492389,309,Books,Organic,0
14c894c7-a644-46da-a4f3-9b82d25552e3,7,25.447424348004777,103.49397402433848,3,0.11688093473427122,0.20502446293832619,437,Electronics,Referral,1
452165e5-0b3f-4a72-964f-9a3aee90b70f,6,76.81510956783255,8.675724327956308,3,0.04992914239720316,0.1279483710661441,1298,Home & Garden,Paid Search,0
ca7b71b4-c1de-44b1-b484-28d4a83eca11,8,26.18808948935601,81.4367248633271,3,0.1994430232315568,0.6290661250634174,976,Beauty,Organic,0
83d762dd-00fa-4e58-879b-02ebe3cda670,5,33.376365262227544,20.453978660609092,1,0.12563041095043767,0.4457484864328565,654,Fashion,Email,0
621a5cab-8c4a-4771-a8ca-a8c1739010db,13,19.206556187398967,128.97378390608017,3,0.3037783766131921,0.1896849085382926,542,Fashion,Paid Search,1
eb247a5a-52ce-4704-a162-9850497d09c1,7,63.80411124179862,33.55144261469211,3,0.0621852213091303,0.42176503237670726,367,Electronics,Organic,0
13914429-736e-4179-b5af-af3a4ef8a40d,11,20.800329642534617,11.30448106394779,1,0.40012042679080023,0.3227987397195005,62,Books,Social Media,1
cf710818-288e-4ffb-89fd-c7cc3a0852b4,5,62.06137944402322,255.4589108071139,2,0.029895577562471118,0.29400172172427963,1783,Fashion,Social Media,0
074f4d92-6076-428c-bb16-2bb4ddf16e36,9,32.02013698377367,11.661305599244121,3,0.21025558620760731,0.33400093735455133,1374,Home & Garden,Referral,0
8b582cf3-52d6-47d5-a20f-34644b1e465f,3,32.661694503834745,50.307002058323775,0,0.07920801566137414,0.410151158176684,1693,Sports,Social Media,0
8029025a-00e1-42dc-92dd-6fbb95ce1123,7,10.043665852545411,50.53872553411575,1,0.04986599583311458,0.04275963736572478,753,Books,Referral,0
c01e9084-5cc6-44f2-a511-44261e5dc4ca,10,34.739647865420096,27.990675394143604,2,0.19856330470067066,0.5495145422138771,1586,Home & Garden,Referral,0
ce77f9a1-7edc-4619-8e09-24f95661c4d8,7,13.241119327107272,181.55737821135256,2,0.1568751361087548,0.3524149904079781,468,Books,Referral,1
60f16f1d-99a6-4011-b1a7-a265f178a352,11,34.78810622669196,111.4257304639896,1,0.5852357627386313,0.19801738550790177,930,Beauty,Paid Search,1
0524d2f0-5afa-4de1-a553-04420fbcb56a,7,156.30584153436584,106.25375987951804,4,0.14982484296474044,0.4698712596924771,370,Beauty,Paid Search,1
a354f080-50ec-49a7-8ee2-66fb68af24fa,9,10.89557928413457,219.33117314263475,0,0.2587488249811206,0.559894936011744,1406,Home & Garden,Social Media,0
d672565c-bae7-475e-b80a-94a5304e33d3,4,29.443573235061262,36.650840328078374,1,0.11330578125135385,0.22992901532869642,908,Electronics,Paid Search,0
bbae4e17-1280-404d-823c-429ee4b51909,6,19.917561048973877,6.134308698866371,2,0.21096327351017807,0.4742883219108504,979,Electronics,Organic,0
4a60c436-d094-43ba-9de0-7e7adf1f4ac5,12,14.407448961162267,87.00670545496949,1,0.17665540238302743,0.1142149448838157,1568,Electronics,Referral,0
5e10d24d-1de7-492e-bf29-46aa0941489f,10,17.584306323348066,28.76083635391999,0,0.040406549413559305,0.6100300841020254,1349,Electronics,Organic,0
8cb6fa56-1bfc-483d-bc88-d651a77a0862,8,107.41053818435165,12.668834127924972,3,0.2933779747692799,0.3416794791909476,1763,Home & Garden,Paid Search,0
db37b171-7e34-4dce-a0f9-ab3fe7b04f48,9,132.8457662532438,39.61145634650243,0,0.34126996513518004,0.7198367364334524,740,Fashion,Email,0
92f90291-7c14-4955-9520-4ecbb35d10b3,5,14.33815337102749,155.99395647128287,3,0.19614373297496407,0.28292498413600564,842,Home & Garden,Paid Search,1
bcd6a544-fd9f-428a-af1f-3a9ac827e7fe,13,45.637391598094844,11.277952732186813,1,0.520306188690419,0.20915598291253393,1123,Home & Garden,Referral,0
1684cbb4-62b3-402e-8498-398d1a5f7424,12,15.87594942286245,113.30896965691954,0,0.19144365798751461,0.255046010484714,827,Sports,Email,0
5979aaf8-7d30-49ee-b041-830d4aba52f1,7,19.246727080522597,32.49822159741103,1,0.15348534489898308,0.344281937166062,766,Sports,Email,0
215d16b3-b7fb-4a2f-8a74-4aa4c8a12f29,10,10.0,8.826669578758052,1,0.15459897330208738,0.19285443410542458,622,Beauty,Referral,0
91c58530-1a25-498d-9c05-0e6ffd02ad0e,15,182.2652008945144,113.18358505674414,0,0.11204829196985681,0.6452304649783566,1518,Home & Garden,Social Media,0
1666b176-17b2-454d-80ed-815e8edf87fd,9,79.73071175675787,209.63892076011064,3,0.2346895593215825,0.3741994773208747,974,Electronics,Paid Search,1
c557f702-98b1-4aba-8fc9-27be1d790fe1,9,19.661296545457795,20.65689918352297,2,0.23092885235703917,0.25627416655368973,1108,Sports,Paid Search,0
dd28c023-69ef-48d4-b7be-103a2f7dda70,7,41.59048607325432,21.704368524057806,2,0.3284138033007828,0.6119563472404349,373,Sports,Email,1
aa2c79d4-069d-4460-ae7d-e841ce77509f,9,24.04710636846163,29.711506606725568,3,0.03212207171346499,0.09468944623986393,460,Home & Garden,Email,0
9302b9c0-01f9-4250-9441-d70381bde9a1,7,70.58105126739703,100.96258411205882,2,0.31727249323839835,0.49894711571397005,620,Books,Referral,1
39287638-7d7d-49c9-9ebc-0c95ef944704,12,25.20381025651243,0.6283101311991627,2,0.0801177098962154,0.42596278803711857,849,Sports,Referral,0
9882a396-dd7e-4477-9560-d626f219bbb3,6,28.33733766077693,15.212806220241054,1,0.21490901817477204,0.7550161080805279,81,Electronics,Social Media,1
6806cc7f-ed31-4668-9527-92d2fac8ece3,13,19.498887686940794,73.43008746872198,4,0.16479374781659847,0.27784982484359844,1621,Beauty,Email,0
e3a30065-2858-4b24-a0f1-4dd3f7b58dd3,10,53.683968023335105,31.216149482772487,2,0.024160150390086774,0.13994444072423873,1649,Home & Garden,Paid Search,0
a5d2ac09-71a2-475f-a9d6-ddf421bb9a65,12,193.9232929234216,24.055133536657024,2,0.05610084474304809,0.6003355548593307,1207,Books,Referral,0
604e1c62-5dc0-4638-b070-f0393eb96694,7,26.37964674922176,123.47625182505006,2,0.47984948919448533,0.34614729890312373,577,Fashion,Organic,1
29673bff-452c-4e71-9e14-4ffb52ca5c6e,10,26.13867722157415,149.57675520322064,4,0.16057754951836614,0.375582240816144,703,Electronics,Paid Search,1
0e8e04ba-ae98-4c73-a827-95070eb73f74,10,32.45607127537445,177.37479476859312,3,0.26435273142402355,0.5002306050754701,1339,Electronics,Email,0
87a51506-f4cb-4db3-bf95-a955773b89ab,10,40.77899804855423,19.092644582531182,2,0.2167599840020899,0.3218664090779223,523,Home & Garden,Referral,0
01670a3c-4cf1-4c64-b43e-2cb51a2629ab,10,26.070862618269697,146.17563630129814,2,0.14350314708027218,0.407718184986147,1111,Fashion,Referral,0
ebc3faee-7bd6-4fb6-a924-951bf7bcfe0e,8,24.19608672190746,80.1282170856961,1,0.06026162094491361,0.3834997598003123,1654,Electronics,Organic,0
214f3861-1c59-4af7-80da-3ad49434a4ec,6,35.375493735854455,10.049387485182692,4,0.5671385534570935,0.49959565682243334,749,Electronics,Social Media,1
9fffc69f-7b4d-4789-9c82-95a34d0e530c,3,10.0,56.53806959650976,3,0.2538464382055103,0.3271812738473173,1071,Home & Garden,Paid Search,0
fd26f2c4-5460-4254-8682-1c04f32f4bc9,10,21.371948529760033,1.6012674855766136,0,0.29297088293269213,0.19867832006687178,1694,Electronics,Referral,0
fff67bbd-b2f8-4fca-a262-0b5d797f062f,7,10.0,73.93784220184932,2,0.10822541517382088,0.20732224105341743,622,Beauty,Social Media,0
d51e018b-13cb-47e5-b3ca-5d1c2f591cc3,8,22.328469626526083,79.35806614653669,0,0.25750540768789454,0.5161950340701094,1386,Books,Organic,0
26b0eedd-7b8a-450e-8f4f-fc59a00db212,5,15.508556023019661,93.45016439523809,3,0.026640285490026037,0.12328343457325755,1378,Fashion,Organic,0
e8b75d52-65c3-4406-8b78-cf253cd8bdaf,10,54.684774865067894,11.362586944463457,4,0.03549610568153667,0.4632791919569858,1694,Sports,Paid Search,0
07836d73-b26c-4753-a64e-65fc129e2126,9,18.390394629023547,59.37201208751609,4,0.1835030602884059,0.22613130094191067,1567,Sports,Paid Search,0
8d6a1eeb-5e27-4b43-8053-501af386a91b,11,24.71943783369158,11.823457382613498,1,0.09185634890767841,0.35186234325320226,1366,Fashion,Referral,0
a3303826-3734-4c1f-985d-55ee37b164da,10,10.0,175.8529718576512,2,0.11517873160452652,0.15894748905689224,1162,Beauty,Referral,0
564750d7-5274-4518-b702-6afa28914b6d,10,75.03212857295749,67.43777986500291,4,0.12246924241713161,0.6111119754809257,440,Books,Paid Search,0
862287db-9336-4a7c-b81c-3c5558476a74,3,13.885985452862156,6.010827189601588,7,0.11605919440414647,0.17489587080503854,1224,Home & Garden,Paid Search,0
82ce6bf7-8b1d-424d-b2de-c05078d5eda5,7,22.507831210336033,12.423828811424285,1,0.06560804926567518,0.713640658550331,505,Home & Garden,Referral,0
552c72c8-14c5-4434-b358-4d7f691ea9d9,8,61.71194881933939,65.34231346908494,1,0.48759893966482876,0.07175738274408297,803,Sports,Referral,1
791f231a-df24-44e8-a0ff-6c488187dab3,8,61.89718181313185,38.85263921022618,1,0.15778350183343723,0.3462978835117387,1295,Electronics,Referral,0
dd78b15e-3812-4fd4-afb4-7cfafd4e6e1a,10,13.617464195824928,79.97606012968448,4,0.12084150207462009,0.4765405631240575,1232,Fashion,Organic,0
35e4bfcb-66c9-446f-bb74-48d82daa60b8,7,50.47897814342503,19.776013295608422,2,0.08217385132398611,0.31638413320127906,732,Books,Email,0
aec19ada-ee1c-4f82-9ad5-7846254838c8,7,13.210567763447722,64.36220703925093,1,0.20468419681755928,0.23887007913842584,334,Home & Garden,Paid Search,1
9c8133e9-9754-4dbb-8153-9a2fa9cd6f46,11,39.878926875391734,11.685040858278162,2,0.5196379310065676,0.38894816053507164,884,Fashion,Organic,0
61a9babb-bd19-46e1-a7a0-83fe7534f12e,11,17.682832457033133,47.07763703248099,2,0.19826581625127343,0.5127199798035258,493,Electronics,Referral,0
df69d85a-996c-48b5-a921-ee2cfc18753c,13,14.700918443387488,189.91952274460385,0,0.3955400003341761,0.3235919037763996,466,Sports,Email,1
c3a197cf-36a3-4cb1-acce-096d3f21ac03,9,34.062565859747274,59.36754011126018,2,0.22271281493564615,0.7142386022815592,597,Electronics,Email,0
efbe3261-f1e0-4db0-b0eb-bcb3852103f5,6,18.563332088125318,3.0771945596544965,1,0.1316350778381344,0.3123089252631279,1289,Books,Organic,0
5cd003d1-f3f9-4d82-b66b-6c110589ca5c,9,166.47818164941728,269.30799856178237,3,0.016419950450963366,0.60444475287249,908,Beauty,Social Media,1
f3ad44e0-8649-432c-aa79-b1fb051a78a6,9,20.20194136786086,10.23778610902825,0,0.1612714965060924,0.3127371685850967,681,Beauty,Social Media,0
d12a9343-7543-4deb-b03b-522ba7fb9ad4,9,12.761525329272299,75.9655969858594,3,0.17972547330146307,0.4041119785479127,1643,Sports,Referral,0
57b9c4e5-0337-406b-bedf-25667e0bd4c3,15,16.133751793212234,45.62521122003528,1,0.08045499488707455,0.4916200328034064,1290,Electronics,Social Media,0
2cf49115-38a4-4dac-a74b-28cac0772541,3,32.65818174170646,20.919063676709555,1,0.16847472327624222,0.4693275681856148,903,Beauty,Referral,0
7d31832c-796b-4ac9-aa73-fca900123d56,8,36.21913095119521,11.710584601783545,1,0.0851021164401162,0.6464645395659713,769,Books,Social Media,0
5f6b0553-fb4a-4af0-aafb-72d56564ecc4,8,42.419891851017255,11.739171732547414,3,0.1304181882510564,0.37385811872202496,1494,Beauty,Organic,0
b4b52691-661f-491d-b690-e7ab154d8e98,6,68.66277402155836,117.28481078221517,3,0.1063892521132489,0.2848167164506986,316,Books,Email,1
20d4762b-c857-4faa-ae74-5d00f76a7b8f,8,10.0,123.77277388962594,0,0.16678686520717392,0.29851486086783596,1212,Books,Paid Search,0
84fd62f7-936e-407d-8f12-d33ce5b1b6c7,9,71.21688592574374,37.545634327350655,0,0.08297828587893996,0.39443682216904574,39,Fashion,Email,0
9a25eca7-d110-415d-9543-e145c0a179e8,9,15.940726170271628,6.563548848618186,1,0.39428930038513704,0.1419502392148369,13,Books,Social Media,1
f23b4a46-d128-4e3e-8cb1-d5cf5559f7d7,13,45.664552431859704,129.33536464597543,0,0.19151888979088194,0.534242158174153,1700,Home & Garden,Email,0
c304a61c-51e8-4e13-ab75-361da9a1777f,5,131.22104626923525,40.05069426727868,1,0.06351873945622785,0.4507985900134059,938,Books,Social Media,0
41b1345c-da06-4b4f-be83-733054a057d8,7,17.485819416890347,34.656658467280394,2,0.10446781770342997,0.35278135079775186,575,Electronics,Referral,0
697131ae-dd22-4ac0-953a-8ca8246b3485,9,16.915970962844963,31.389787567028073,0,0.11371074241581604,0.08345541607428607,1450,Home & Garden,Paid Search,0
9c4df8fa-4f19-49a2-b7fd-47292d1e1b3a,10,14.593466187218155,27.24915608260096,1,0.2644121532058582,0.45590590702075473,1797,Sports,Referral,0
a904b3d6-7e9c-496b-a0a4-8ec5936359fc,7,25.269791229502406,44.79356144221035,1,0.26955235215473705,0.4017257379135523,63,Beauty,Paid Search,1
06078e11-8f13-47c0-9e9e-b37d20f7471e,12,91.13144481205968,55.66252418569228,3,0.08283060388387387,0.26904110132474934,70,Beauty,Referral,0
249f7295-118f-44f6-9d24-626b9889665f,7,13.579443369438337,37.690148263528805,2,0.4441826590982983,0.43292110293811364,1560,Home & Garden,Referral,0
076ff561-8cf4-45a2-ba61-bb8c67a1103f,10,22.30915843953204,136.1769733717621,4,0.17199976364896816,0.2953898903650128,1016,Electronics,Email,0
39762633-c789-44fa-bd6b-941cd839c122,13,72.28315798914826,22.933740726474817,2,0.14828688298307646,0.2646166556866802,1611,Beauty,Paid Search,0
2efb8ec3-7e66-445d-8d3f-c6dc7f8fd1b3,8,54.55236435854864,51.809354115850546,0,0.14312359349043627,0.31205948078002904,1268,Beauty,Email,0
1fa59718-8920-4258-9605-fe674f21c38d,15,22.203001060948086,21.39654706866076,5,0.13621144435562657,0.4593410658241695,859,Sports,Referral,0
e49ecb17-6ec4-4104-aa1b-fc12b7471669,7,27.97369129196621,83.98710286590793,3,0.15419180701091342,0.33607958619567735,295,Electronics,Email,1
7936649b-12ef-482d-98d7-098e8895271c,10,68.90180993249307,6.463204455564419,0,0.09422930765701222,0.25611939572630943,712,Electronics,Social Media,0
a65c44f2-fa75-49d4-8c98-04b1e1e4adf6,9,117.37934587113591,12.54696858253028,3,0.12313927738426515,0.4643477908505782,1436,Fashion,Referral,0
abe8f6f9-8f17-4feb-83e8-296c619948f2,11,129.12874480708038,96.92778461836166,1,0.10051246358696608,0.04428058253298831,427,Fashion,Social Media,0
7c000b8d-e9a3-428e-bd4a-9496cddad2dc,10,99.86719392165266,12.141484079253377,2,0.10600290655332407,0.3955967709048908,1300,Electronics,Referral,0
978b3399-be07-4866-8cfd-aa37653a878a,6,19.37439310832882,58.96928956340104,2,0.1510472101932821,0.2122175977669955,452,Books,Social Media,0
09d37aed-e8ed-4db1-aed1-aa092ccb2a3a,8,141.86873343350175,210.88236402895413,1,0.10920801925642576,0.2053174343515197,846,Fashion,Social Media,1
268df6c2-75e2-4e6e-af29-787766e2376b,11,18.336595239919404,44.40056958831232,1,0.334169559808638,0.2752539988261021,156,Beauty,Referral,1
44893cb8-572d-476a-8866-42e056cce717,7,10.0,12.4507153344608,2,0.23290366084853054,0.4638760551139633,830,Electronics,Social Media,0
be3fd974-ad75-42c5-aa1c-8bf8f25a03eb,8,36.2300624492736,23.200754472199872,1,0.19485914963004572,0.4450894512210708,1118,Home & Garden,Paid Search,0
4ac4e201-1b65-46f5-99d6-116a29dad924,9,107.87500701405376,104.05181421854658,1,0.24514485781488368,0.24278100535332056,1028,Electronics,Social Media,0
1a46b937-b88f-4bf0-9eb0-5a13bfc8f00c,7,56.311556170339244,26.000486236319876,2,0.33603739087101026,0.3431435725319044,742,Electronics,Referral,0
efecf941-7c4f-4ca7-9254-721cf1dd5a67,6,31.219146881717297,77.13513242074569,0,0.24636156415504354,0.15984799990251472,675,Sports,Paid Search,0
5148776b-74fe-4165-a840-f04cd7921147,8,41.80811639400028,90.1292717789295,1,0.27436137042292447,0.4098939843981395,503,Fashion,Paid Search,1
ca8b8043-060c-4e4c-b766-c3e0bc5dd40e,5,50.68883180079956,41.73094066359245,0,0.04585078530201302,0.43696286202658813,1400,Sports,Paid Search,0
7c266889-caf0-42fe-a839-213e4d36e527,13,37.264973441626246,91.73050483978325,2,0.11820043609628927,0.3017876735158046,1428,Books,Email,0
143da275-ce42-479d-b8e2-95cb8afae647,13,26.146468088439814,22.867104928803307,3,0.21142264065860608,0.487197139927872,882,Electronics,Paid Search,0
dfe72e13-6a55-402e-97ee-cdb53d50ef52,10,18.309211701934668,43.56001651590789,4,0.282119006860475,0.44260315751274554,698,Fashion,Email,0
049cca5b-ef6c-449c-9243-59ce51a5fd85,8,36.22891275408317,69.6085071703374,1,0.24119201058735498,0.5683569401136098,1163,Fashion,Organic,0
7e21743e-5aa0-4c54-b47f-00fa53ecc3ea,6,30.02287692621097,11.040645567542521,2,0.12315796339522506,0.43305257918149764,1018,Beauty,Social Media,0
0df8a726-f0be-42d4-8cab-ec655fb671e8,6,33.21115730821165,19.18108161555445,0,0.058199354496706296,0.2769077681095001,1218,Fashion,Email,0
914927f3-f84d-415f-ac70-29e39d15edb7,8,76.46212846950272,63.33947921432169,1,0.20294973055632853,0.5325315877793787,559,Electronics,Referral,0
cc05ea02-9878-4a38-ab6f-f4270aa77f30,7,27.163924725645085,63.91531396254149,3,0.07392121404318809,0.7680457613593689,1438,Electronics,Paid Search,0
9b807c1d-3b0e-4ff5-89f7-4690b1941d2f,8,28.036160796069765,40.79048336596547,0,0.18635512418995012,0.556955709515064,578,Beauty,Referral,0
5ee08449-e3f7-46c7-8e7f-301b97f50cfc,10,38.54894449779344,95.25628699256492,1,0.11540070935616575,0.5210332614699401,764,Home & Garden,Paid Search,0
861a6f47-59c5-4d8c-aa1a-270f48f6dcf4,9,270.61217741408524,39.473161845985075,3,0.06299805987197775,0.5057123415790148,242,Sports,Referral,0
0ffc4738-1a93-4a9c-839f-62fbb06e6a4b,7,13.825060096822893,127.88061432972623,0,0.2910063989540231,0.3652103736001661,1561,Sports,Social Media,0
fa4a4777-dee0-47dd-8671-51ef78d734dd,10,79.32083297117039,79.88642703418428,0,0.2770041986808365,0.4102826831590104,1176,Electronics,Social Media,0
f80a6393-9968-4059-9f95-4356e10797dc,9,26.07052384323502,22.673465092435904,0,0.1647737351691199,0.21884857670873523,430,Books,Organic,0
14f4d842-22f0-4522-8d73-87484837a587,6,31.53851353363509,30.176805470835312,2,0.11380949277213545,0.4505177190394885,1554,Beauty,Referral,0
9f50cd6f-e18c-445f-bb89-9e6e22729850,10,11.59146088133693,66.10062225158393,2,0.3359281095756777,0.19582289401787456,1286,Fashion,Organic,0
bfcc2fc0-a22a-4e48-8d0f-3a38d9896258,7,149.06318554536284,134.91571897249338,3,0.21247703677531588,0.4181140304429335,807,Electronics,Referral,1
2b3a8c73-c009-40df-a128-6a87d7813136,9,39.568315046914215,11.81264766444572,3,0.11842158956431854,0.5338387346926856,1806,Electronics,Social Media,0
d88c7953-93e7-4ef6-aef3-fa77508ef867,7,56.09584781712893,43.37477364087705,1,0.2816913193014127,0.5358073636323045,616,Electronics,Organic,0
cafb0c54-d4fe-4f1c-b876-78f741f34561,8,10.0,7.587179116642452,1,0.12102473364171878,0.8105779402342066,182,Fashion,Paid Search,0
78de87eb-026a-4bc4-b653-73ca8742a82a,9,19.80996723905833,19.664857465488804,1,0.5697118208067862,0.4489165801193689,1338,Fashion,Social Media,0
1f38c883-bdcd-4276-90fe-95ed2fd66e79,6,46.0616663393522,69.4981757716673,2,0.18120680112933113,0.5836129213493209,1381,Beauty,Email,0
435f87bc-161a-41c2-8934-cc6f4a83cd83,9,29.11396146373689,4.855336954299386,0,0.2911914212167728,0.2678772959490829,108,Electronics,Social Media,0
dc52bdd2-9ed7-4b4f-9004-291e5b99afba,6,47.33941038823603,65.14625038841199,2,0.4461331125148485,0.4768455211866498,1495,Home & Garden,Social Media,0
f1afaa86-6f56-40e4-b669-eaa8bbce1895,10,178.088392998714,138.64376263674532,3,0.18442611212808935,0.7866377243698356,1416,Sports,Email,0
4a82fada-69f2-41f0-be02-4ead96625247,12,49.58510875081604,209.147091556511,1,0.03488087408565332,0.4012375818592289,1696,Beauty,Referral,0
ed887878-5834-4f3b-a60c-15d548bee04e,9,23.127072997225696,14.649177767347489,7,0.07860973236515575,0.3684163575310674,217,Home & Garden,Email,0
820e5653-7478-4566-b3ba-4c5505b2ffc8,7,19.66639486356937,82.91375250536201,2,0.20878004391791627,0.3697139643785228,1096,Home & Garden,Referral,0
3da61d91-9611-4dab-b97c-2b6d67e5c423,12,17.95238949566932,156.5225293007168,2,0.20518798019673692,0.48031037864988596,401,Electronics,Organic,1
f6892dfe-2eb6-4cf4-850d-13f18fe96f2a,8,23.52086353907409,5.748992995344939,5,0.0748507387561103,0.42457329821355755,729,Fashion,Organic,0
00964dd7-93d1-495e-a73e-7e847e98a4d5,11,24.32769253885955,32.06854666445577,1,0.2661174200710316,0.1975721479305338,484,Sports,Organic,0
83ad2ed8-d22c-4af6-a331-4d37110affa7,9,36.42050911146118,151.10266883316655,2,0.22667082172401704,0.4282165607677383,820,Home & Garden,Email,1
bace6647-9fae-4d2e-a9bc-a251dd615a61,10,50.534626026729285,13.598040521865416,1,0.13265353033937105,0.5768707312500216,206,Books,Referral,0
8433b915-0c77-4e58-a477-058466a11a49,8,46.91620631745617,162.86886551054997,0,0.5293029093334137,0.535386254286989,554,Fashion,Paid Search,1
861fb2ae-005b-4d6a-a0d4-c98bac502ac8,8,36.80704939537109,44.94396257471721,1,0.11926734146616194,0.6026270654591355,130,Beauty,Social Media,0
de62b269-fd1e-4c26-bf58-ad3acf5b1702,13,38.89759683319975,6.314503531989533,1,0.2112256577982895,0.2909941135995336,898,Fashion,Email,0
2cd3d646-4e44-422b-be0a-ce34e2ddbd2f,4,251.77577584297921,35.85683791112306,2,0.08332683936248722,0.3398404552038735,542,Sports,Organic,0
4f94ca87-e009-49f2-bd5b-9a08619ca3e6,7,18.579428240143386,23.6947664127417,3,0.09793460598241825,0.38881690061919316,1077,Sports,Paid Search,0
051003b7-592a-4804-a571-ad35fdd4b6e9,10,32.15337847758375,19.894205792423147,1,0.10799305458414402,0.39100243127350065,833,Sports,Referral,0
bd52bc5a-b53c-4db1-a357-493633e506e0,9,10.0,46.78450311293276,0,0.23174570995254085,0.5431609374571249,445,Electronics,Referral,0
90e33ad3-0f67-483c-b854-f214c1cb7083,9,24.377708570338054,39.651567952352565,1,0.12482647703437318,0.47505014532150935,188,Fashion,Referral,0
a9bff4d1-932e-45e0-8689-c091a2ec9ce8,8,16.134491399214408,39.46299841892626,2,0.13444984104425117,0.8315846182463201,1375,Electronics,Email,0
cc96912b-36f0-4b8f-bc51-d48eb15e79e6,10,18.469398261601008,5.536242473761294,1,0.2574508644008679,0.6387786809872577,1155,Electronics,Social Media,0
3f6ed214-9e2a-425c-ab86-eeca77d3f1bd,12,12.824899069591718,97.26579094447236,4,0.07205060268855042,0.1959162310536883,61,Electronics,Social Media,1
3fe4fe4d-a7eb-440d-9caa-a52519ee5999,9,11.2267906415552,39.401893158608495,3,0.13332261083621824,0.29573952505184903,1805,Fashion,Paid Search,0
c7b1d4f3-a758-41c9-825b-32c9b8dd1ac0,8,36.51953609170819,103.19061089064755,1,0.28127887784851935,0.11102925049838003,1172,Beauty,Organic,0
51a9bc62-cda8-41bd-9226-bed39cc4568d,9,58.455540236685316,104.43933897780813,4,0.47360114650267987,0.2607526664466022,378,Books,Organic,1
d0f0515f-5a01-4a40-9c2d-a6c62cec357a,16,17.863784285256695,22.887514323331555,3,0.2864770511943251,0.22336764175198787,1534,Home & Garden,Organic,0
3e0c8a9b-9269-4e1b-902a-cc804e84de30,15,10.0,0.26134658659633925,4,0.16266887018138498,0.41875246429155694,1609,Fashion,Organic,0
dc2fceb3-0de0-4369-9927-ee4bdea393d6,11,36.1931232080584,145.31298882692343,2,0.2692126005338297,0.2010856430914592,1047,Fashion,Paid Search,0
cec52701-f5b5-40cf-a20d-79223fde5686,7,48.21002866926632,85.80090644943871,2,0.25167537900272746,0.3187259716548978,1616,Sports,Paid Search,0
6543ed61-9f42-41d5-8cca-04ef6f175a98,14,56.768658735907586,6.807053064917864,2,0.2818527514331652,0.20023393142653487,54,Home & Garden,Referral,0
6aab2cfa-8f53-4fac-9691-85f66a64ca13,5,14.628702828590983,72.5847731078629,1,0.18298932347546001,0.4089649630606187,1724,Sports,Email,0
55c6b521-87b4-4dd6-813a-9e0fb15291f2,5,20.3945727278179,1.2135870683445498,3,0.08314183837177815,0.34233091991845155,105,Books,Social Media,0
027ba25f-c5ef-489e-9ca8-8a16ad67029f,8,13.62766090428535,1.6890980438736354,4,0.20592034097004352,0.285394372293908,1172,Beauty,Paid Search,0
e1aad831-923c-44e6-ace5-15636e519ecf,11,18.330810967376394,44.77050687364262,1,0.5332050534985555,0.29322471662643745,631,Electronics,Social Media,1
90e4ff72-2a89-484e-b890-565002d8580d,14,17.605026140288373,6.058039408178285,3,0.2587463147525013,0.33281158865657795,72,Sports,Referral,0
7576ef3b-5c0a-4d1b-9fdb-3be3a0187495,7,22.024890202145095,200.01768915906936,3,0.18660209290797733,0.5926598600976931,1696,Books,Referral,0
d9d29996-c38b-4ff6-aaf1-c6c96b336f64,11,27.081493502563635,134.5635149799756,2,0.3282221421634824,0.4077298279988355,247,Home & Garden,Paid Search,1
cbd10b0b-a8ca-4378-a64d-21c030c0b301,6,36.29735695290525,62.957112904971936,1,0.04319805433755746,0.6678213310927884,1558,Electronics,Organic,0
39f5053a-b8dc-4f7c-ae66-6953fb01d304,12,16.83704110011062,3.9497353344765833,0,0.1409188800399149,0.3590101961735747,603,Books,Email,0
289e70c6-a781-4c60-ac7f-5d98bbfa21b5,7,29.612912350302587,23.567913322797864,0,0.2550522973849451,0.7194776764048663,1352,Sports,Social Media,0
a51a1204-5955-40e2-8821-514c24994799,9,16.03124669030741,27.886447417617582,1,0.31863995114563265,0.2964557182720067,464,Books,Social Media,0
aeb68fa2-dff7-43a2-ba5d-ef51e67af6a2,5,10.0,39.33719354520264,0,0.1095886816585875,0.4467818218978346,1065,Books,Referral,0
1bee8a65-cbb8-44c2-92ab-cb179c504e5b,9,51.03384107537399,11.100516750271213,5,0.06610236036507541,0.24310712468298662,1459,Electronics,Social Media,0
a3049c16-3f83-4999-8657-79b746154f0b,10,19.48718017971182,51.69560336886284,0,0.25953167612458233,0.2151296661576471,1033,Fashion,Organic,0
b1e410b6-8475-489b-81e3-3203e22fab3c,12,10.0,34.33766745009807,2,0.146316813335614,0.4024958588225782,560,Books,Paid Search,0
9402d52c-9c3f-407c-8261-a079c2a8b812,9,51.85259512828755,176.58493226795727,2,0.2654620834945041,0.44985193012859515,426,Electronics,Email,1
5cca66af-bc1f-43a0-9d09-d8ec7d0c41b1,9,27.09490725117093,165.1156392397197,1,0.18187727482786972,0.17927585921998673,319,Beauty,Email,1
196177d3-dbd5-45c0-a6a0-f578f5b363c1,10,47.572226527892674,50.00996366357792,5,0.23245955448013855,0.1631691282881354,1530,Beauty,Organic,0
cb6eaba6-16c8-4ec7-9f32-3a21974fc715,14,46.27915272353123,62.02837864641997,1,0.19893352546385693,0.2718395393715434,1115,Electronics,Social Media,0
3766694d-090e-4914-9ac0-5a8f867c8ed0,11,13.797932988362344,8.895835195064592,6,0.25149832446348275,0.559456111000561,928,Home & Garden,Organic,0
fe7d5750-c115-4cad-89b9-230a706a6257,10,69.71294051629303,15.163861438408055,2,0.04997439157978242,0.2973091139178429,456,Home & Garden,Email,0
5551ce2d-2332-4657-a258-e5e29af07f1f,9,10.0,138.58589087274518,1,0.10782120845181051,0.2756100434158089,792,Fashion,Organic,0
84650390-8cfd-415f-af99-8a1e265227a7,8,24.101330848828045,72.07178430465115,2,0.21076488013277014,0.6305503360332163,1131,Sports,Email,0
1a4ab541-36b4-4d93-b7fb-8ac95d7a83f7,13,22.857832407733564,12.60106910900491,2,0.08333197817602563,0.30475606978895686,132,Books,Social Media,0
0e98881f-0bb3-4ab1-a660-298879e3c661,3,17.79131355195609,50.66755642957694,2,0.38868077344403795,0.5138356957324548,658,Books,Email,1
28eb6a43-a012-47a8-91df-d525e093e028,7,88.30967108429948,163.78210013638983,2,0.2186897935853768,0.6756607632970573,437,Electronics,Organic,1
a46337fd-d8cd-43bc-afbc-b5f2bb29b58d,7,42.140038180492326,25.402878495307284,1,0.34056351200281126,0.4586431171496554,1180,Electronics,Referral,0
0e4b4458-fe65-4501-b4c6-6969c8109beb,7,10.734870261747902,12.334456105675415,2,0.06724895761143017,0.4880755212590972,1106,Electronics,Email,0
b72f7b8a-66fd-486b-8129-5a328c3308d3,14,12.052127256940487,170.8648903323312,1,0.4362241169819292,0.4689064170318533,547,Beauty,Referral,1
57b636a2-2075-46b4-9c3b-8acf2303b19b,7,185.5606766644669,37.1119289372184,3,0.10975199105130456,0.18423547461326317,76,Home & Garden,Referral,1
59a83cd9-d51e-4761-8513-bfe2f202abea,7,22.612583826949848,32.398996251126434,3,0.0335315655007497,0.5889302760879235,334,Beauty,Referral,0
2a323fb1-ae95-45e2-a190-360fb6432ef3,10,17.516808750492373,18.683020957842956,2,0.09091974346410646,0.3647648302123099,292,Beauty,Organic,0
9512506b-8fea-419f-b035-ce0ab31610eb,9,83.52660386002586,133.30749262246877,2,0.45337327865112226,0.29134195094081605,1037,Electronics,Organic,1
f4c7842e-ab3a-4fbd-b73f-8b0bb7f9dd87,15,10.0,112.09903446795587,4,0.18111905654135033,0.3010873963863069,309,Fashion,Social Media,1
6ea9f0cb-e46b-49f5-8032-f87cbd0ebd6a,7,100.44479931054038,30.94932506240207,3,0.20272028213352078,0.3787692561896332,880,Electronics,Email,0
ab7f3c99-41ce-470d-86f1-4def82f11bd7,5,17.491438714513606,1.865499285234207,1,0.16338420856435734,0.4382074690977825,1121,Sports,Paid Search,0
95d90b1d-c9db-4ec0-9fbe-e1068b0c8217,10,49.99461434130374,35.50602908693262,0,0.20763363547848987,0.5234777301274386,1605,Beauty,Referral,0
6de8dfe2-d9ee-40a8-a40f-b199e94b1377,8,22.575901143229967,11.969870893523607,1,0.32431192412422816,0.39522866295804043,447,Electronics,Email,0
a85492e2-5ca7-413a-812e-2b1d377e7502,9,10.0,9.240426318496054,1,0.20330445591026228,0.31097504201906584,340,Books,Referral,0
8ef72df2-b3e2-4131-b1a0-ea01309a9b35,9,38.19765223723862,29.962843224083844,4,0.37097879224032604,0.5613823678534784,317,Books,Social Media,1
b0f6ca72-c0af-4691-a32e-c6d0648dddba,11,70.68525706395222,6.260124964760571,1,0.2175749454580932,0.30698852212007394,658,Electronics,Organic,0
87bec052-7a32-4852-a74b-3a979302466d,7,10.0,189.44498523359982,5,0.13738855578208337,0.4887229453260469,1185,Books,Paid Search,1
0252057c-ed17-47d1-949e-660222b34b2b,5,13.136662444285255,2.9223785133454885,1,0.2132194910573263,0.1502920539157961,1226,Electronics,Organic,0
acc52301-6dcc-47ff-bf91-77ab115a8960,11,89.14955573855131,30.786656727401834,0,0.06873100427742508,0.5548573251829811,385,Beauty,Social Media,0
4ec658b2-9a5c-4d4b-94dc-3ac98baa366c,11,45.517609574496745,10.654564611246274,1,0.12746751578096702,0.2245982048678152,240,Electronics,Social Media,0
3d6031fd-3f0e-4d3d-9ed7-19f66ba3a5a0,6,47.99991803200553,70.04135205440816,0,0.17989016613808767,0.2990851146830125,819,Beauty,Referral,0
ad01a40c-2c10-4a92-838c-0348f8c941d1,8,69.73538727701033,4.925432382004702,6,0.17991387703484832,0.5351134367902955,258,Home & Garden,Organic,1
1d3951e2-a8bf-426c-9480-78c183a61432,9,48.14806427466296,47.486042974196046,1,0.2121779984455883,0.496015377343787,1483,Beauty,Organic,0
4ebbc1e1-fd3d-4a28-a41f-aa9c7d4aabe1,5,37.262044262370054,88.99514861482076,6,0.32768926149579763,0.2925750531277822,153,Home & Garden,Paid Search,1
eaf40d2d-8b9a-4b2c-9d1b-f3280fc37745,8,80.8756516548533,179.81578146910792,1,0.11885031562018414,0.5882888671601871,1372,Books,Email,0
66d2a5e2-4f27-4dc1-83b9-2a15575d411b,13,24.23781490494039,71.944601187677,0,0.2763125387179433,0.6397832169886651,78,Books,Social Media,1
07b7c436-ceba-408e-be85-ea7546ed4ec4,9,32.67918136355554,6.2877576785564635,2,0.20782873416067388,0.5302467839837547,1472,Fashion,Referral,0
71b6f909-d995-43e0-a6f9-a4e778a8bad5,7,64.11539224298667,5.561173803541236,3,0.38927594214714517,0.41688897406727515,1144,Beauty,Paid Search,0
0b2e49af-355e-46fe-a9cd-1e4e50acbf82,6,17.9592304149388,78.91617619130913,3,0.06997492557592365,0.17425842592801868,589,Beauty,Organic,0
a5fe2fab-6ab4-4451-8e23-532a33344265,9,103.5355406113891,14.549476408490673,2,0.4103934504190768,0.3768673650724763,740,Fashion,Referral,0
0d5eae1b-644a-4fe2-9d20-624595af68b7,10,41.807492458687896,35.56980703762136,2,0.12474960043377316,0.290381111347869,1229,Electronics,Social Media,0
a16f51e1-1d4e-43b6-890b-2df80dddd44c,5,13.208830002718527,225.3552858364302,0,0.08652472698911226,0.5719120899963445,339,Fashion,Social Media,1
ad234943-f461-4186-86ce-fc566d050563,10,28.364317769215745,102.85684652712244,0,0.3407410978660666,0.18052778102175981,1624,Sports,Email,0
83a36de4-b868-4040-880c-b89124b01277,7,10.928463051544282,112.47978527152607,1,0.20952644509258633,0.3212072816992858,881,Home & Garden,Organic,0
27d4d7c8-e9be-4802-8dfb-92a5cfad61b3,12,35.471045945348195,118.2976411670357,2,0.30191133632428224,0.5017788175169718,1387,Beauty,Social Media,0
d30ee76d-6371-47ae-b3ce-661b12ae4401,10,24.45797700864896,57.98329608607292,3,0.09441910659074125,0.31764931052045037,925,Books,Referral,0
e28ad782-aa96-4cc4-a915-6e34532b5bd7,9,16.580645097985528,81.7391854737008,3,0.0715849497445566,0.452974014569394,825,Fashion,Referral,0
85de6895-0d9f-4a08-8400-653bba4ce367,9,10.0,26.67989089865206,2,0.1352198382521903,0.15180380535517646,857,Sports,Referral,0
36e6b34d-a6d2-44e6-bdbe-a12445676915,8,17.576763583115273,365.0,0,0.05221572268675527,0.5735916217178796,663,Fashion,Organic,1
fb283857-4272-4c04-b120-f0f83a6df068,8,28.66051077708358,19.678766414649495,3,0.12492619050644456,0.27282068222605255,1337,Books,Organic,0
5a0cd373-b5c4-4499-934c-904874801d67,8,24.591460476907386,53.496970577079765,1,0.2954793306735579,0.4128967105903831,1544,Fashion,Social Media,0
8ec4477e-26ba-4dc0-809c-8b51971d0c9d,8,10.6320918280683,19.882296994685472,2,0.20767521473640513,0.35653899585397314,1559,Home & Garden,Email,0
de8e597e-8111-4548-8639-54746d08d889,13,33.687648323919305,7.131813064983807,0,0.1743750514167484,0.3245754855377344,221,Beauty,Email,0
ceb7d1cf-f0c7-4f28-9dbb-dfb97a98b226,12,15.052934065630234,50.302283287245395,1,0.1311555304945909,0.27287003514687885,1389,Fashion,Email,0
ac93474e-0692-4219-b4f7-cae68eef19d0,8,69.23538278377562,26.156882022502916,0,0.10954422695625596,0.26196524217786954,365,Sports,Paid Search,0
28d37406-8426-4a71-9b66-eef3d5c4e09d,5,77.89046531060927,52.51170101249394,3,0.1805381289025088,0.32311773044928566,23,Beauty,Organic,1
b89fa3e1-2794-4076-bbc7-91f2b3998114,15,26.959540137734663,49.078895479576914,2,0.10433847327387798,0.44523932641134456,503,Fashion,Organic,0
c0954e8c-89ab-407e-a4ea-74f58d229164,11,116.85113402816921,46.88680776078236,5,0.21703054168455632,0.1686892228305684,535,Books,Social Media,0
e6ff609a-796d-4606-a9b8-41fc8e14a646,12,29.58386678666105,7.895502014444203,1,0.29588135293769635,0.5074806341980291,1478,Fashion,Referral,0
27c41132-5707-40ab-b5ca-33777663b9c9,6,11.700220372465902,34.808481522459715,0,0.03975122459899508,0.5095057755482839,1355,Sports,Organic,0
e8690b3c-9848-4ebc-a057-ea4668adfcb7,14,85.4714289071648,100.28005623723742,4,0.3293649195261087,0.3158847292849148,155,Fashion,Email,1
a4ac5603-0b53-43a0-b6e5-f1ab06519379,9,120.45685185033956,22.71275671268153,1,0.12511493825144354,0.37089229047254696,595,Electronics,Paid Search,0
c42968d9-3b1d-4a55-a6c4-000b8859468c,6,73.38341345963656,35.2010389563289,4,0.036764071093032924,0.5336435002404026,459,Books,Referral,0
a0d32616-df7c-41e6-be2f-1043702f0bb5,8,17.97390654580768,40.85315037688565,4,0.18920830549777498,0.33738104379512757,1087,Electronics,Referral,0
fe6d11ab-e1fd-483a-ba77-fd92cdd7d5f3,9,12.325981845803746,119.14890311285275,3,0.25201203578739145,0.3893012207218242,988,Beauty,Paid Search,0
35662e77-8a2e-4a9b-8075-b41181a64210,11,25.022191981270574,63.957050181200835,1,0.08434246788880875,0.2158078512180939,1239,Electronics,Paid Search,0
c4ec402e-bde7-4152-b779-9c92f0d11080,6,240.11668317921163,6.335134781457751,0,0.026784750254977428,0.379630022995401,1662,Beauty,Organic,0
e4e6c1c8-13ba-4202-976a-618e02df16c0,6,12.916362825335712,120.22487188975988,0,0.0652703548487026,0.049320310140812534,769,Beauty,Paid Search,0
571391bb-3ac7-4c31-a11c-accee2322a59,5,63.85431041714878,107.05104527478198,1,0.0701069204022841,0.18008170834632473,1197,Books,Social Media,0
bb2e17df-4726-431b-bb2b-19877a3cda05,6,30.752529311750383,84.05914045866486,2,0.09721196616291905,0.4035374584793226,1676,Books,Referral,0
52ad8901-decd-47dd-9e29-987d510723df,13,70.4794905379043,37.64808566770627,4,0.4371534696677182,0.551676263867939,989,Sports,Referral,0
f012d011-0a2d-41b9-8d0d-0dde2420d381,3,12.085536084146907,85.0164440708475,1,0.3050479913005191,0.2150886140280971,563,Sports,Email,1
ef4a4238-7121-4136-9919-bbbdc206919d,8,27.123455769852043,39.090616706471565,3,0.21076497025267174,0.4376824228325958,735,Sports,Organic,0
736b2d4a-fc99-4aa5-a509-f92531ae4b78,10,16.144190440663795,80.05025051445503,4,0.13022333842467193,0.30313696438690996,1377,Electronics,Email,0
a75586a1-211e-4e0c-97fb-3735bf1ab554,10,16.896040367713265,127.27091995776121,2,0.18425169439727138,0.4628767138359436,1314,Beauty,Organic,0
721027f8-9f65-48c0-8a41-8d422d5693a5,8,59.69894998021475,132.73263448438368,1,0.3045056915188236,0.2568907482572524,1366,Fashion,Organic,0
0c3c0022-a56b-447b-862e-0ffcc2eb31ec,11,13.528017394376446,36.37179148544858,2,0.37461787869127544,0.33788353876751814,1356,Home & Garden,Organic,0
c521fccf-991a-4389-88af-129a95a17955,9,41.75818311452922,117.68572180276391,1,0.16688200571531503,0.17066073334941737,1679,Fashion,Social Media,0
30cb7e42-a1e3-4b0c-b38a-6026aee40ed3,11,34.62653903167998,6.418868390118324,1,0.12510353880597436,0.1828668654383429,1394,Home & Garden,Paid Search,0
507d2b9e-fece-43b4-b7e1-a044ca50f77a,11,15.439911346190057,6.443048207035936,1,0.20054983380837926,0.2757694532562568,1561,Home & Garden,Paid Search,0
fc872a8a-743a-4d2e-8dd8-66347d459684,4,18.35355252484109,47.679831841913966,0,0.2312719653018152,0.37689700701762413,1047,Home & Garden,Social Media,0
336fc9bf-792e-4d0f-8a86-b53f21b80e9d,5,43.256434186212,63.30638401017951,2,0.08520924535419783,0.42442776963606516,1175,Home & Garden,Email,0
c967dcf7-32a8-4fa5-92bb-540bcd7aa7dc,8,32.45617904607975,9.962834162610434,1,0.15719917961858174,0.5610075175015928,1766,Books,Organic,0
a123dff8-f075-4295-988d-4a35487ab3f2,8,34.145663354626805,38.34000284269662,0,0.1794151144023419,0.4908707466060112,1588,Sports,Social Media,0
3992d364-c5ec-4a5e-82cc-8bfe9503cc36,9,27.492641158343623,5.946980920883617,2,0.2815796999311873,0.392410375427575,1418,Books,Email,0
241a22cc-929f-4282-af77-8f75ab1c399b,5,26.105380189039828,55.29319611873704,4,0.36661666859488284,0.4697612047114901,1251,Electronics,Paid Search,0
99e9bae5-2131-45a6-b997-b9e635289dee,10,32.54911911239149,115.9002165766596,4,0.34884407593513744,0.3541306062575526,654,Books,Referral,1
9d360914-8502-48b7-a516-597f29e8fa44,14,104.72750763060753,80.28202617627815,1,0.2826182391525348,0.09130929259826291,1000,Sports,Organic,0
ee93436a-1506-453a-8a3e-19eed5b7204a,9,50.56534121527176,28.517041796526488,1,0.0655172150063133,0.357024606926124,101,Fashion,Organic,0
9daeed43-0356-442c-875d-3a477986f150,10,29.8232531106463,304.9323566844166,1,0.22813217356834872,0.13775323709876564,760,Sports,Organic,1
a33b1e4e-cab0-4e41-b70c-f64a7ff3e990,11,13.936714617256662,65.24876514421072,3,0.486576370007933,0.3824318985577906,205,Fashion,Paid Search,1
dae7cd66-db35-4017-baca-3954d2276076,6,23.68343391195642,101.32459471592365,4,0.09177905222306906,0.327468794431171,1330,Electronics,Organic,0
95ad7360-68e5-4c8b-bda7-27b896c9122c,7,15.860072307046678,66.46476219059424,2,0.15927248492220086,0.4673139091312693,1628,Home & Garden,Organic,0
049cca11-a5e4-4f97-85c2-c906819910f7,6,17.50927901666649,272.90636130663995,3,0.368555538498222,0.19670385864120798,318,Beauty,Paid Search,1
7211a82b-1701-4ffc-be83-ead19414aef5,11,10.0,103.34288210225968,4,0.10716346469387551,0.4108054638621793,449,Books,Social Media,1
618d049c-2bf7-4823-aba6-a72e6dbfe16b,8,32.81764151237721,43.966096024467696,3,0.3500736139661326,0.1106166585370689,1564,Beauty,Email,0
ae2c0d15-3de0-4839-8c26-84210c9f41c5,10,173.15405878613822,27.425676651374303,5,0.1580499684627112,0.3217102797340453,1069,Home & Garden,Referral,0
2e0dd3fc-4e87-42ab-846a-9635f09a5a4c,12,38.742422906128695,68.7714539330625,4,0.2393599584709613,0.5415618984632898,1074,Electronics,Email,0
102207ef-6356-45c4-97e7-c24917fd822d,8,59.259476490579516,53.52835576594655,2,0.1890080817225954,0.4559653926981554,1027,Electronics,Paid Search,0
f75b5241-a053-421c-9c1f-a0c7cf8dd536,9,71.36722780578971,59.549919147069076,2,0.2364176000950665,0.43393232661166664,399,Fashion,Paid Search,0
e0fa8ad5-c8b3-4ba9-a0b7-b1a47052d205,10,26.32821671029784,25.205350185935615,1,0.10111436034517422,0.41230921867871706,444,Fashion,Email,0
cf187d83-d6a1-411d-8cef-61be8b7c3b33,10,27.77673087494754,33.59343370084447,2,0.10024216152661669,0.265662316960759,1733,Beauty,Paid Search,0
23a13119-e53d-4192-a35b-93174090dcf7,6,10.833753791639412,48.999834960342795,1,0.17499713198954744,0.5622748754738897,1320,Electronics,Referral,0
2befd35f-734c-41a4-bc2b-02c18c07b61d,11,38.765545204667895,109.68676352763427,0,0.152798101628362,0.6212595594613814,165,Sports,Organic,1
30e26510-40ca-4996-bdc7-ff91365762d1,9,34.62969058987012,86.35865390638362,0,0.16617155874387154,0.1462627363670326,407,Home & Garden,Social Media,0
f7e78cf8-760e-4714-ad39-669369f35275,12,16.69405113940114,7.5784270167582966,3,0.12744496403158265,0.47653679994398873,1144,Books,Referral,0
9960b2ef-e134-45fc-a9d1-4b83755c00f4,9,82.99948575201617,16.906314318408388,1,0.23390546034609688,0.43723949003471685,518,Electronics,Paid Search,0
6916e4e5-b128-45e6-9732-041bc8d42eb7,6,17.79098506612998,1.6211691430484305,4,0.027592691598377475,0.6894920611121446,460,Books,Social Media,0
c4a0c5f7-c7f8-451f-a8c6-04204bb481fa,10,323.07971300878074,0.47954534715539265,6,0.3082966294692295,0.2757201819919137,370,Electronics,Email,1
d8150309-6613-4f40-93c2-3cf5d3bd89df,10,45.73011406630473,15.245203683504576,1,0.3354822856666728,0.1537812613456465,339,Fashion,Organic,0
98b7f4ab-8652-475f-8192-d136141b15ef,10,32.54102138719088,96.3629042017405,1,0.19827716057482134,0.42756915642064963,1119,Fashion,Email,0
a5ad4877-2aa4-423d-a8d0-b235ce5fbcaa,6,156.20257218266457,141.07354075091317,3,0.1911652853642881,0.38407728527213675,1653,Electronics,Social Media,0
08fb135d-7194-469c-9586-aeb82b21145b,11,10.0,29.831969545732218,3,0.3535747443231297,0.3112729535774137,659,Books,Organic,0
972a5e22-da3b-4f7e-bd83-23837a62c86c,11,26.33825701863037,49.6965984995883,3,0.4115337062347092,0.23243611221521193,222,Home & Garden,Email,1
c6287feb-bdb5-4df3-b7d3-83f52164e587,10,23.409976141403195,73.46126675200858,2,0.3195169220825312,0.446986994606289,227,Electronics,Social Media,1
c562e15a-4b2c-4d9d-919e-15ef9cb2eb9f,9,28.648199302243004,183.37570553971338,3,0.2080603942788805,0.40775149996551696,1704,Electronics,Organic,0
64666dbe-b47b-479d-bdd3-1e89fccd7780,9,39.68202962128831,146.4641149115837,2,0.16056687435778869,0.29199211448985235,965,Sports,Paid Search,0
d8767b95-1896-4fe3-b7ff-594c4a5394de,11,27.981333601476752,3.533576662701963,1,0.4256617039838307,0.687147978842177,851,Electronics,Organic,0
c6da67ae-9869-4ec7-928d-98a1b90ac075,11,101.5754269496255,17.11437093219188,1,0.05253628651920357,0.30382488747237524,1625,Beauty,Social Media,0
975b5650-5792-4879-ae63-f7042946e594,4,46.91318536629039,3.023593171758085,4,0.15184651237513197,0.6553140573131178,925,Fashion,Referral,0
a5b7ebfb-e08a-4db5-9417-f13617211eec,15,48.77371651265418,57.51157677895331,3,0.13330232631928723,0.5379145723415719,877,Sports,Social Media,0
04b2ffcc-0a29-4b8e-bfd5-05cacc1b5ee5,12,47.93647288155131,74.3746137471167,3,0.1723365090866852,0.2321282109776863,1691,Sports,Referral,0
3f815a80-818c-4940-a78d-cf0b75e84bfb,9,11.813936491425666,22.11473776102097,2,0.10909629402976281,0.145121350772901,866,Fashion,Email,0
4f8d4241-b10a-41a2-900b-0e0d3a01f507,9,38.922516523078805,115.38809061012006,0,0.47024126484892065,0.3028853446091168,714,Fashion,Paid Search,1
a128bfd7-2735-4101-b833-2b52c527fb5d,9,40.01175719279221,36.177852848152554,2,0.2838536488077517,0.4732271650376665,1061,Beauty,Organic,0
9e40215c-8df8-493a-9ffa-eb4102b9e51d,10,13.471200021943977,365.0,0,0.4453101366046117,0.4407632146178289,1783,Fashion,Social Media,1
9714a943-5b8d-4979-b98c-c2924cadfd1b,13,67.27575908202658,0.023986349261908662,3,0.11405296300331065,0.17075137407482335,1759,Books,Paid Search,0
0c9387e0-93f3-4984-8ea3-dbc149865c3e,14,10.0,6.957637154237428,5,0.14525347050449283,0.5486043174331374,1415,Beauty,Referral,0
2103b6fb-8fe1-428d-a822-0ab9785bf9eb,12,248.58043168034627,21.554400391359312,5,0.0666321069967078,0.6082632102639403,911,Sports,Referral,0
56b0ae33-51f6-4718-ad9d-592d286481d1,8,32.13599777755479,1.5503134101779978,1,0.10386990450404676,0.5529211776449652,1608,Home & Garden,Social Media,0
0b479be8-ed9b-45c6-b8cc-bcca1ed72f11,8,16.703839957815912,91.48911452355334,2,0.27829987314092347,0.3060978465066133,765,Home & Garden,Referral,0
9647250b-a7cc-49a1-8f67-0140a0b2ba5d,6,54.28145248243609,3.2529138319012247,1,0.10185789113843759,0.5027669660414321,1168,Beauty,Paid Search,0
e1da1c0d-ebfd-451e-b218-a4e349a48dcb,7,54.648565808046584,82.93327205319237,1,0.022019698556960052,0.26949271775240746,328,Books,Paid Search,0
fe5daa04-08f7-45b2-b1e9-1745db44e6c0,4,170.18589815186283,3.2400357993894744,2,0.07199535899065576,0.3783200219651199,1207,Home & Garden,Paid Search,0
c7dde3b4-8159-4827-97e4-3a0c0d775265,10,137.7914034711585,17.479503175521316,5,0.25438035984418267,0.11243159967762917,504,Sports,Social Media,0
74e496fc-0196-46ed-8e69-e71f0ab77c3d,14,11.42876857331529,110.43561438069327,2,0.22803386179053897,0.4833278818948303,1408,Fashion,Referral,0
fabbf127-9a22-4bd6-9670-dea7711605e2,8,26.68130797391103,181.07289928643814,1,0.20000167767743077,0.23720182613037938,756,Sports,Referral,1
221f79ae-7f52-4e41-a13c-bd4a335e59c0,8,15.995005569172054,32.12004532145757,0,0.1923917143766509,0.6024328168884149,727,Beauty,Email,0
0acc4721-6837-401a-b507-ce867fae5fdd,12,59.962786177371925,210.27152647463356,1,0.08880620465464108,0.48424520895609907,1362,Books,Organic,0
e9cd9b25-1057-4f63-8c4a-68cfa759961c,7,102.71977014551955,59.151460261865545,3,0.04225583763914531,0.44824535577732716,776,Books,Organic,0
16a7aa86-05c9-4aad-b02b-79d9a928175c,10,11.550534249633502,32.25432068393135,2,0.41045482105845554,0.23917093914579227,1303,Electronics,Referral,0
27d03e39-3950-4c3f-918a-304566ffd959,14,31.482642821955388,97.41261912539726,2,0.24881178880002716,0.3891969522383689,1560,Books,Referral,0
868a18ef-4520-44d8-8106-8d072ac33228,12,19.97553582649269,21.001414247373678,2,0.15277940421378342,0.11895746287335145,250,Books,Paid Search,0
aa70d029-c231-40d5-af6f-7475909358d9,12,65.07574886929727,18.538122948310782,2,0.5986404399141102,0.37289097425112727,874,Beauty,Social Media,0
7fb1df1c-4055-49bb-9b07-37d9d7490253,9,45.9515861067372,64.12241846190824,2,0.3708937880556157,0.28867580107764046,1724,Sports,Referral,0
fadee21a-7e8f-4462-924e-e630223b85c1,13,84.83018025654978,29.705735711683282,1,0.025463778181482263,0.43816619209465835,1482,Sports,Email,0
bf35ff17-dc4e-4f3d-86a6-a3b581e9a9e4,13,23.64495564768111,8.765258307447418,0,0.13200695649814653,0.19859356946165282,1776,Books,Email,0
b89c9a69-9c4b-4ecf-a4fb-761121370b5e,16,30.164948435873303,4.158704750812738,4,0.3324919329462874,0.4614733308624306,1570,Sports,Referral,0
b26d2eb8-579d-4123-9b1f-6017183bbda2,5,45.39000740144439,93.02560290056,4,0.095770544576998,0.348544363880175,566,Sports,Organic,1
3e0e1762-9764-430e-82f6-8d4a2c8f8201,7,26.65988135315282,67.60417692058,2,0.12285982929737274,0.15127185198515414,327,Beauty,Social Media,1
9e0efba1-3829-4ee6-bef8-df72e27baff6,6,42.06437693658518,31.841114071015337,2,0.03702685232150683,0.662454409318545,385,Beauty,Email,0
6ba632ef-046d-4f9e-8c03-d03069ff1ee1,9,91.47985074305313,135.93333470914325,2,0.16497895156286482,0.39861396359112694,396,Books,Referral,1
cf3330bf-555b-4ce5-9f77-0e4d0fa447e2,11,182.52329772329637,31.74515521311119,0,0.046657170981628804,0.7390059832746896,139,Fashion,Referral,0
16a800a0-7e69-480f-bab8-0d78fa6a75e9,8,22.406147799162145,74.33362455129384,2,0.020298432924381698,0.07840439285857789,1654,Books,Paid Search,0
a16c0607-acd6-404d-bb95-6de3571b8ea6,8,184.5695775021805,143.88980016025937,0,0.02498317398754244,0.21525154802344476,917,Home & Garden,Email,0
8546a078-0c37-4e47-bea3-3c8b043af664,4,22.157274533249925,110.22378649555372,2,0.08272595113046392,0.23797283107991798,185,Sports,Paid Search,1
5d317f94-52b5-4f54-a3b6-2f7cf68963f7,11,66.36310469240091,42.93642474052359,1,0.14525270187656497,0.4123125805790478,1392,Electronics,Social Media,0
d41ec304-9a45-442e-ba1c-d656fcc0fca1,10,22.297691335123524,68.48549938358917,2,0.1829784973495568,0.34736262684899066,594,Books,Social Media,0
5044ddd3-6705-4abd-b36a-2bd8fb7ba9a4,9,14.531601791394166,32.031918306568016,3,0.05047701236617463,0.060697132076694846,130,Fashion,Email,0
7c47d849-ce7f-495a-b922-35ca67c3ca22,10,88.07430278704778,62.510756390535704,1,0.3219804744413358,0.28689844953642574,347,Fashion,Paid Search,1
2f3f3046-914a-4af4-8064-12bac3b05b14,8,31.838624828034018,17.868182090008805,3,0.21403046313520516,0.6158500598599043,1200,Sports,Organic,0
57433ed6-cbe0-43a0-a820-392b1618af90,8,92.49907705937369,34.22839296988393,2,0.053437037909998916,0.4524182342592772,1449,Books,Paid Search,0
02bed241-b71d-472f-9ef6-c668c394a268,11,60.437588458558366,14.1088489851223,6,0.31427318545907734,0.45142384450408446,463,Books,Email,0
d5549007-1157-44e0-9558-736325f691f9,7,46.01149759851634,2.33598631818686,4,0.23528070237572668,0.39965259759988275,1053,Beauty,Email,0
34a94909-5b77-4aec-aec4-338e19fb852b,7,51.46617419910671,53.282586346740025,2,0.10114742753599126,0.33383793909045334,2,Home & Garden,Paid Search,1
8aab6c3d-7d7b-4def-b9b7-6f48a34b34dd,9,79.11597663862192,119.89574028226124,1,0.15516752967437195,0.5664010906149233,508,Beauty,Referral,1
0941e22f-a4c1-4603-a829-61a6293bf4e8,12,69.48830864327822,1.5546651669956952,2,0.15018708505618436,0.3431969596352645,332,Books,Referral,0
9622f349-c53c-4503-b55e-264eb6e72b31,9,23.959770366411927,13.091580086651323,7,0.3405337537533128,0.22862557049122545,140,Beauty,Organic,1
a59f0843-d611-4509-9500-53d8134823f0,12,46.448656695471946,36.991734030739046,3,0.15191247941144337,0.45432063023913355,883,Home & Garden,Organic,0
8210fe13-c621-4b22-bcba-dab255058bcc,9,110.00131383856198,65.77832412629765,4,0.26796327541712384,0.32511120101967383,1151,Fashion,Organic,0
40852d02-88f1-4b7f-9091-358b6ee7c78e,11,34.33730449706449,11.268697927190715,1,0.20747177109496512,0.2393839380661078,85,Books,Email,0
ed04d9da-f20c-4baa-9a0e-aaa14ca2f3b7,7,22.303104119866074,3.5019258894640695,5,0.2120191902196163,0.13753365567759704,252,Beauty,Email,1
23a9f9ca-2938-4a31-895a-9765e3194f0a,9,20.143733401963758,43.91935789568756,2,0.43412324947130254,0.14525954224159043,1701,Beauty,Referral,0
f090a029-1691-431b-8e95-5601947257b7,8,65.32164446227507,102.45934422954163,3,0.06442437983002786,0.48777922332266826,407,Sports,Paid Search,1
d227f745-8ad4-4227-ad23-a81beac39e76,8,27.32111625181063,2.1522381969924864,2,0.07216983644215404,0.24312677222492732,1387,Home & Garden,Social Media,0
5e35e142-5fff-4dce-afa3-3315f78a09b1,4,44.24702031373655,25.788798596503945,2,0.15716757264861467,0.44603665407861925,1364,Home & Garden,Paid Search,0
0b6bfd3f-c707-4cf5-9098-5bffaba7c2e7,12,26.299472661886735,65.35205658129473,0,0.051880097409575054,0.29466527151396754,587,Sports,Referral,0
2c2ea50a-0024-4ce7-a886-53006e77d71d,8,84.70346637634243,8.406918709237482,4,0.12837505162604182,0.28377905646318574,373,Electronics,Referral,0
e74f36cf-b3e0-44e9-a92e-cf46efcaa84a,7,37.344032687167214,16.147069709345217,1,0.460723341701531,0.38044813720177967,445,Sports,Referral,1
75c622fd-335e-44e0-848e-305595394b8c,12,103.80720835633178,46.006673040618,0,0.3304574181979719,0.4449731758696039,1033,Home & Garden,Referral,0
5cdc9663-70da-42f1-9b60-82763433d7c7,3,100.80976910631244,183.7529746950616,3,0.33762360397208624,0.4646855057540808,696,Sports,Email,1
9f7e458f-9b3a-4f73-b081-fae998ace5de,8,30.860716512509818,20.325270273346273,1,0.12570172969850335,0.20792090153029646,904,Home & Garden,Organic,0
2410d5f3-bf2a-4321-9935-3396c999324c,10,96.22364735732455,40.11048445331436,2,0.09617536462407761,0.6648723133077337,1481,Beauty,Organic,0
b7662ae3-2e4f-4ee4-ad9d-03ab7f614a80,9,25.274215047035895,30.642624130696994,0,0.20544121952648198,0.3519128757434528,917,Electronics,Paid Search,0
6486c59b-094b-4b83-8d9a-fb4ec600aa9c,13,40.973174872042286,136.61309462505113,1,0.24755374172665465,0.4480651504357145,1816,Books,Paid Search,0
88b55852-8dda-4a16-b9c7-44cea523a01d,7,17.747311611594085,4.47629233422098,1,0.23361834288405056,0.5478690245313899,1215,Fashion,Referral,0
6dee3cb1-24be-46ea-a5e3-a57eefdca0a6,14,53.24181644909178,50.103052495988585,1,0.12754010061451304,0.13512748180890655,379,Electronics,Referral,0
08818800-81e3-4e1c-a4b5-1f3ceadf2194,12,42.141671772326006,112.29481477587919,2,0.07104459158033131,0.607305722521605,912,Books,Social Media,0
49013905-59ad-469c-9e89-121bc2d1b504,13,49.96681667936201,265.961702092951,2,0.21652748888059722,0.3210010977294869,1484,Beauty,Organic,1
7e995f1b-b46f-4d07-9695-f53ec86e31fd,5,11.155112413839312,71.98400768746032,3,0.20063942731303708,0.6646889860305687,399,Sports,Referral,1
547cc24a-de28-4742-8989-c999ad598a25,15,10.0,28.67590409114746,1,0.3015714039671878,0.6578244216239761,1331,Home & Garden,Paid Search,0
4e163c87-92d0-456a-a117-e80c738e6d34,5,13.3817959339706,31.843779330667942,2,0.29187059051934255,0.6243634410099383,62,Beauty,Paid Search,1
889434cd-47f7-4294-9e25-b159d62556d8,13,49.3676286297787,26.002458072354415,6,0.06464473847382382,0.47020661925100254,1720,Beauty,Paid Search,0
760be996-27c2-41a8-a1f6-7a29b0652022,6,56.75606294287543,55.52187144073251,1,0.1325733450915827,0.284841223711022,1210,Electronics,Social Media,0
94f37b51-8273-4b53-a891-0dbc640490ae,7,81.73394783434928,80.6874455103182,0,0.16434170821238436,0.4603928501724858,297,Sports,Referral,1
b116921c-a2fe-4bb8-b5f2-e9ea84c77220,13,23.96012681815877,102.7106888547273,2,0.307096835903563,0.41884164614550523,1595,Beauty,Referral,0
fdd35fa6-9650-41ad-853e-5ae2fa04dd2e,10,39.13094609721089,32.33222465978045,2,0.15723714928533164,0.31915805671452124,150,Books,Referral,0
826ac197-25f1-46b7-9646-da2c3afcdc1c,11,18.90032302146615,75.67673304599191,8,0.08487433898407463,0.31000206993432,741,Beauty,Social Media,0
9890a7a0-e005-451a-aa18-b965b4390eaa,10,98.88103402703855,148.77551414812004,4,0.2674210341046476,0.2182684631849528,1345,Fashion,Referral,0
9ffb2e24-4df7-465f-ad4f-053130287590,9,18.774894967092163,152.16552542531628,1,0.14214144781699325,0.3943510199741976,1710,Electronics,Organic,0
97913e8a-ac5a-4e55-9600-7ad6daff12a1,12,85.01458489806178,73.04962869616219,4,0.3172356955081919,0.1458657123608171,637,Fashion,Referral,1
39e59d0b-f51e-4d87-9100-dc63422f16e1,8,27.084192735418846,60.784982383337514,4,0.2910492544672752,0.20863100588595115,1515,Sports,Referral,0
282a431f-23a2-4f94-a0f5-7bcdca72098f,11,116.7688670244465,45.49649017939561,2,0.18730053889279324,0.4088171187504226,359,Books,Paid Search,0
2174ed13-4374-4cbd-a20a-776193188be2,8,38.33510786346854,12.1414894388796,3,0.11298446070965004,0.40462006993192334,65,Beauty,Referral,0
cf85f044-f975-498f-be32-4b60811b47c7,17,37.67022125305152,7.917990383390602,1,0.27500734858792203,0.30500384777807205,53,Electronics,Email,0
2c668cd0-6408-4089-ae32-792246b2d87b,8,18.11492000191634,39.89819567557545,1,0.08080262458932916,0.5552632760199594,1201,Beauty,Social Media,0
ae907ad1-ed00-4937-a661-6093ac2cfa7a,13,187.46902991623023,10.421513231009095,3,0.3804283410994119,0.2928472399428652,282,Books,Paid Search,0
06155a96-e17c-425f-bbd1-89f6f9d7ad90,6,73.16027789658564,51.62297545279587,2,0.23470105888276302,0.13312043377439903,92,Home & Garden,Social Media,1
8699cc6c-e32f-4ea6-8284-ffa055a97193,8,49.8772490356962,62.257138399502644,3,0.43103522677251654,0.17765517697790545,1782,Books,Email,0
a4dd5357-0d66-4e98-b9a3-00f6bdc4431a,12,40.11072268182229,44.74423861524323,1,0.16580849924803467,0.44796778226538264,442,Books,Paid Search,0
c5aca0ba-98ca-47ad-b066-0c27586c3079,9,19.519490478072488,2.226403812223538,3,0.14562012377769715,0.4132990368767535,844,Beauty,Paid Search,0
1dfacf66-a2ac-4ed8-a1a0-fd946540e67d,12,56.74779698543616,3.5676753010538738,4,0.22654823511449307,0.5566467230121775,1119,Books,Email,0
9c4061e6-abd9-48de-b6de-25d97f2f8a41,7,31.394662664463354,7.217701249058271,3,0.3692611685081702,0.329751105047607,264,Beauty,Email,1
b5e356ce-1aa1-47a1-a78c-333a6eef3f6a,10,34.674908880198174,10.009040206037337,1,0.24962153412791296,0.3767145179089793,652,Electronics,Organic,0
61d9650d-5dd2-4f03-9ce6-d302fa5f0243,8,67.54380967737546,275.6099955650588,1,0.21613453192578078,0.46170170995215953,1182,Electronics,Paid Search,1
de264e9f-a256-433f-80a1-3e42359980e3,6,41.577623507831355,25.340962426068018,3,0.11907535312077139,0.4298832871586959,1167,Electronics,Social Media,0
f39b1e26-608a-407f-a4f8-dfbc7bc300a5,9,33.59981674473778,20.716414688657043,3,0.18004582447946157,0.4478986256609978,1536,Fashion,Referral,0
3efae4b7-83f5-4ce4-9bf7-2bed6852c40c,5,104.4301710401343,3.220924652259924,1,0.24740954137178942,0.7138454564305952,798,Beauty,Email,0
2a6a4b12-1fcd-4087-a06d-16ba6b949ec6,5,17.199903001414825,60.52416561460425,3,0.3157643944065793,0.1592948854425358,1624,Sports,Organic,0
fcc0a7e3-e322-4ac7-9749-53713c971b31,5,10.0,63.366070960695644,1,0.2778759860826889,0.4600914610789708,1245,Sports,Email,0
91b55874-f5d2-48c8-8b94-3e2dd1fac50d,13,17.517525320547914,11.574954405135381,2,0.22930688264136564,0.5539670962841914,1026,Books,Social Media,0
b6126d42-8adc-4778-b640-98829635400a,7,37.39860665872601,150.97755396086362,1,0.2884746908091892,0.27685817938676577,214,Fashion,Referral,1
4a538849-4a94-4102-8bfd-05a3e83ef9ee,10,57.72209811956934,96.71452171687812,0,0.04377440408230423,0.4255566956791396,1049,Sports,Referral,0
4c94f3a6-6231-4e3e-a336-00249dc01eda,9,18.259926097332816,15.706772837859557,3,0.2572329319932494,0.5596724768218693,1085,Electronics,Email,0
2183b8b1-9de7-4606-90da-c397f889d425,5,500.0,39.91438223706735,2,0.1779847061533104,0.37607436732635796,1385,Home & Garden,Referral,0
3cdf8dac-c95a-4bdc-8bd2-2a575a04b977,11,38.31068210961305,36.79264047510149,6,0.1578418562005487,0.19318189295462593,1312,Beauty,Referral,0
3c86ebd3-642e-4879-b8b5-f69a67f1847a,14,37.39082130790176,25.7105557996562,0,0.28411746421898426,0.25965763031910705,967,Home & Garden,Social Media,0
a10dc2e5-59f7-49e8-a66e-acde3c463270,8,11.802275994139505,102.10461185984266,3,0.36857054670155626,0.5007675514083575,1082,Sports,Email,0
06e10cee-b851-479b-bfba-4cc7e90ef1cb,7,10.441215877975283,6.942464214184868,3,0.16665122020004003,0.6402431439435095,1409,Fashion,Organic,0
32485dc4-bdfc-4acf-a855-0b65396a73cf,12,10.0,32.20084429033904,5,0.20409932048188018,0.19999313943777391,642,Sports,Organic,0
a488a615-b9a5-4403-ae86-0b0af55fa849,7,99.19972097385954,33.52024278722841,2,0.0704965859825574,0.21345459361433697,247,Electronics,Paid Search,0
fae6e61f-4bf1-4b9d-b0ea-03a14aea2195,9,87.35329526881722,37.94859834429508,1,0.11530233299170575,0.623285265568707,1595,Fashion,Social Media,0
6bf43709-17c8-467e-8388-c359b86ba6d1,7,33.07699153800983,118.54814656320323,2,0.20449437211981727,0.32045927725560697,1761,Home & Garden,Email,0
9b1b17ae-3a53-4762-a24d-9e206a923e14,14,12.529309807280478,14.766837012718579,5,0.060063766499920276,0.6688849396218247,784,Beauty,Referral,0
6bce5b2e-5869-4acd-900e-3393c72dbdf9,8,26.52214358605862,6.5168263399564665,2,0.17866587308905849,0.4073285276680348,1807,Books,Social Media,0
e083403c-7a57-4fe0-8c15-6c9c09c5d9de,6,103.24972205559311,57.710003388611696,1,0.2531278543473224,0.3853286132787638,589,Electronics,Email,0
cebbf110-6270-47ff-a5b6-3b6248623a72,9,22.12428984896864,11.45760792289231,4,0.2552164727134962,0.15006473448726224,122,Fashion,Email,1
98b4a0ac-5580-4f58-ba2f-76f3e2044879,6,16.092700353125768,4.6732874080302595,3,0.12818445567312606,0.11087655351180355,1045,Books,Social Media,0
75d92da2-bde5-4212-aebe-cd1c9d806e42,13,24.415051760634505,33.375454144150396,3,0.3529789963499047,0.7012935833387317,1584,Electronics,Social Media,0
756e965c-a82d-4e28-8970-9adfb21d8741,12,26.198737964526604,14.88049009400825,1,0.13871588658073186,0.2516890244951326,1127,Beauty,Social Media,0
085a2379-0299-4517-8a7b-4bb02161d0f1,12,59.7679423866643,26.89139272442828,1,0.0422775125172056,0.41102870674740133,18,Beauty,Paid Search,0
47fc989a-56b3-4d2a-8214-83cebe84af63,9,10.0,18.042884201328018,0,0.15789807648306464,0.548744390348707,22,Home & Garden,Referral,0
ecbe3d77-fd64-4f85-968b-ed0cc06853b1,6,37.9194164590811,5.8327257778302375,2,0.3627887942918602,0.2917005994738676,1322,Fashion,Social Media,0
beac3897-905f-4a4f-aad5-55929c8119c7,10,18.96411686830843,49.30619766757142,2,0.16361100806306317,0.1487669088392855,1542,Sports,Paid Search,0
5c80fa13-a85c-44fa-bc72-1dcdf4b9cf6a,13,21.575672641678345,1.6434075660704832,2,0.08749213525950818,0.12153886913940232,462,Fashion,Organic,0
512bb830-fe75-441a-bc89-40d7930977b6,15,60.555952882279456,203.54974742337058,3,0.20655902216116562,0.7031558144032444,858,Fashion,Paid Search,1
fab3cbf0-77d7-4f43-933e-cc42b530f635,5,11.687896418683465,25.05200524383249,4,0.09557971180016064,0.6088974716140555,1754,Electronics,Referral,0
386dbf29-f224-4c00-8ca8-97b937e942f1,7,38.24237712068854,71.27760381629581,1,0.3337441976309528,0.4385900254410783,841,Sports,Organic,0
6c7c9eb2-7d85-44dd-b1f3-87c4badba4da,12,48.66789457522844,99.75857330604077,5,0.41843090490561874,0.41732753921075627,248,Home & Garden,Social Media,1
b1b44721-66ef-4ec0-b8c8-bb12e01e583c,10,52.65103413672948,19.63568998500832,3,0.40590773947654013,0.39422128612904345,1663,Books,Social Media,0
419b6809-aa43-463b-a635-b8900245c522,11,58.29366509522676,82.87571290519033,2,0.009519550239765723,0.5971358781843524,904,Home & Garden,Social Media,0
42055683-c10f-4e3b-923e-9ee48f6c5a57,6,52.32760276813118,107.17797206311262,2,0.010581510411981819,0.4028388318432847,629,Sports,Social Media,0
d579d715-aaa8-4fc2-9e64-0d71e4083e54,5,58.87477221120634,16.570293109108842,1,0.27014202770918483,0.33194096901678455,178,Beauty,Organic,1
a4c9a27b-10ee-4640-a74a-b50acc7dcd43,6,16.36848983774115,293.5285657800597,2,0.2126759387324677,0.18377805212193032,836,Books,Paid Search,1
95354bd0-833b-41bc-bebc-2e3652192136,9,98.7448200861577,1.2543415168375307,1,0.36948033345414005,0.47187540728511235,1404,Fashion,Paid Search,0
af1fd20a-174e-40b6-b805-1939890a2ae1,13,12.837223676634668,14.677391779149643,2,0.01737957054496454,0.46660870404295834,1309,Books,Email,0
b10a0c16-0673-4b44-8173-2246e348661a,7,44.53500866987963,90.85332502765863,2,0.07343514577288685,0.3183989092547525,906,Fashion,Paid Search,0
4927c1fe-4031-47c8-ab09-ef9f8600dd0e,17,19.207229438615343,12.950046707644288,2,0.1758072259184085,0.3839543123633759,1313,Beauty,Paid Search,0
d241a1bd-1da5-4da0-8bae-aee8cab906bb,6,10.0,71.8913463931104,1,0.10103874733744185,0.42978472351551716,640,Sports,Paid Search,0
9770e774-906b-454e-8b80-6da6ee3c2775,8,20.987187221335574,116.08117252059687,1,0.2254388756566003,0.5732485534800731,1342,Home & Garden,Paid Search,0
7af6757c-badf-4f98-8541-592f139fb950,11,30.121522661592333,191.9653846944171,3,0.04115549274218829,0.19656879628415555,157,Electronics,Paid Search,1
a83faf0b-b56d-4030-aab2-3d1a967e8d24,8,100.43663862658534,38.57548431544503,1,0.17383012907081846,0.3082614830100269,364,Books,Organic,0
bc6f37ce-996b-4735-a390-3649425275a3,11,141.98736248331213,212.65376446926138,2,0.34876540345444074,0.29538399995908937,1601,Electronics,Referral,0
23c83790-d682-4668-83a5-edd69e02398d,7,29.853062551127525,31.823171083286688,1,0.0988095825705113,0.665080977750775,536,Beauty,Referral,0
d28d1e23-d10a-480f-a5c5-c13cc97c2bf0,9,10.900154282769572,14.763857126495628,1,0.12060159379901239,0.23667570452347989,376,Electronics,Email,0
e46b66b6-5dac-479f-bf0f-2636a48be150,11,11.647637769767085,43.28315231315938,3,0.27144788733301517,0.3736225642766639,163,Books,Paid Search,1
3f36168e-3c98-410e-96b5-7585ff667c8a,6,61.40525698853916,62.959034143415415,4,0.2536097782107516,0.20088595983507368,717,Electronics,Social Media,1
a9bea48a-036d-422a-9e1b-718065994992,7,58.35387724787638,36.74529583609038,1,0.20353974144073222,0.3760193188217395,123,Electronics,Referral,1
9c04aa9d-971e-4abc-a239-98367910cf69,11,20.37086931364782,50.21723479230095,1,0.09747041494641018,0.5885023033509873,907,Electronics,Social Media,0
2f86c012-b8bc-4e5e-acac-f2927f1ab837,4,12.943809670984932,32.313312339000596,2,0.10080620774479435,0.37327830178117494,1677,Home & Garden,Email,0
2bbd99da-7382-41ef-a1fc-e8c33a0aad12,2,73.245717611893,44.63636706311905,1,0.025607662181367504,0.3810487595846996,1436,Fashion,Social Media,0
4d064d4a-919b-43aa-a174-300d605c89a9,6,12.398911089294593,182.94250471831572,2,0.03092074338552453,0.3552259481407204,75,Home & Garden,Paid Search,1
52bb319b-55e8-421b-93bf-f61fd1b6c616,15,23.209234710311065,41.56857255832248,6,0.09461568779865392,0.32828834918294864,547,Beauty,Paid Search,0
3e3ef848-e61d-4568-90c7-64ff3daa7afc,9,48.36584817000563,17.51583570413838,1,0.3488826599280503,0.50850573259304,343,Beauty,Organic,0
60b223f4-58f9-407e-b6a4-d1a5f8f343b0,8,10.0,85.3144520860876,0,0.2695686176362568,0.5918118036149892,123,Home & Garden,Paid Search,1
ffef0f0c-6178-4c17-9c1f-7291857ca115,8,70.99990962753243,24.711732761538762,1,0.02513961169141479,0.4279414814846258,199,Beauty,Referral,0
2a8824ef-3797-4e3a-aa79-5972232631b8,12,222.3438586057675,101.63676504502905,3,0.02039620380417623,0.30102316420747927,1657,Fashion,Paid Search,0
78437b37-641b-4305-8e4c-2dc40873a0b4,9,36.27435644083527,3.5112868999492983,1,0.07316616049335056,0.4505990967524117,566,Fashion,Paid Search,0
4f098609-11aa-4e8a-ac47-cf9dae78c5cc,3,32.21003054688215,24.224014424547413,1,0.13225151287998807,0.4831123053151281,716,Beauty,Social Media,0
fc997bd7-36f9-4783-9f79-237de2371494,15,34.31080597270778,5.9467980959725,2,0.12477240763282112,0.31580245119775935,886,Electronics,Email,0
a503d99c-9fdc-46d9-b817-5c570789790a,10,39.64161740455325,5.35071737692601,1,0.23705982814754362,0.5787999240981462,1359,Home & Garden,Paid Search,0
ee853d3b-6754-4c11-88fe-fd418ade1c23,6,18.467663503065108,64.44505518307854,2,0.15835631923454588,0.2283267489833654,1457,Books,Referral,0
4fef1b1b-8dd0-4f02-a033-360306b31d94,12,13.470927882332164,29.200653111352654,3,0.168024644480141,0.49469457980206455,1758,Books,Email,0
b74d8a2a-297d-4da1-a290-feb3b10e4f2f,8,24.965944546191242,123.09975074824591,3,0.23980274138025573,0.4165845618830572,385,Electronics,Paid Search,1
c503b8e0-cec3-4d29-a1f5-f21761d6b92d,7,37.445312524423514,43.59046707116767,0,0.20001746207046048,0.08331484307892656,550,Home & Garden,Email,0
70152bac-3a11-405b-bce0-95857f273095,10,14.898665541548336,21.002665995388362,2,0.22757990952363513,0.25444274801778,571,Electronics,Referral,0
4e231e97-7885-48f6-9206-b61e4fcad676,10,11.27641186608971,76.5687195246063,3,0.040840932271896044,0.21990555463240022,813,Home & Garden,Social Media,0
613b0090-1e1b-4bb5-9201-fe1bd038f634,8,23.28161277966133,58.69264770372404,3,0.1784942081625557,0.2566948060861227,1473,Electronics,Social Media,0
899b4ebc-1695-4f90-b0f2-62462f424e14,6,11.396096575296879,96.44478407772169,3,0.059485027968923396,0.5742055952996876,437,Fashion,Organic,1
49f5c440-83cf-4dce-881e-5d5a8147721c,7,56.680914897770904,61.900121355772676,0,0.36662476657945137,0.48533915770444663,1429,Books,Referral,0
2d007502-6e39-48d1-9932-b4399a2b7aa2,8,10.0,10.964264634390107,2,0.08412022219739294,0.47918571497108964,373,Beauty,Paid Search,0
5ef707a8-36a7-4bab-97d1-12d46fb6cb96,14,13.00706746181957,66.57615445307815,5,0.14700438841648,0.1932574908966229,1296,Electronics,Paid Search,0
96b508ec-1d29-4387-b411-32b70e0a7874,8,102.59855451366735,29.810353227923788,3,0.32266174906512596,0.21475238034590047,1458,Home & Garden,Organic,0
4dccb131-b59b-4e37-bbab-0041d6eeb703,9,27.73306004463136,37.32141423141831,0,0.13345642181923062,0.3608440118869509,1558,Beauty,Referral,0
9c2e551b-0253-4ea5-b2c1-80032134bb18,3,38.364918489333725,152.72877681539273,0,0.041789252940506026,0.4803427947206511,931,Beauty,Email,0
bf811374-be27-4eab-bb49-2a6f65ebe26c,9,29.870286794209967,26.773855592793293,3,0.042780355051929946,0.4526628524168739,600,Beauty,Email,0
36e0dc0c-57e0-4ac8-b416-f0ac149782f0,5,20.04831967760897,56.79867859996089,1,0.09854388884962541,0.376894681378487,1409,Books,Social Media,0
9699deb4-af52-448b-9aa4-dd2eeeca2447,11,79.5316041919004,27.10452977449418,1,0.298356231514309,0.7386526184600372,586,Electronics,Email,0
0c7402f6-bcf8-4657-b0e3-280eeb31d8a0,12,20.957796131474137,5.97115556750846,0,0.4396994372128544,0.27369835983660296,271,Sports,Email,0
358ca2ca-bc53-436e-8742-e3961b0c4694,8,17.068160215416217,36.25604063902983,1,0.08406490205764984,0.21473095531010536,1523,Books,Referral,0
bd189b43-62aa-4c65-bdab-1fd083cf0369,12,56.003242043763414,54.53828071246391,2,0.15550684501579118,0.5063282592354584,751,Beauty,Referral,0
3761879f-e737-49ca-b19f-ee92f7e6b2b1,11,10.0,31.40459773019326,0,0.29946797450941615,0.3912901721370214,1042,Sports,Organic,0
94fed90d-44b6-4937-83e6-3a6ef855eab5,12,26.355083622667422,29.7233414776152,2,0.11574621002453243,0.13192703408136405,1676,Home & Garden,Referral,0
7c426f38-9e6b-4ba9-8e6e-3c6cce377e89,13,21.86384444386601,103.01420982988878,0,0.438106214871817,0.2313632272483322,248,Fashion,Organic,1
6fbdad85-0a31-4b1a-956b-a8e340c78396,8,25.96309952001161,1.8080817296633906,2,0.10277984373144354,0.46940668040434597,1017,Fashion,Organic,0
d6135d73-ce14-48fe-b5d8-eb5fc9bd2eb1,8,22.40519797408873,21.023290265241574,2,0.08408305198673027,0.5808157349036143,1020,Home & Garden,Paid Search,0
26825156-b85f-4175-992c-6b93ce6ae4ab,9,44.70431625118578,100.2013804408902,1,0.2288623298545368,0.22471238128654292,1573,Sports,Email,0
3ebb6814-e056-420a-894b-0f986348f049,11,79.81799466034731,151.942653423617,0,0.03863584536685777,0.6520070612187988,623,Beauty,Referral,0
4654d19a-6ae3-4a98-8f13-738bdbbbd561,12,47.821223145959216,31.89227763911405,2,0.14104563941093312,0.24397599270853065,732,Fashion,Organic,0
f1910aac-e7b4-419e-be79-c79a42a02710,11,25.291518584247687,131.7823877211725,2,0.2213671754200448,0.24509635209197658,948,Beauty,Email,0
e8b9e125-aeb8-466b-9ed9-242779b88ea5,10,54.87987689047516,13.30842584537864,0,0.24945068777712315,0.11284430400352775,305,Fashion,Referral,0
32721b18-cea6-4fca-a686-dc402134d4c1,4,60.27232472536181,15.017556551595375,3,0.06904405235225702,0.5265723143768185,859,Sports,Email,0
9ec150b1-b5c0-4a30-b19a-21629cb8b3e5,8,44.20080397474595,112.32276926777514,2,0.08090787722409337,0.5381979430711854,796,Electronics,Organic,0
88553987-57b0-429f-9613-95c3a41bbc21,4,76.6247334467968,140.14229784780264,1,0.24280977266881243,0.20588393351811124,361,Fashion,Email,1
6c43a52c-6903-43ab-a7c2-8c5996fa2039,11,10.0,15.12389897828884,2,0.10856812061140665,0.6007062585592223,1520,Fashion,Social Media,0
31c9ed23-b224-46ba-a58a-3cd4cb82b274,8,33.832149471175406,3.669402911679663,3,0.23840011429006386,0.32399587912102396,787,Electronics,Email,0
e624d541-3a4a-48ef-83d2-ec7abf34165f,7,42.36331412900048,5.680016249390649,2,0.08986814584615396,0.35728505578710773,559,Sports,Social Media,0
616dcd47-9bc6-434b-81c3-17f3feb92538,12,10.125038654231867,18.17836978025371,5,0.3042188184902199,0.5207560018849777,238,Sports,Referral,1
e1c13e95-5e74-42d3-aaec-adea4c50a6ad,8,39.51249593794224,85.99034870598348,1,0.17215453371272946,0.26422476473643863,164,Electronics,Organic,1
112b384a-8e78-4468-8166-b0f0f3bfe365,13,68.8520863006753,42.79999260298625,1,0.3246378143041941,0.35582222657551826,1752,Fashion,Email,0
2a9e63e1-df12-4b17-9118-ceca465055ba,5,27.685261590709484,36.483030774116536,2,0.403509512768403,0.2671410583909622,1816,Electronics,Email,0
9cfef58c-3254-4365-9d2a-cdbd97f448a1,9,55.99327004295377,52.64438689812924,2,0.3382467156829297,0.5125614020228003,1638,Home & Garden,Email,0
3b325606-06bc-41ea-923c-d523aa4288c1,9,75.05361035635849,132.55831663116675,3,0.4578112996339175,0.673954813845716,837,Beauty,Organic,1
91ce45bb-cf58-4175-b671-6b93e0f2cc66,5,96.92825035422882,5.68702415534691,0,0.2973699445634154,0.27511391838364396,1474,Electronics,Email,0
c3b3f8c9-ee4d-4856-a775-5060549b4ebc,12,83.90817991135303,71.19236469814544,1,0.07529665361344812,0.2640118016031585,1522,Beauty,Referral,0
0c34298f-299d-4e1e-8f5b-39ad221ad091,8,98.73953396506897,156.86608838890507,2,0.05334831123917434,0.3080378972235586,547,Books,Referral,1
29abaa38-b135-4b96-85b4-f756f5530ae4,9,22.20598776291097,14.398314562772562,0,0.16801200814315168,0.31949375133899655,1069,Sports,Referral,0
05b97d19-edff-489a-a0c1-aaa941fd07cb,12,24.237332707096286,109.12526840726012,3,0.21363874249919815,0.6174498392350475,1746,Fashion,Referral,0
a912ef3b-ac27-4579-83d5-9bfef7a33a7e,4,10.0,71.84460531971823,4,0.24602514664962688,0.19525563957313802,511,Fashion,Paid Search,1
e2927800-66fa-42e7-8a75-49f499276f05,11,14.123859740174705,0.8744535619557199,3,0.22505369342646286,0.6872967981770607,1210,Home & Garden,Paid Search,0
543dfce8-7bd1-41a2-ba7c-b793518b225e,12,87.77346623663306,15.807602945459731,4,0.16301312822006256,0.28086837860865155,1209,Fashion,Referral,0
b03a7b2e-51d7-4ef5-8bc3-2a7932b261cf,4,20.411833253741868,55.86062636438696,3,0.17113818040621653,0.6434518484146183,826,Home & Garden,Email,0
5b94a0dd-e00e-4052-bc64-33b941b6a412,11,45.516308862892465,41.877565188879494,2,0.21157412829425004,0.5217131191060153,895,Home & Garden,Referral,0
e12a85e6-b584-4337-8e3f-8279977921ad,10,40.148347747979706,45.03847465861965,1,0.1559914709051072,0.18614136323490077,833,Sports,Paid Search,0
06638cb5-3e3c-4f54-9b0b-b4be3e31fedb,9,89.34890015376966,15.832497418673576,1,0.23933819260443903,0.2726224434596536,951,Home & Garden,Paid Search,0
5847e577-74d6-41c8-93a2-5fbc088a7f22,10,10.0,67.4364465487733,0,0.11931259723226481,0.07658023536927608,272,Sports,Organic,0
08d1909f-ed59-4561-ab73-d067faf1d15d,8,43.908331069725016,18.58898403147728,1,0.2933444362503978,0.18874399328294528,1450,Beauty,Organic,0
468c3422-cbe3-4070-a97a-9b1ab5fab332,7,43.34077657763995,29.602227965396796,1,0.02259198270659373,0.47746973777318447,1206,Beauty,Email,0
e7b7fac5-b55a-4667-aeea-d5097f464c09,11,16.672522780727252,27.618970198681197,0,0.11434776609316483,0.3741206500755492,1777,Home & Garden,Organic,0
6732aa4b-73a2-4bca-a42d-ae793ce60e52,13,71.39282870331361,66.88907762753406,2,0.30343014168931726,0.48124118103113794,449,Beauty,Social Media,0
6eb9ece5-a531-4e51-b699-c88f14026d07,9,10.813244903860163,5.675308688710069,4,0.31253079262328015,0.46803375312665946,267,Electronics,Social Media,1
165416fa-b0d9-48dd-ace1-1463c01e7531,10,77.60475319174935,13.805701996568505,2,0.04931362912920935,0.3542751971885279,625,Sports,Organic,0
fcc8495c-3740-41c8-b3a2-d9fd31945203,12,10.0,13.425904966872995,3,0.20011626046704553,0.2985056919244245,930,Books,Social Media,0
ae2bb6ae-7254-41e8-9a9f-0123577e8936,10,16.055697877912213,6.885921109674375,3,0.27346587972685127,0.3161996245921714,374,Electronics,Paid Search,0
3230f2d7-ce07-45f3-b423-f477ddf06d95,7,29.609333893355526,13.960957651511494,1,0.24760645659002897,0.1686861921048242,841,Home & Garden,Referral,0
b7947f5b-d6cd-4316-861d-52a8771e5e38,9,39.4142661413039,56.04594194203593,3,0.4248991647696946,0.24427207024175332,1173,Books,Referral,0
fdd3881a-dca9-402f-b7b7-5e4a3a873a65,7,10.0,79.04375992174495,0,0.15786269083905013,0.12540684260877238,103,Sports,Social Media,1
dd83719a-a26e-42c5-ace2-7961879d561b,10,76.27364886633369,64.78215305789286,2,0.08035177400628532,0.23878834130376092,1383,Books,Paid Search,0
f67fb6c0-31ed-49ac-84d4-9ea5d4fd121b,8,60.51238289532929,38.68292632049581,1,0.06360603756770244,0.2246029029300922,1715,Books,Paid Search,0
98012768-c9b5-4a29-974e-4f2718d02b6b,8,151.81314647623577,3.2315574094509105,3,0.04011007791535457,0.15156015344224508,490,Home & Garden,Organic,0
8b9e1e63-2ef4-48bf-99cf-ded88731052e,7,58.0723286657305,191.66125315554345,2,0.14182825729114448,0.19348820201192277,1416,Electronics,Paid Search,0
131888a8-9b2e-4c7e-a50b-c90937152e3c,10,18.372812522789648,11.040884545743527,1,0.05319520197527571,0.390772780097149,763,Books,Paid Search,0
695a632f-82ec-4fd2-9fed-8317bc6d221d,14,14.054756842563936,66.2334182481433,1,0.08733786990383147,0.5471577639475963,1212,Electronics,Paid Search,0
966e3eef-5f62-47ec-930a-502d4df42ba2,6,23.653870816847597,146.43543940499023,3,0.184358444554825,0.4316883052347216,1356,Beauty,Referral,0
53286069-17fe-4579-8bb7-0aa5698e556f,3,189.54984794324125,71.79542646513598,2,0.1892953832433192,0.3820853273261704,539,Books,Social Media,1
f4399468-a1d9-40a3-befc-3f6b68874bf6,6,34.40100336554113,14.757841137249917,2,0.05433316486681493,0.5133537235317313,1437,Sports,Organic,0
b20ef9e4-76ba-4afc-923e-0b5ffbf9baa6,7,35.59492650778729,22.769975812278275,5,0.08154145178497176,0.2779438874394103,192,Home & Garden,Organic,1
6ba65ae9-82ea-473b-b7c8-cf61d1f26074,10,99.8399828694769,1.8402878424956814,2,0.20148773432365272,0.42366976975269893,1800,Books,Organic,0
b4fd2621-fb88-4eed-86bb-1c6efcb1ebe1,12,13.044635013161134,56.92236481981307,2,0.07735953486210444,0.6315414558395018,615,Home & Garden,Email,0
912bf035-a24a-44b9-83c8-802636915c6e,10,50.96648321569859,56.95874693159397,0,0.25604707674448157,0.3789349557390029,409,Beauty,Social Media,0
2d86ebd8-b267-463b-9f02-2748e7445b07,6,50.05259739582941,77.56836815889189,2,0.32903892362383574,0.6344422604960674,253,Beauty,Referral,1
dcf93e79-64f6-4709-a658-eb6f60e21670,11,71.22799747499269,0.6634317222075173,2,0.21190756595753152,0.46670894180544975,1482,Electronics,Social Media,0
863b4370-6573-4f77-b3c8-9176d4585ec0,6,65.48589397190588,102.17261594908864,1,0.51384196568318,0.24474338607745194,1069,Books,Organic,1
0a33573d-384e-4ac5-b312-a5c5271711b0,15,31.59652283453461,80.52768249067735,0,0.21599432431066054,0.2966126495305984,1736,Sports,Referral,0
9a3dc49d-326c-4aa5-b869-6538fc0bca26,6,10.951864536531803,9.111261769630651,3,0.4095548654311054,0.1215423525865663,1182,Fashion,Social Media,0
11dc31e7-616e-4a2b-b10b-a25cfdd02996,9,21.075178268536714,25.628291748406642,1,0.1405148024050928,0.3394577736044993,622,Electronics,Paid Search,0
52c91c2e-7f3b-46af-9f95-293fbc35e378,7,64.95383418974627,61.05372598761637,0,0.40097241479579504,0.46222425345479035,1526,Home & Garden,Social Media,0
54dea779-807b-43d6-b7d8-3f8bf1800bdb,14,145.98450727419078,41.086563971510934,2,0.034822321534404184,0.16775302958521626,513,Electronics,Paid Search,0
422ab650-aa2c-4759-84a4-d57f3593ad96,9,12.449168036287443,7.336449151793392,1,0.09941840671564613,0.413585600018502,531,Sports,Organic,0
e4735de5-7c22-4502-864c-c6cd265e6f72,7,11.810422305278198,5.483865358544156,3,0.0756155825361517,0.6400948926512479,52,Beauty,Paid Search,0
d057cc00-daad-4471-9d36-d30c7d7bfe87,8,10.0,91.24615682176088,4,0.13605563643882093,0.4163535204637184,460,Home & Garden,Email,1
b402e127-3bee-4c05-aa16-61f4b5cef174,6,17.92793425001405,10.17382952703306,5,0.0287099558241878,0.26280444314237533,477,Home & Garden,Referral,0
eb44fd4c-c327-4dcb-b240-b8383ef7d178,12,70.67196421568684,11.331243353863158,1,0.19281189523269227,0.08811370840030967,543,Home & Garden,Paid Search,0
38d3a5f2-321d-4366-bb4e-c67f4f108d5c,12,94.91226477995156,106.64410727637528,5,0.24552473548225068,0.5277652261427634,673,Fashion,Referral,1
64323060-476e-4f69-9fe7-6b38af027bd1,10,10.0,56.826593221628585,1,0.1363455197004249,0.4765553798382225,1052,Beauty,Paid Search,0
8440b20d-79ac-4744-8c39-d340eca759fc,6,12.62729048945222,55.688987627086945,0,0.06923718820879254,0.16926367653734115,395,Beauty,Organic,0
b046e094-e9bc-4ab5-8aae-27c30bba4d66,12,10.872292599788278,39.16014757187632,3,0.1459010732980543,0.7533265271676635,1162,Fashion,Social Media,0
54a70e84-b4c3-4b7e-944e-4322cef8b59d,7,16.541278261831753,50.498137285992385,1,0.32274641883983574,0.27045893297365114,244,Home & Garden,Paid Search,1
e53c7a3d-a501-43e9-8282-771892821c8f,11,27.71910396500224,55.243486419216694,1,0.15881245312434553,0.3453050415487774,1698,Fashion,Organic,0
051a4813-450a-49ae-98e7-ef6d9626e116,5,24.09649590925882,206.19623431279763,2,0.656882719341688,0.5041009529823237,48,Home & Garden,Paid Search,1
00633f54-6013-4ded-bee6-68c677834a03,8,49.9516420796218,15.136834552858362,4,0.2778167031069734,0.495873708072266,1657,Sports,Email,0
ab2e9c2d-867a-4df0-ae17-bed8e6736d05,12,10.0,14.49085736228091,0,0.05439730895476181,0.16112998981209797,999,Home & Garden,Referral,0
71823e31-13e5-4c4d-a30c-e914f8bf4c35,11,21.836505555981077,3.535243048390659,0,0.02517164869662872,0.37685852385965685,1296,Fashion,Paid Search,0
5bbdd398-a4f5-4bb4-848a-d4239ebe3f95,8,98.80228930687078,64.41155963989361,3,0.32110807855010143,0.5878063610254614,545,Sports,Organic,1
d2e72e7d-10a6-4575-a080-d27c9ae082e6,11,101.86103136647229,47.78288827052999,1,0.04499382604493711,0.4200834447803585,318,Sports,Organic,0
91136778-4c4b-408c-bf2d-b0db7c7359f3,9,125.43611513018016,7.075629022072763,3,0.2740148041198439,0.4950048567805765,1728,Fashion,Social Media,0
1476af21-8fcb-48b1-8770-d38bbea68b79,4,45.358744684454365,27.20426742807695,2,0.45398426813440335,0.6708213573426464,805,Home & Garden,Referral,1
175fc039-97b4-49e6-8f58-91f69a9c1aec,8,19.607901927965557,11.809321723044565,2,0.20380860437087617,0.49665303866874655,877,Fashion,Social Media,0
1ae5cbef-6b3a-4314-babd-489838ad298c,7,38.08764205460725,24.161494111724515,2,0.3449861817910796,0.8088212450179294,1798,Electronics,Referral,0
065402b9-4d72-4cda-aeaf-ed60255759c0,9,250.17853005977707,181.28044668208958,1,0.04918178420684815,0.19770598949700413,613,Fashion,Referral,1
6ed0b975-f7e2-4794-8380-268d6c4464e4,10,21.66175673011201,68.99158872881638,7,0.174479732182076,0.30370117865887086,183,Sports,Paid Search,1
0f33c98e-dc04-4fba-b630-0958c87efb10,11,143.49057500331307,0.4558735087188179,0,0.17641400837124016,0.23422260633295044,1071,Home & Garden,Social Media,0
027a5eb0-db83-4ae9-97f1-4ee4e11417b1,13,10.0,17.46190648947733,1,0.07522844988489555,0.7166118372348825,1012,Books,Social Media,0
aa9834da-b05c-4d22-9f1c-36caee925274,11,52.33096649761255,0.6249360974030963,2,0.3960816304983093,0.14795537633851139,1411,Home & Garden,Social Media,0
efdc7dcb-c025-4f9c-9522-38e1fa407724,8,55.57937190413998,75.28828783800934,3,0.1752825427238355,0.257270826453498,1743,Sports,Organic,0
f7534fc8-ddd9-4419-aa29-4887ccf9b861,8,44.650648886852984,38.02727565360482,4,0.06711992952871178,0.5592089212902712,562,Beauty,Email,0
ac11866f-e1c7-4c25-9242-eea84d0f88d7,14,47.05191001708804,307.1469584885121,2,0.2015317859630766,0.48842010303864286,1317,Home & Garden,Paid Search,1
312fe0ca-d394-4407-bb0e-6006c3b17fed,9,50.328544112965695,79.36161049745071,0,0.1998872529376526,0.6032855450973699,793,Sports,Social Media,0
c9e869e9-a614-4eb5-8a3b-5c930be4f6f0,14,52.24745199999476,43.7778338671295,1,0.14287257085466956,0.28368670564408915,1430,Books,Referral,0
9953314a-86e3-4234-a879-d745cd2bc8fc,6,25.41674810156609,97.99477414141506,0,0.07808745436593958,0.27851207972693515,300,Beauty,Referral,1
31634335-1112-45f7-82ce-bb69c3e00cb4,8,26.66029170878081,73.20687330068591,5,0.09176541491543606,0.18086803031229973,914,Beauty,Paid Search,0
6baba252-9ac2-495b-ab0b-3a670bd6b066,10,11.148972474768945,16.765073117523087,1,0.2406216534433858,0.5258359060855139,141,Fashion,Organic,0
a934c0a2-e352-4a56-97db-93b9863cb8bb,4,59.500887780734786,45.33433537377563,3,0.22157328506344826,0.5830423285078278,1024,Beauty,Social Media,0
e34aa230-be53-4ec4-97af-f81bc8538d62,12,93.86153704794599,48.715670673522034,1,0.031163797796020593,0.20235591619079665,309,Electronics,Email,0
a4439da7-94e9-4af9-b2ae-205089fe9b3d,6,133.68786198588901,36.00473784554973,3,0.24312707514250953,0.48417691608284885,1752,Home & Garden,Organic,0
eb51a873-2478-419b-9af3-7eef70754240,7,17.169524694949388,11.848009011402372,2,0.19606942887966242,0.25653815514040734,1012,Books,Paid Search,0
2e2c52fe-b769-4727-980c-9c9253dc588d,9,10.0,15.167400684427253,2,0.11219517478170489,0.7405225302342159,966,Home & Garden,Social Media,0
687fb390-5093-4147-b22a-89b143a11a08,5,44.74808559414572,19.79759097957474,3,0.07345378911555922,0.4166123475421922,1774,Electronics,Paid Search,0
4a9e6df9-3545-4200-a203-71c61a0de35c,6,13.137872660779697,0.618485742919823,3,0.15216740923311506,0.11409008824171694,910,Electronics,Paid Search,0
ad1e80de-22da-412a-8505-55939fe5ebd2,16,52.32187849064541,149.29433409669124,3,0.30909429175232733,0.2608788259302094,1235,Electronics,Paid Search,0
e050d058-05d1-4a4c-b83c-05ba3ea2de64,5,10.0,69.52008272947558,4,0.17643412909614836,0.2308958263433655,86,Books,Paid Search,1
50239a68-9a60-4568-9ace-63a3958e1ad1,6,79.02526167713557,70.19695665703506,0,0.1991578853193856,0.38021751342193943,1293,Beauty,Email,0
62c06598-de98-4169-b64f-21c2d688aa8b,15,37.435680652571136,50.9642906444291,3,0.07309803370271808,0.2581051954722887,191,Electronics,Paid Search,0
e0d831ba-f011-411f-8ee4-c651c27add59,6,10.0,70.13773498042471,3,0.05809886723277537,0.5109066137476854,1424,Electronics,Referral,0
ca1ebf81-2764-4d2d-b0ea-7df08c7c84d2,13,42.23571190423826,240.5865846316882,1,0.2898261282576918,0.5023975455606031,1600,Beauty,Paid Search,0
27771869-0e9e-49c8-aa84-34870fda46ad,14,35.72923250237415,29.183625406055928,3,0.2984076595936999,0.4916163670633451,576,Electronics,Email,0
b45d0cdc-993c-4e91-a313-d54ecdd9a804,6,50.31556977823334,74.797285232208,0,0.200637461638082,0.24759500345231103,1602,Electronics,Paid Search,0
614ee0e3-7a1b-47e6-a58a-13b970b01c0d,7,62.90407092397047,26.73308655794942,3,0.10695842041184024,0.3413895956045091,881,Beauty,Social Media,0
94d7cc57-548a-4fae-9258-966a4376291d,9,10.0,115.56772139121303,0,0.09748767845906202,0.341869845399016,1043,Books,Organic,0
884e8eea-5a22-4a4b-a2c6-debca266aec8,9,22.715192038102852,117.12778191888813,0,0.09571981343230197,0.1634352550585732,750,Home & Garden,Email,0
75847a5e-460f-4fe8-a13a-5330850ae719,7,30.838872241248442,139.53060775553956,1,0.40743644668578805,0.7881312813998197,870,Books,Social Media,1
cfdd1aa1-6401-4fb5-ac69-a3d6a6510106,4,26.146151763069042,0.32869816666439833,2,0.22520835517878818,0.28074508303251794,1657,Beauty,Email,0
e124baac-5186-4de0-ae1a-951ba4873357,11,25.007535430095174,21.245677549146702,1,0.12634318817211673,0.7534009278602443,1728,Books,Organic,0
01eff481-2166-41d3-9266-86cf4077c9e3,7,76.98111882516541,8.626981197851384,6,0.10982037293748921,0.4539299112052213,814,Electronics,Referral,0
f4c450ef-eda0-41c2-917f-46df56fc1b8b,8,10.0,36.306661498036426,3,0.1682436770388579,0.2615816696193268,939,Fashion,Organic,0
b2ac5215-bed4-4c8a-b3a8-45645e60ab57,5,26.22761936600726,41.045257672502196,5,0.27572589209051207,0.5177950349462612,212,Beauty,Referral,1
35b1cea4-f424-41c7-a00f-3d419614f8de,8,27.94378637331206,17.73511666645454,2,0.15799948194700408,0.24884854837029072,594,Home & Garden,Paid Search,0
0ec6b541-87fb-4e8a-a9aa-ae43900b4a7f,11,30.33981113535608,77.12105747506568,3,0.24306100844001322,0.5977299329421749,937,Home & Garden,Social Media,0
e575acf4-3581-4752-ab0f-ecbea6e14af7,5,15.152246567096904,18.863720320795892,4,0.12875061366155616,0.4107879456506056,370,Fashion,Email,0
c4e8ed41-7917-468e-b19c-b3aa2a8f2a36,11,183.71710659865303,115.40429573998479,1,0.38091007596997933,0.46213047416319936,1052,Home & Garden,Referral,0
47563e5c-70fb-4b61-acb9-8a27454e3460,8,72.44813240411398,11.736034546520346,4,0.25708155908262087,0.23045187687449423,1250,Beauty,Email,0
4788dbd2-79ed-49fd-89b5-e90c69d1cad2,12,194.26599495234979,27.45939837779104,0,0.262297915538542,0.25012793604940914,1186,Electronics,Organic,0
40323712-3ae3-4fd3-a7de-a75b26db8da1,10,55.26926607049919,58.40941630803463,1,0.40245711102456844,0.5184271870593856,808,Electronics,Paid Search,0
3a28c74b-7c21-4a5b-8276-2452b91e2d9f,8,60.93603694896777,55.78308922365624,0,0.19035630371695525,0.7050916595440193,1404,Electronics,Organic,0
a9833885-801c-4d71-ac19-7341ae6687ee,10,32.99956716991987,4.874497846015674,3,0.05407493626191977,0.3725477570303722,583,Electronics,Referral,0
d8c5ee13-3777-4e37-8e1c-1cf41a47315e,7,115.63821714463715,112.34900328686618,2,0.3270514509651432,0.25789756751990467,856,Sports,Social Media,1
6e47931c-4ccf-4aa9-bc80-b190c7e1fbca,9,52.06132722858226,54.68788376127304,2,0.3156967715792968,0.2981141098450437,493,Electronics,Referral,1
8818bdbf-6be7-4016-9ecb-dcf04ebc9600,7,28.431023421253514,122.34846103034943,2,0.27838327346047176,0.40478626011984287,1102,Sports,Referral,0
edff3a98-c53c-42d2-b6d8-cc76b0822f25,9,145.0759386613312,121.33178335940727,4,0.14947410147476728,0.321002148940772,804,Beauty,Organic,0
4fe48c51-5cbb-4eff-8665-66cec8d0aac5,11,11.678457538243038,47.36874005318035,1,0.10873741364156868,0.31838901872692194,397,Home & Garden,Referral,0
4a96b906-f69f-44af-b34a-34a1070e322e,10,18.436020661143797,144.99998299951682,3,0.20959108498747217,0.06904482952694009,563,Home & Garden,Social Media,1
ef65a553-2514-4770-a3f3-53ea3d446979,8,313.71795174528427,113.1936750274589,2,0.21032386094691613,0.48410905174991753,510,Sports,Paid Search,1
32d4fd70-5394-4056-9b6b-6b4c38a7c10d,14,56.631352733861284,190.38103229697035,0,0.3207542608940106,0.34448018445556344,1662,Home & Garden,Organic,0
385b42db-ee0a-44e1-b08a-cf0a66287c4a,10,10.0,114.02689045389323,1,0.3461661417360802,0.5584281456279149,953,Books,Referral,0
9edf3dd7-e176-4fee-8a8a-fd7ee3c0524e,11,74.82451816507472,103.29053727074512,0,0.09551162678729812,0.09012379377689413,1191,Fashion,Email,0
3a57fe5e-da44-4e53-998a-1347597126aa,8,14.607237351060151,38.020341576537994,0,0.15656029206927874,0.210216451401603,1705,Books,Paid Search,0
a6530a5b-1e71-4bfc-865c-9fd41ed3fa52,10,20.916714932477447,14.297796397462555,2,0.14530509328913613,0.7022417606255177,333,Sports,Organic,0
d9c990e0-e828-4b4e-add3-279bfc079a4c,8,254.86959651880565,144.9510954408109,3,0.2292456519138831,0.3456100456274332,1709,Fashion,Social Media,0
254c7607-5140-4908-9755-48499514a733,10,124.5133550629021,76.9266965976203,2,0.20783668304155498,0.466148721678879,985,Beauty,Social Media,0
e8f9bb48-29e6-4935-afd5-ad1981164b72,11,163.77429479461412,19.85607645052022,2,0.07147958895710055,0.24756681046117293,1562,Sports,Paid Search,0
951c8e3f-abdb-4649-b398-56eb64a8c5f7,7,20.37198963386274,25.021515239599324,8,0.25063233839479054,0.3639487714915583,307,Electronics,Social Media,1
c3b205bd-f0a0-48ba-8102-017e0466ec2b,7,26.23553364593298,69.51674172602313,1,0.1147570857755681,0.48510879576033716,498,Fashion,Organic,0
1357e344-e99a-4d34-884f-a0c736bd3641,2,39.445994086737386,38.984266099968735,0,0.11708269393933164,0.17755008109963652,355,Sports,Organic,0
93a2a1be-165c-44d0-b9eb-140aea40dc9c,11,66.33500811815384,5.099663342267501,2,0.1514286882044339,0.2765477189311765,1192,Electronics,Organic,0
0ad41663-6747-412c-9b5a-6f9844d30e4c,6,25.189136538416392,9.150477991388419,3,0.11472827617197111,0.20750537794582694,257,Home & Garden,Referral,0
f0ca8b55-5b83-42f0-92a7-0b70a9cba246,14,148.8142022057141,82.14232991018959,1,0.10530033665838896,0.20481435916048898,1446,Sports,Social Media,0
347d0943-1f34-49a1-a378-1ae3c430e619,14,49.05531708334846,23.900688625357628,0,0.2850862236717859,0.2725999465979907,457,Beauty,Referral,0
6d74bfff-49b7-43ff-b342-0f3e8ce80976,12,109.15238056537738,42.51385633982471,2,0.10049660652916735,0.18215762951861353,466,Fashion,Social Media,0
76bcd883-e7e3-48cc-969c-36a5bf4afd15,10,17.743305225674874,87.30561520378012,1,0.2769890572588932,0.36247389471586305,513,Home & Garden,Social Media,1
bec010db-87f3-41b2-be8c-6c735f354490,8,23.686307585210525,83.46046961348686,2,0.12314543473791478,0.19844165438795286,1362,Sports,Social Media,0
294aa62d-3a2d-415e-89b0-58ac8380dd2a,7,40.307571974273785,10.964380587511716,1,0.022165631665755265,0.8472691099004838,1686,Sports,Email,0
97aab736-bf68-4fa8-bcab-45011b57af36,10,22.935986944187448,6.214650662611111,1,0.18726672572597233,0.6390146948123074,1656,Home & Garden,Referral,0
51451c29-cf40-4647-bb4b-397e271cca72,9,76.56802177001295,53.66475280310012,2,0.09394525102732049,0.7458287089210891,185,Beauty,Paid Search,0
fea42333-850c-45c4-ab46-fd8d1a52fc8e,7,77.7981902521513,81.20242417578652,3,0.22440857215921636,0.2371157857395829,479,Beauty,Referral,1
aa221573-8636-460d-9b83-dd9ae70cc656,11,27.350902768986305,9.683403802329341,1,0.09233867302966497,0.45523050749753124,1227,Electronics,Social Media,0
b7832f60-6912-43b7-9a8b-19a988f19de2,10,56.05744366080453,27.90863499149911,2,0.2649995938226439,0.38270229586355864,1129,Fashion,Paid Search,0
8819d514-fe68-423e-a057-633982734962,8,169.606876763514,122.5416929252549,2,0.1473268650814101,0.5979084270690629,639,Beauty,Paid Search,1
83528b60-c452-45f8-bdd5-234168aee029,11,76.37672154329341,173.1837731351766,4,0.2756337458439288,0.16024497427926926,1574,Electronics,Paid Search,0
da16f2a6-005a-43f3-afb6-1bda3d1363af,9,55.79036390958033,36.31584472243703,1,0.27665238158382116,0.621893609221939,238,Fashion,Email,0
3a67964f-bcd9-4520-9f78-09181436ce99,7,93.34043578328847,4.971335318990797,1,0.07499211441673996,0.4675809908640608,1166,Home & Garden,Organic,0
4580feee-28c5-42e5-b1c3-2209fe08f274,8,127.05958298937688,17.879821847560436,2,0.061575538135088065,0.33281709280882676,499,Electronics,Social Media,0
612305d1-d72e-4cd4-89ef-ee3d67f5ec42,11,111.53421769510078,15.91375566382948,0,0.018745781044798154,0.39440034616304337,962,Beauty,Social Media,0
f3d9b296-cfbb-4f61-91de-55e0a8bbd6f1,6,31.262431873533,16.38445493128585,1,0.2793877782800693,0.21570546251441727,707,Books,Referral,0
cdfbfe74-906b-4d11-94d6-f5f792534e5b,10,68.15796323081308,40.85909119094278,1,0.10559837326889106,0.5024946015807875,1788,Books,Paid Search,0
2afb1562-e619-40d6-9346-67c36c32449e,6,26.08998779718813,52.51262008814915,0,0.05545352064172834,0.48396002919951564,888,Sports,Email,0
14051d90-45fd-4f08-a17b-d43b09bdb373,9,31.704059329445172,7.841355058344048,4,0.24765982667398884,0.2891238121835467,1781,Electronics,Paid Search,0
173558a3-750e-4a00-95b2-86d1c9d2022d,5,48.58881186589271,132.08624987953556,1,0.18164641772836068,0.4959347373494088,466,Beauty,Referral,1
99657b81-8917-4cb8-8559-34433d15a108,8,10.394149025631911,58.05090855191489,5,0.036741959578027554,0.35806800989338916,1401,Sports,Organic,0
6d11ac7e-f9ea-4042-92dc-cef77e40f0bc,6,44.47443422857995,54.566613184102394,2,0.08584036996578903,0.3507001851624142,1308,Beauty,Social Media,0
ac1b1a19-1af8-4a96-a8bf-4a8fb20ec429,17,19.045805615896676,261.8700588477821,2,0.5972618108687316,0.43977969473160944,1547,Electronics,Paid Search,1
7a73c844-fbd5-4f8b-936b-bd0b7b3a8614,3,12.821350354598762,59.354912153922115,2,0.40875397959424037,0.3730408849376515,1266,Fashion,Social Media,0
35d76ce2-2a80-44f6-aa54-2f8f385dbaf6,9,62.547811567311655,158.67001232657444,4,0.39119952847160283,0.4054350381848891,1245,Fashion,Referral,1
49d0d2b8-6bf7-4158-a1fb-ac08c6a89dfb,10,26.87969180770582,20.23393720138869,0,0.17909524029394447,0.4544656770304741,1206,Home & Garden,Organic,0
648baae7-b5c7-43be-8b6e-541b3a1bffe1,12,39.48771356860296,16.4764345351976,0,0.2177702497970471,0.6985312006954688,1797,Books,Email,0
a08c811e-9e52-4bb9-8586-5e25b64656d9,9,27.40978704114475,43.60455683423027,4,0.207604560825198,0.4421194489372246,417,Books,Organic,0
d52f48e7-2c53-4be7-b8ec-7c74d417f8a3,7,20.22025281990128,42.63090165117949,1,0.2706269052797772,0.5079204006702235,55,Home & Garden,Email,1
3da31f04-fe7a-4ff9-a94e-f5eed24f4738,12,36.38135254967839,15.408508250361216,4,0.13406737933635846,0.07794964292555656,1237,Home & Garden,Paid Search,0
1baaa6a8-fda7-4665-9b99-b9e5032c6cbd,8,11.136203775645834,72.16953913338448,2,0.3265457403347348,0.2601155648472638,315,Home & Garden,Organic,1
3b7ec096-48a7-44ff-928c-8c686577e31e,11,30.66152986931338,1.8049063668357226,2,0.2336594280438231,0.3340229314044399,1240,Beauty,Paid Search,0
3b91a2aa-9978-4b6c-bb79-f4c71f98e2b7,11,161.51314921368328,70.39313009186228,0,0.020971203344074613,0.480737957503405,584,Home & Garden,Organic,0
dfdedc09-5cb9-4b43-9c34-70f0fda7111c,9,12.684981734587904,36.658416688450274,2,0.21152980409535074,0.2860634738018423,80,Electronics,Paid Search,1
5f969a64-e85b-4344-895f-3630cd2d46ad,8,103.64034044542356,70.07919106330787,2,0.3212638986829658,0.24941986105394037,1405,Home & Garden,Referral,0
e7984a35-049d-4444-a72a-24319b3efe2c,4,175.81604394069416,38.89967977735218,2,0.17603058722515982,0.5134818279377554,95,Sports,Referral,1
b4c7ac2c-f575-414f-8710-e60c3d4ff5e9,14,17.665144319322202,227.21278174914764,3,0.06513345439791447,0.36077916258922765,409,Home & Garden,Email,1
1d1720a9-a759-4973-ba9f-ae4e628ea400,8,43.03816011461955,24.44967556646259,3,0.010189105493704685,0.39169055173212486,614,Electronics,Organic,0
ef10f58a-564f-4490-b1a8-1ddf936e5566,8,11.707345951762473,242.9838561820296,3,0.3940818602682976,0.2094515137369787,243,Books,Organic,1
8617389e-8849-4ede-a5f2-058a581661f6,13,10.386466428005777,4.0308528645204085,4,0.12374446129071118,0.4202377359964066,1667,Books,Email,0
c0dfacc8-395e-4d0a-abb9-f2d9a61bb270,6,37.85397561185863,69.07537859402647,2,0.17173520461080333,0.181543059389782,1135,Books,Paid Search,0
7203226f-e979-4f75-8e17-73cb7f33e407,8,45.940364479579515,36.33227168873977,3,0.41150312608882006,0.7577090614348965,1597,Electronics,Organic,0
49679856-8eb6-4165-aa1e-1af2410bdb48,8,21.040895408081084,103.60471229272787,2,0.2500452572494174,0.1279324872535601,1245,Home & Garden,Email,0
d7c4ebec-09ba-4519-997d-620703f4b1b4,7,13.399332982232439,93.52927068104295,1,0.15533886979453515,0.43977603053318015,1810,Fashion,Email,0
d4edc79a-0d0f-4eae-a4e3-456149276636,10,17.687498441558866,96.62936276468959,4,0.36410620124808957,0.561883960792745,958,Books,Organic,1
5e63ca25-c53f-4d4c-a4cd-02f162b4cfda,7,67.55044360628487,5.971892186334583,4,0.07009841485354183,0.5663858463657522,99,Books,Social Media,0
c3c3aaa1-84c5-4b59-88d7-1ca4296537f5,8,67.92060178268538,103.68170013959453,5,0.11464802619120201,0.3978685908557258,294,Fashion,Paid Search,1
94919d4e-9c4c-4993-a347-2b65bceaf658,12,55.36830117164905,14.450974725209093,3,0.059364937736015796,0.2813841461645094,1074,Home & Garden,Social Media,0
ba5a660a-5672-4827-936a-1588f92affe1,11,24.32529227379862,1.5609454810106869,4,0.15533924990905262,0.6618285115051131,635,Books,Social Media,0
c63cfeb6-8bd1-41bc-8d65-417a9b59ec51,5,14.006908079842159,14.733988571472423,1,0.07305883818290337,0.2554825235369724,206,Home & Garden,Paid Search,0
942a9308-ee08-48d9-8262-72a0ac291dbe,12,94.65214380413839,39.153156775374136,2,0.5404189045244651,0.12272710472802471,435,Sports,Referral,1
7a563dd7-748d-41b4-9144-af6040c2c239,10,123.09228118111571,81.31364488813198,3,0.0491404237931661,0.3510558309211501,866,Fashion,Organic,0
36fa2cb0-93d4-4f6c-b2a8-cbbdb913622f,12,21.76000914109882,14.802579882612857,1,0.05354454435902577,0.2503828668801158,946,Electronics,Email,0
9aa0eaa7-bd40-4ad5-bfe1-8d628369f726,5,29.162379508117265,7.195128383604016,1,0.08359682708906775,0.46198543126123204,1705,Home & Garden,Organic,0
4edeb2a7-ac8c-4090-9851-a36151cfda18,8,10.240590543288503,62.30195221163106,2,0.47542375687375626,0.3416625277740184,166,Fashion,Social Media,1
1739ab7a-7280-41fc-8139-647db891aeef,8,50.76209519274973,247.72884295275443,2,0.06751594813674701,0.19872590262364825,653,Fashion,Referral,1
dceedd9b-6a50-40c7-bbbc-4b20dd0242d1,13,174.27403549879205,55.108131448947915,3,0.1229747151352568,0.4268460096501686,924,Fashion,Referral,0
ad05d82d-a05f-4577-aacb-b483750b4823,8,70.45009975084766,70.475979823849,2,0.07461960440609168,0.28521717977516575,207,Beauty,Organic,1
fd9a2fff-42bc-4f53-aa87-e6eb420cd593,15,194.33793169236688,49.418241570063834,3,0.0830791672648817,0.2892498127425707,1255,Electronics,Social Media,0
011a4d34-f2b0-45a9-999a-d3603f521275,8,24.232451852181974,91.49159177799999,1,0.2767882202423481,0.29351937059853384,940,Beauty,Paid Search,0
dc293a95-8efa-41bf-b608-609bec67c9b4,4,11.633724072260204,223.2951189471289,1,0.1377220882948462,0.2832356747083543,839,Books,Email,1
fe411ba9-5c8a-4bef-a7e7-8820bdcec7f6,10,110.32674833482191,47.13275444692173,0,0.4686268452627703,0.10049415973225045,1197,Sports,Referral,0
0c422668-cc50-4800-875b-d422d395aa8f,14,37.99458283432798,32.35252974704616,2,0.11149112357302216,0.4651454743961629,525,Books,Email,0
1930c7bd-3434-4e50-beb1-dbe6657c62a4,7,16.208797595001155,118.11397802789837,5,0.44720445465726627,0.09168524559631104,619,Home & Garden,Social Media,1
19018ef3-2a12-4eec-8a38-1c4ed110cfb4,6,148.09540175921478,209.85260651310375,0,0.05651543459734239,0.3584152029069421,297,Fashion,Organic,1
f5906c74-2bbe-487a-b36b-077d23f88cc8,7,20.392040572964163,8.299312006916434,1,0.10570161700562548,0.35925388196878505,956,Books,Social Media,0
7066d408-893d-49f8-b1e9-7caf01fd04b2,6,13.51997335368572,51.7893107093239,1,0.06753645597121039,0.1643278949429739,680,Electronics,Referral,0
8a7b7beb-b87f-47dc-9b4e-9c7ad38a561b,6,53.58602926547906,94.3458690533415,1,0.17173818297838625,0.15290861078781845,475,Electronics,Organic,1
78fd88e3-7325-4186-a76a-68d0cc6c7368,7,11.688453830737298,45.729183790857,2,0.0952167513377888,0.4157293087581785,228,Beauty,Email,0
dbf569e3-cfeb-4ca8-ba28-e6cd3a38877c,16,75.02943860059273,31.576355798417673,3,0.2918394181964687,0.5265113581779991,43,Beauty,Referral,1
6e75bfe3-11a0-4975-8757-685d93bd1753,8,13.17274800575076,63.89263392868181,2,0.3212072316099052,0.2998295787285103,353,Sports,Organic,1
b8d1fa39-1b73-45c1-a473-a7a3c70e7e99,10,40.49554741629542,18.89317393036771,0,0.2805969368918489,0.5534558633667555,452,Books,Organic,0
2a605172-29ec-457e-bbe6-8f1ec72e3b7b,11,42.66349889436803,25.767066010882257,2,0.07452267220268266,0.28225289795711794,886,Beauty,Email,0
2285fc3e-e9c4-4f2f-9ec8-828fc838edb0,11,40.9329216580538,291.81049327081877,1,0.16749014595667747,0.5180180015449358,440,Beauty,Social Media,1
a03e9d6c-9634-47a9-b3ee-908e78c7db0b,8,11.82061391045146,60.712837219389485,2,0.20934953454684613,0.2697573417092247,1492,Electronics,Social Media,0
8316ef1c-e983-48ed-bd96-2f78a0c04d9c,10,28.342852121874206,123.77975412416787,3,0.2083733551263579,0.2488781586694968,865,Beauty,Social Media,0
30edbddc-f6b8-4dc7-a397-58cb160b9845,7,99.37201029795821,98.94329831492145,2,0.054380782975933885,0.5871806703633295,1138,Electronics,Referral,0
4b6c7621-43b1-44c6-bd7a-ee67091bff46,8,28.173635381453362,63.380178501148954,2,0.026736261268364137,0.2833457090368464,380,Beauty,Organic,0
94e17480-a474-4168-bc55-527a3dc9e1b6,10,13.187847022324094,110.22891856909143,1,0.10758591253481467,0.2910656670888738,760,Sports,Paid Search,0
b98154c5-549d-4886-979b-9420691a955a,8,23.195148042279857,20.30977062086876,0,0.02752515606896756,0.772543948732651,1100,Home & Garden,Paid Search,0
9ad7f1c8-feb6-4768-a26a-dd99b3541df7,6,12.101903778890543,60.82039750856259,1,0.39276281928516243,0.4143598806087294,568,Books,Email,1
ac1360e2-5c5f-4c5b-8fea-b0613a7e329d,10,10.0,53.58426775792792,1,0.16616441903089982,0.4392871955353618,614,Home & Garden,Organic,0
de70e822-2cc4-44ad-890a-fb556aa8c10d,6,28.7560237235946,58.438305296327044,0,0.2029727339623256,0.059294959582578285,1473,Fashion,Referral,0
e5e88786-89ec-4ecc-9ae9-ab15b8666583,9,35.873842167181905,11.080959274137776,5,0.17756497911887736,0.27756145839754115,1528,Home & Garden,Organic,0
c5b44361-b77c-4b97-9854-3a49d27d7a0e,6,57.92261802870021,19.480936094611412,3,0.10911221989424964,0.286649669252904,973,Electronics,Email,0
cebac25e-7a04-44a5-bb6b-923d6a2bf0c0,13,48.12935187967586,20.26768542453259,3,0.03620131645685423,0.22224078002513645,1636,Electronics,Paid Search,0
76efb8ec-ef4c-4372-a498-ec7b0bc17581,7,54.14783182979713,55.27008077569016,0,0.1431940900950024,0.317213611048438,1344,Home & Garden,Referral,0
e7e7d9d4-f1d1-4908-9d0c-dccc4ba99af5,10,32.04507726241054,215.71652833817325,1,0.17586487825646516,0.24351268670818108,101,Home & Garden,Paid Search,1
58b643d3-b3c1-4ff6-9c8a-91b637b1cbbb,2,181.6350441023667,184.83500794569,4,0.1458069940227912,0.6135980708868124,1021,Fashion,Social Media,1
799d7701-fb59-4971-b8a4-1270515bea47,10,16.891310241034272,15.463288667227657,0,0.32633930128810157,0.523311149353315,1273,Beauty,Email,0
69d91bd7-93fa-4736-a912-ca45408dc709,9,25.69537399228958,21.817247181520223,3,0.3073615839084963,0.4800179696897827,987,Fashion,Paid Search,0
904dcbdc-47c1-45ed-af56-ef6a01c09ce6,11,124.82451389577194,2.2036914025095533,2,0.2898011002395798,0.5456085901410317,1518,Books,Referral,0
d8b57de9-b51a-42e1-94e4-95c4d93ebb69,11,24.2416213304981,30.531213160563308,2,0.2509056464030181,0.3359773923302622,549,Electronics,Organic,0
5a0765bc-110f-4ad6-b54a-b2ebd3b5f57b,6,30.320564485469802,107.99020396503546,2,0.1135243712823237,0.23052593053506104,120,Books,Email,1
f90811a9-3a3a-4830-aa6b-21f9f9758ca8,13,45.75713397909994,148.4392410448641,4,0.2803958368371609,0.3802941166392928,1156,Books,Paid Search,0
e879e46e-377b-4931-be81-828ce6ba745c,4,84.26519859945044,16.190252605266313,1,0.42941505349301834,0.5296422334022853,1333,Home & Garden,Social Media,0
41444be5-ed71-46c7-a0fb-d4689f35e771,7,37.09946259465465,18.537976841519857,2,0.13604773777957505,0.5267553291630513,1396,Electronics,Paid Search,0
c98a4758-e23a-4582-be39-e323eb451cba,7,16.330014472458473,14.973087695323025,0,0.2743338802189742,0.5993807937454289,21,Books,Referral,1
d9622c84-e74b-45fb-9395-c585d8ab8303,9,23.853680619758354,25.856535811062123,4,0.26918273294418266,0.5487349351003531,1229,Home & Garden,Social Media,0
50ad5f92-b9bd-4c49-92c8-f2d7fc5e43b7,5,51.00914263045571,98.01135765648563,2,0.18989513454639156,0.31633322600423763,38,Sports,Social Media,1
ee3cadab-555b-4131-874b-cb82bd905efc,9,26.151642288050287,62.453012130511574,4,0.13598238656411107,0.5459749154386309,1414,Fashion,Email,0
7ba78c84-eb26-4e1a-8532-ef2a6e558fd8,8,22.78629408299313,92.49019303893608,3,0.277180845128572,0.398785989326798,1283,Home & Garden,Referral,0
ded5fb66-746f-4cbd-b1ff-e65b669112b3,7,15.711613903772328,52.48461932964196,4,0.11193680827581362,0.3051712872959879,1035,Home & Garden,Referral,0
21274aa9-f200-45cb-a12d-e5cba6c9dbea,6,86.03772408374643,17.882782045755565,0,0.1310768807899324,0.664552487675597,924,Books,Social Media,0
2897d522-c7cf-4f6c-a046-08719e39530e,13,30.04625374428603,15.52579142405931,4,0.1048241369732994,0.15992083533180934,1305,Home & Garden,Organic,0
a99f8fb1-a6b7-4abf-af9f-e76d3c2ab4d7,15,30.199045838181434,0.5424874155972289,3,0.31499811243265996,0.19429386081596786,105,Beauty,Organic,0
4c91a5bd-afa5-4750-8c6d-aa7aac41500b,11,57.04906800782205,91.1161191424181,1,0.15969789217239597,0.4931182496070478,1518,Home & Garden,Email,0
ca8c4a7f-448f-4208-b139-3dd59fca4c31,8,11.135207916690836,112.68659997127834,1,0.3229602800275361,0.34267707088553756,368,Beauty,Email,1
d3f31062-468d-4fe4-bb10-f2a03a7e19f5,4,34.24668254992695,87.73420509909096,5,0.08687914148499813,0.4710989858723304,872,Books,Email,0
e9b0d1c8-0d4e-4f6e-ae44-38958fa58765,5,110.41625726266126,4.638919574067175,1,0.21633280918774925,0.37459788397598337,888,Home & Garden,Email,0
fbbc014c-2d80-4db9-8760-c2d438f6687a,15,31.466805892362146,86.18497474493714,0,0.3113808322040958,0.5960333979871938,1418,Beauty,Social Media,0
859837c5-0fd5-43f0-8040-5e7059d59e67,7,39.47282628167462,2.8108726462732405,2,0.29259717386908196,0.2016191150291791,353,Fashion,Email,0
106c5a1b-03e9-45ff-bfb3-1fb4d2f67ccd,11,38.77348649103496,6.695665415983139,3,0.13258373353964792,0.16636747943591748,547,Electronics,Organic,0
f1b94390-bb5d-40ee-97f6-3c88a19e76c4,11,77.40686698543358,34.84006415956239,2,0.34811025711606025,0.23146861889176532,1210,Books,Paid Search,0
f051f113-0396-4f4e-b6a7-4200b2170064,11,38.899443508063676,38.79265112437674,3,0.16471802984112982,0.3471586795385091,753,Sports,Organic,0
e18302e4-89ed-4c1e-906e-279adc20bec9,10,238.6189468487736,101.60786961330268,2,0.14015887297177496,0.1415418579097584,546,Sports,Email,0
75a61ab5-f361-4055-a151-0d846e2bac4a,10,39.8459619400196,68.2774147599398,2,0.4570281726089592,0.3729919586311809,1134,Beauty,Social Media,0
414e9171-26e3-4d34-9af0-aaae59c4c2fd,6,23.36870599375747,9.985960242517118,3,0.20114960392667575,0.30161220572316194,158,Electronics,Referral,1
3db6cdef-8111-42c7-bf12-8d4168013804,9,111.00302627679446,15.382383947476704,2,0.11114318822979992,0.2729741718279359,1441,Fashion,Paid Search,0
603adaef-9c87-411b-9939-e8826bc3a18a,7,27.9789121755265,20.18505010088151,3,0.06072884035460874,0.49430990850758516,958,Home & Garden,Paid Search,0
0b768fb8-e39b-469f-8e76-fd4b07e242b3,11,20.497826187562342,7.920933379153399,3,0.17144357420318523,0.27908590247817366,376,Beauty,Email,0
0e38dcb2-59f0-4df7-b98c-0e072a8ec930,12,12.797607416053955,20.350724207622726,0,0.06558489487679482,0.1687687287535769,746,Sports,Email,0
fa0d09c7-f9cc-4100-a001-e839da121c5c,10,48.57005966255984,78.24928413054914,3,0.305640814470781,0.2942247470398492,240,Home & Garden,Paid Search,1
04354d49-40a5-425f-92af-a32fec5fb7a2,9,22.966387744227735,16.57695525904559,0,0.18641544544117014,0.30170058761404817,1125,Fashion,Social Media,0
0bdbdb26-f2df-4c66-946a-a2c9beb8df5c,10,17.780751580066735,108.23951179161358,2,0.1329620173060769,0.33189245338527384,1221,Books,Paid Search,0
a49e4fed-dc0c-4e88-ba61-fdfa3221ed70,6,21.059452362884656,38.0380414495531,4,0.07195735714888268,0.31377567135983464,740,Electronics,Social Media,0
8ff9b65e-04fd-4b76-acc8-9832241176f9,13,24.762827375558906,23.39934739154058,1,0.05598297256310239,0.29981349373455846,620,Beauty,Organic,0
f6fcbdeb-1eba-49be-96ff-80f33615e27b,6,64.46818056762902,31.904378769963458,3,0.23779613658996274,0.6123130761647704,1551,Fashion,Email,0
75e9ea91-25b8-4135-bb93-74fc5ed1ba56,11,48.75602107990221,74.168428965908,0,0.05808414059415756,0.5274065472437905,1051,Sports,Social Media,0
49c68fa4-7532-4c45-aaf5-68f24e067a34,10,29.499338036144763,43.63857189464101,2,0.19938126596045616,0.20015239069310092,1217,Sports,Paid Search,0
211aa4fb-13b5-40ab-82d3-d998ef6ce0e0,15,51.86640916976092,0.43831696164891265,3,0.16058500904253994,0.23793475035300704,233,Electronics,Organic,0
560523f9-ad79-40ee-a3d8-fbf08d9ff9e2,12,30.414744447608832,153.31241847423587,3,0.07061404764105227,0.21328107383843295,1302,Books,Paid Search,0
09d5a29a-8936-40f9-b363-1359a0f2b43d,11,39.0660299449278,4.096473679270737,4,0.5553356662764047,0.7990252654307314,811,Fashion,Organic,0
4ac79f99-2ceb-4016-8ebe-484dd686750a,15,19.422803474947244,167.44159229105543,2,0.11782548376790442,0.2471954616173961,669,Sports,Referral,0
a112bea0-faf1-4f9d-a531-906c77ab35b1,11,19.566850067061246,1.7134027697730665,1,0.10500828235352064,0.6295195347499914,1696,Beauty,Organic,0
76b03946-3073-45fa-bea9-91c777657995,9,37.37784144145289,88.4365823483296,6,0.33011752705675307,0.4807856269728492,99,Sports,Social Media,1
d4d9bf82-b0de-4c86-bd5e-ce57d0d08aa3,8,37.44496313071533,45.901113940405715,2,0.1698669732840052,0.26654303541671154,357,Books,Referral,0
17eec969-b614-40da-b848-49cadc738d49,11,74.36197046029895,42.27993750487424,2,0.10902638908458165,0.2928584668577831,685,Sports,Organic,0
6404e727-ee1b-4b6e-82ae-93d40a062b78,7,49.37576374634119,4.533768112556213,2,0.25722850135908276,0.15889976272293727,592,Sports,Organic,0
608c4791-2fa5-451b-8fbf-9318629f229c,9,22.341426758898663,16.367214324911863,2,0.2674915545508621,0.15545878272107136,932,Home & Garden,Social Media,0
720ca96a-ffd1-4584-8348-b46be9311d4c,8,11.89290107892587,90.18245165751281,1,0.3037596891072556,0.41244455978115846,732,Electronics,Email,0
96851db3-1dc0-47e6-8a07-6660932612b1,13,67.09252660924595,133.12764019144043,4,0.0412991929564561,0.5482049109987015,1438,Beauty,Email,0
945f1de5-b257-48e5-829c-69e2d2cf8a74,5,43.17824932830751,45.18895160850688,1,0.17107290327999727,0.6690528994084891,1401,Home & Garden,Email,0
1e837a11-71f8-4476-a6ee-fd5f6e6ac6da,12,71.90733234955043,26.156392625964557,4,0.08464071097330851,0.5135020497679013,1409,Sports,Referral,0
c407fb64-5db1-4425-9582-099bd004d297,11,47.7992637557463,3.7088993154090515,7,0.18253646086237332,0.15408965482899226,674,Books,Email,0
9d0559c8-d60e-4777-9ff5-66be12607281,9,140.3262429533917,68.77592739430891,3,0.034085211669234644,0.8839325771247049,744,Beauty,Referral,0
9fbfb2f7-7157-4568-8084-de7a37083bb4,9,27.851759147448742,19.580934350585615,3,0.22815187075092097,0.47892602090652736,1315,Electronics,Email,0
5b905f1f-0929-49a9-ab97-56de0cd084ea,14,34.230827055964625,3.395091888774903,1,0.22749876583377157,0.2773884573096433,227,Fashion,Social Media,0
d78c05b2-e2cb-4caf-a724-0f4b35695911,12,62.32586981740422,65.77022757938991,3,0.14562023636239163,0.3471998484483021,1554,Fashion,Referral,0
6f2174ae-2ced-4855-8e12-4bab95878550,10,66.05004039764292,39.89922079797434,4,0.15750805625104775,0.1935103931113411,988,Books,Email,0
a84440ab-e87b-445d-ae16-36c655a78e9b,7,43.020500776127435,0.7220563169748727,3,0.17797041450366555,0.07629263343400823,1548,Fashion,Paid Search,0
bd8188ca-f6a5-4e8c-b2e3-4fd71753f893,3,10.0,7.0543561076269405,1,0.06596729557499416,0.2883886297041836,1448,Beauty,Email,0
4d669efe-1fe7-4b05-ac03-6635bc2150e3,12,10.0,72.07896603861539,2,0.09884438961605012,0.11200994762682324,683,Home & Garden,Paid Search,0
1780b4a8-4465-40fb-831d-ee788439ce6d,8,24.318576226906796,3.9473234551649465,3,0.03552769350553149,0.07294252227911453,186,Sports,Paid Search,0
031fbbbf-6679-400f-9837-cfea344ca164,16,33.69845667935453,120.5783928906983,2,0.19390322069049212,0.3706623840076883,1680,Fashion,Organic,0
0dd8cb86-16ec-48de-b5e9-e86ce9407157,7,10.0,22.3792603357878,2,0.26996370967618843,0.2947433784297903,629,Beauty,Email,0
db3b69b9-61ef-48ce-8197-27c3b29cabb2,9,32.33507745173998,5.570780102654204,1,0.1030014519785206,0.1707838494236059,682,Beauty,Organic,0
01a01cad-1fa4-4f51-afd6-ff2ef6e09de6,6,55.75403002224666,85.5663565188163,1,0.18650751921817862,0.31763741703557097,1659,Beauty,Organic,0
160b4d63-0853-4733-9cdf-9c6f90019772,11,31.583670246609252,44.59412274978196,0,0.11651907000568577,0.3844510788715821,1674,Beauty,Referral,0
6009903e-9de5-45d7-a568-e85eb94a2dc9,6,41.93417983724587,21.972358851309753,1,0.024033555214427474,0.07583524078061134,480,Home & Garden,Paid Search,0
791b4492-c8fa-4f7f-ba6d-98c4c19532ab,5,52.997993352732465,31.262491901493725,1,0.32253525807658007,0.30412637183146857,163,Electronics,Organic,1
3357f9f8-215d-4e7a-b3e6-413dfa6f790f,6,10.0,1.2986980127360945,4,0.12498139895064109,0.46827590006852904,3,Books,Email,1
b08f878c-13d4-4c66-9ee1-e1409e41568a,10,55.816272945064306,65.20669206828424,0,0.17436565295090975,0.20222114349719172,800,Beauty,Social Media,0
90f18e4d-a86d-41a3-bf05-b43bdea672d0,11,18.415137273020182,27.320965846089873,0,0.17880680932876353,0.219519615123179,1038,Electronics,Email,0
b9273fcb-f501-4349-9073-4ab5bf736216,11,27.371847070797273,75.11369036861315,0,0.029195308944248426,0.6432418208055753,494,Electronics,Paid Search,0
2d74ebc5-d92c-4230-8a6c-dd0cd65d3174,5,19.513890013894418,59.35929602030808,0,0.3436252969571413,0.32482638298599487,474,Home & Garden,Referral,1
eea88b1f-b76f-4f13-b998-338f42011c9e,12,78.18744876306984,63.20471691162967,2,0.2741406370380175,0.39921088476656647,651,Beauty,Email,0
a83f6286-5a36-40a5-b3a2-6e1a69ec0a7c,10,12.962548950469676,94.47109893981886,3,0.10779851295626239,0.20267872705134776,480,Beauty,Email,0
e94fed21-a96b-4809-888c-dc35fb359468,7,99.99060329960498,59.8432274047975,5,0.1885680891329474,0.43452455357318814,1566,Fashion,Organic,0
69356f72-3f20-4ee5-a533-9d21ee27a05c,13,224.40718137831067,32.55197465286404,0,0.17978282806378917,0.42204057734554534,1173,Home & Garden,Email,0
69117019-d272-4e41-830d-3e256e9c41ba,9,10.0,29.65065465662739,0,0.0394897467527318,0.6378605253907391,1512,Fashion,Paid Search,0
e91173a9-9e77-418d-b1a2-1a1ce8a23610,8,20.72119953648784,7.641516333166764,1,0.13670073654663092,0.20049480843543185,1570,Sports,Social Media,0
27c89c47-d973-4b4c-a688-e257d8b6d60c,6,54.05262884448765,90.69605924052547,0,0.03267592342154294,0.3974428225241057,794,Books,Organic,0
f667d364-3438-4aa5-9997-3afb5f5a1559,11,14.957908047538616,85.9047336725194,1,0.16726128779848734,0.4471418511511512,872,Sports,Email,0
ff813aa8-819a-4c84-9387-bcb317af5c5e,10,26.64229883281896,16.96552209623866,2,0.03569969566669524,0.5710645666238775,1784,Beauty,Social Media,0
69166a5f-35ce-4acf-87ba-e8b3340967c8,9,38.11857932263751,119.12731435533803,0,0.30031744531672366,0.39146623162035965,1490,Fashion,Email,0
4149581b-d4c2-4ae7-b06e-3c2709b2336d,10,18.72282163627616,53.350199460911774,4,0.3059023323696343,0.2755278800175972,1456,Fashion,Referral,0
850767e9-dbbe-4d58-a99f-6b7056eef64c,8,35.360186461561746,39.08426085235187,2,0.1423523551641191,0.23070999224510455,1065,Electronics,Paid Search,0
6e8cea7f-07e0-47fc-a9c5-e2957698dc29,3,70.73843211938105,1.0590702598167812,1,0.17290426520135604,0.4326288484567805,842,Fashion,Referral,0
390b2a70-19e2-447e-99d9-bb1a2f0638e7,5,31.104357184369455,28.948012270416694,1,0.28715164726884673,0.18506490155517197,1632,Electronics,Organic,0
a425d94b-a8a9-4567-8d89-e4c0a0608d4a,8,14.426639592273798,61.410973837884654,4,0.16990714546463065,0.3279995075017605,1468,Beauty,Social Media,0
57b6a451-97fd-4f16-8ba1-0107b16dbb2b,5,84.09182048297448,5.642016984925075,5,0.04359372232748871,0.44572358072669654,943,Electronics,Referral,0
c0f5d1f3-f997-47d3-8be2-3eb8afb12d51,7,100.60759385355472,36.923110826354915,1,0.20481034234296305,0.2731988521622461,494,Books,Email,0
7f033da6-a799-45fb-ad38-33588ceaf995,10,44.47217706021047,301.5688617545475,2,0.20567087453802316,0.48454982591721285,269,Fashion,Referral,1
0b370861-8325-498a-a6e2-5d356f163f0c,5,15.098057901911393,75.6407670932346,1,0.049830603891479,0.16854739634314503,1009,Beauty,Social Media,0
f3bbd27d-1f1d-4996-af4d-1d85b1c7aefb,11,16.40880677297979,47.49469065335129,2,0.2948844491398013,0.38488944599751146,540,Sports,Email,0
fde8f316-4428-4d05-a0ee-332274ed64a7,8,10.0,45.68978647326557,1,0.15220518196177746,0.27100415037492076,482,Home & Garden,Organic,0
2d51da0e-76ee-474c-bf30-0d6c82175aaf,12,20.620753493684003,2.685099975715587,1,0.10016287354973287,0.35713734663294655,193,Electronics,Referral,0
3bb13651-f7cb-4593-9303-e48e3b2e9382,5,77.66957073128249,189.23367171111272,2,0.03514236664481533,0.4817558325471581,63,Beauty,Paid Search,1
8af5a54d-4018-49b5-a7cd-9a60fd01690d,17,19.160010988271623,158.0135827938032,2,0.2583305038803917,0.3637232374369118,1429,Home & Garden,Social Media,0
83bc39ad-ac26-4b9f-913f-fac1591eb18f,9,15.41365651701969,68.8186429092411,1,0.337983442461676,0.3823430954654636,197,Electronics,Paid Search,1
67511bf4-0152-4bc1-9397-068d777ce22f,6,75.0614816651202,6.255777070898372,2,0.2416250552703064,0.14669119178806234,1621,Sports,Email,0
35c7663b-e90f-4530-b48e-c41f60358bf4,9,83.181398815488,13.979050969844149,4,0.187304866687795,0.46861879445567123,390,Electronics,Paid Search,0
a1a0e825-b0c0-4989-999f-5c215eebbeaa,5,21.56550546138426,12.193804035917989,3,0.19427532277029771,0.391585527926787,1386,Books,Social Media,0
3286b3ab-1cd6-4db1-915e-1cfe224cb204,9,49.777305829427064,43.98548426367023,0,0.2666745573606616,0.35573287211345206,1502,Electronics,Social Media,0
16035b23-3a6b-431a-bba5-90101d6c55f4,10,16.540275536440642,13.976777077151318,2,0.43270625013783726,0.20949585850215285,1446,Fashion,Paid Search,0
502f181f-5e93-47bc-b6ec-ae9fdf05bc01,10,25.176078696012592,71.4043047077434,0,0.03358489044099436,0.44081767231313096,1593,Books,Paid Search,0
3da9ab52-e67f-4fcb-8c7c-92a346788943,11,10.0,47.27779389591931,2,0.09382831596023986,0.4486482895611063,620,Electronics,Email,0
c6794299-a4b7-4098-bd3c-195bbd019bd3,7,44.17158534495275,1.0689565587101086,0,0.1002083782869744,0.2725966883247978,1799,Electronics,Paid Search,0
ab173400-afde-4bc1-8366-4914bda4c5a4,8,30.49824607400135,81.76808650027847,2,0.08120766230261038,0.4968538674941289,510,Home & Garden,Social Media,0
440fdcbf-c727-47a1-8aa5-6d2180cc6dde,10,19.345467229453753,12.556564298517584,4,0.11727630644787337,0.14636492383352948,1705,Electronics,Paid Search,0
64e27ca3-402b-4210-89e7-386fe3ba6350,8,30.764947482223075,104.53878368795995,3,0.09630546219555762,0.31776953476775405,798,Beauty,Organic,0
58fc7c3b-4903-47c7-b655-56b2021dd6b1,12,27.88138422555227,26.314524589178774,3,0.3992521079456619,0.4420610395339386,104,Beauty,Social Media,1
5dd69632-fc82-4cb8-b0c4-207ecf8872e1,3,17.085038738557436,24.80557403486301,1,0.2019373130104738,0.5174940697283624,1432,Books,Social Media,0
b6e92720-6024-4f81-8e8b-bd5ebc3de17a,18,45.55136618649657,0.7132629304448618,2,0.07723725742771374,0.33654796470159104,1437,Beauty,Email,0
694ecbf5-7495-4d3a-8f2d-9a34ea6dd701,13,26.092310490723982,264.0309079400982,3,0.08213096660287851,0.19339492366115454,360,Electronics,Email,1
ccc640c7-3634-4f8e-9109-b8817308a501,9,29.74246392542438,56.805667371242244,5,0.1257051718629285,0.4168466431282021,1503,Home & Garden,Referral,0
a358dcaf-2f21-4fc0-a20d-9a737d41b1cb,4,10.29307055883521,32.96672833182146,0,0.21809973547974654,0.4443990213686512,288,Sports,Email,0
dfb722e4-0400-4e78-89a2-9c438b9fb6cc,10,29.949299534526464,6.096812956163799,1,0.15593751408499576,0.11860295870368481,277,Home & Garden,Organic,0
8725ff3c-bdb6-42c4-bc8f-f7c610029537,10,28.689638407880615,72.06822256427381,1,0.20038287315379547,0.7090374935284277,1476,Home & Garden,Email,0
4f3b6989-ab1c-4b9e-bc6c-577a7e95018d,7,17.10735923860401,19.938215728828517,2,0.02068803094647157,0.5698531171955777,530,Electronics,Referral,0
0bb57738-e33d-43a5-8f86-9decf95a5009,7,50.66498270819823,266.79169947209215,2,0.26011291254987545,0.6066365185370166,141,Sports,Social Media,1
e707f466-269a-46a5-abc2-e0b288c64a8c,11,10.0,180.4043890726054,2,0.3018245612327696,0.28201861768759384,1745,Beauty,Email,0
567786f2-2c51-436f-b219-75b56886af45,4,22.516340685123076,79.74873736823707,4,0.3661340075867579,0.308225366235838,1017,Books,Referral,1
2f7b1ead-298f-485a-9079-aad7294daae0,5,42.434577708322294,212.5765730853737,0,0.3719881333782732,0.46249774265929555,818,Beauty,Email,1
92cee3b0-4214-458c-8353-b7f35d0b4396,11,177.47101426478523,6.698402269395413,1,0.24584651254196538,0.27053374379243833,920,Books,Email,0
5c97675a-ab63-4c95-adb4-ba305d2e7bed,7,11.10573511597136,19.703191144242446,0,0.31007434843817544,0.11683314359614519,1223,Beauty,Social Media,0
f0b46d16-937b-4a02-b172-6f215ff36422,13,35.54864251239118,17.520950082194492,1,0.013387279570886798,0.6915283793929924,1572,Fashion,Referral,0
52237040-302f-4231-87c7-87fe4676fc54,10,51.33240526865881,4.484231212206899,4,0.07446555401161123,0.29405359437427786,1227,Home & Garden,Email,0
085034d9-27f9-4500-8eb5-8d36da110d76,10,34.83694083850573,215.0205886702318,1,0.3378569070270131,0.28777769895674865,1349,Home & Garden,Social Media,1
7a93260b-4d69-4cc8-b400-fe3664df956d,11,12.355794287645162,3.7108702020683846,0,0.18603846769115578,0.34068854423655304,329,Fashion,Referral,0
152bc48e-4a16-4dc4-8fd2-d4c1af07c10b,7,22.48980105762083,116.56425090871335,5,0.3625992309215317,0.4809452949707556,701,Electronics,Paid Search,1
eb9d8ccd-2e89-4d61-8ccf-0aef88401baa,10,10.0,87.70283670502481,3,0.11655339752535547,0.3509887111998931,1067,Books,Referral,0
e0c7d869-ae4b-4e7b-8a14-beefa417586b,8,33.218028241585976,28.28351594682894,2,0.23956433578745537,0.5927756176811003,1130,Beauty,Email,0
0deb7d78-c59b-4e23-aa73-c1e55b28a2ae,13,10.668396899943986,1.1391882195181446,2,0.24993653639871,0.5394521028322908,494,Books,Email,0
d4dd55a0-ef15-4bd6-b4ef-ad55dd9fee11,9,47.680797693622445,0.36687365193678484,3,0.14376018685378728,0.4040585316437626,1779,Fashion,Referral,0
89ec357b-0886-4c87-b940-4854ee6cc7e8,11,19.63398703628435,13.68890132075918,2,0.02339295173718565,0.22571552999205574,216,Fashion,Social Media,0
ce3e4776-5df6-4ace-a08f-a2ebbe82f5ba,7,18.210314078962593,40.85848358759471,5,0.10344194046918401,0.5167978158946813,205,Beauty,Referral,1
4e65d21f-a17e-453c-9932-ff58c1c353ba,12,37.835212101192205,36.7393919654946,3,0.14588758915973132,0.40708651287513614,418,Fashion,Email,0
4ba820c5-4eaf-402b-b1e9-085dc48b5db9,8,40.78054995269979,52.81092066926229,3,0.3423409234506799,0.5244596954853393,1376,Sports,Email,0
3e717cb0-6398-482f-a4de-9b4ed9af7e18,7,66.48839635328478,88.69387197304582,2,0.15850793551285322,0.5020824302693772,67,Home & Garden,Organic,1
749edcc5-fe4e-4544-8672-bfe9e55b2ac0,9,26.867314314844464,28.42668764919342,3,0.19837032386394113,0.6544686293264549,1802,Books,Social Media,0
dfef9cc9-e2ed-4dac-a030-39696b693dee,9,30.428352691848794,10.487187104888612,1,0.23135313740708133,0.31773273325278195,1802,Electronics,Organic,0
7db5606b-db7d-43a6-8745-688e9e6f3f90,9,10.923765483527097,96.58095158950796,1,0.054016231358278655,0.22947193705733032,292,Sports,Email,0
567604c1-4a0c-49dc-9c09-143c6cc7a8f5,10,105.50090579369484,24.270095666003897,3,0.29774130015591693,0.2853188156344892,732,Home & Garden,Social Media,0
76903a16-9593-4f53-b806-248ae0621b98,7,15.680966222925372,20.286493862477386,2,0.2654207462185318,0.22099898714329266,372,Sports,Social Media,0
977a1a88-5673-4001-9605-cd04ffdb816d,13,59.13764890713337,86.71479273383589,1,0.4801595079324877,0.14133773696924615,745,Home & Garden,Social Media,0
f0b04422-e5ef-45c1-8f50-ab4e2b625f8b,6,59.48652605029681,163.21292820482432,1,0.34444084067806785,0.4938459404273327,972,Fashion,Referral,1
34421061-57d5-4491-b8cd-b5b8d5d4fcfe,7,45.60065697588166,147.8789172268364,1,0.3378106856516776,0.5598749290070897,1501,Electronics,Referral,0
b29c4b76-2532-4471-a4bc-075a71b5d1e4,10,27.387527276244356,8.871202780507302,2,0.31108792027681553,0.24282998677182718,66,Fashion,Email,1
085f10ed-a467-4616-ba0d-827011949fe0,12,24.77441296909756,41.96901118578322,2,0.18864624917752051,0.4681927257181581,1801,Books,Social Media,0
bedeedb0-0efe-416c-b8cb-4e2e5a229642,14,31.460693653389523,5.848189335311843,1,0.09597895050036429,0.15535576614907184,1716,Books,Social Media,0
44f01721-1415-4341-a0e0-0bbc45bed3bd,7,10.0,194.61464306850542,3,0.10474670633356671,0.3166809466986285,1041,Books,Social Media,1
97fe31ee-2c46-4225-9e1a-55d75bb84170,12,32.43119508826563,14.541714229507193,3,0.14131081281797947,0.4654294170628872,878,Books,Referral,0
ace6a09f-c328-416c-9a64-601c1f27de97,6,108.70097369583621,13.196140231631851,2,0.179732918313453,0.4632017343985307,1005,Sports,Email,0
894d3cef-083f-43b0-b8b1-c4ea1e86520f,8,27.64151498999371,131.8317380888024,2,0.07287854771953646,0.7927181630267629,34,Electronics,Social Media,1
c3d593f3-0858-422e-86b2-7b226ccf02f5,7,32.25934815738984,206.24160570430095,2,0.15403586493620774,0.4812179874825481,1346,Electronics,Social Media,0
38f5953c-4e7d-4086-9cad-32e282a74fc9,11,14.595393543096682,71.76667907585366,2,0.22366550293342297,0.489644218475085,906,Books,Paid Search,0
e71a7e3a-df9e-4f04-b692-deba262d6022,6,38.418912334953674,7.738566476018149,3,0.27088825241433867,0.36779909670101285,522,Home & Garden,Organic,0
1e429f2f-6af2-431f-918c-f4f11c625c0a,7,17.772008602194035,39.915068377844726,5,0.20447570529068854,0.38148584535268254,842,Fashion,Referral,0
7c1d3356-fe94-4ad9-b30f-3ebf801aa152,9,65.35834973563908,101.76680971415036,2,0.2452295005696052,0.47678180922567204,534,Books,Paid Search,1
a1befde6-a48f-450c-818c-eefce5016a38,7,82.52180903271416,50.98485723520954,2,0.08613929230531225,0.1804673420414802,1277,Home & Garden,Email,0
16555c82-173a-460f-a43d-966d5001c247,4,98.26592266698594,8.534946945947155,1,0.29561671117693694,0.33149595868461024,1121,Beauty,Organic,0
80f8fbdd-5bcb-4b4a-8532-5ea0c40bfa6e,7,10.435001977148776,11.31639393315619,0,0.041354242858582455,0.4230388396627678,708,Electronics,Email,0
78cde3e5-cf24-488f-a02a-398f12a03dd3,8,59.037238108228145,119.76856021845649,2,0.08202971204473677,0.4086594258416312,574,Fashion,Referral,0
a8712cd1-2757-47b7-9822-3d02c2484af6,12,55.56713647488414,44.923292954138354,0,0.25174262469295217,0.24296079354741285,1602,Electronics,Email,0
f7274572-7786-4d84-8346-675dc686e702,8,23.758574891218828,73.41722846612538,3,0.19852597217916745,0.5491780357375547,1245,Electronics,Social Media,0
9458f17e-b125-4b9c-a6ee-198353d1eb06,10,85.98234824259903,28.014507970897427,3,0.06138411558962893,0.38292978118564835,1306,Sports,Social Media,0
ca73f6b5-4b14-468a-bfda-fe501db8f439,5,46.134283955074096,45.619505523157365,2,0.2275281632736096,0.06517693374004428,1129,Fashion,Email,0
82ff65ce-c583-4b98-8175-8f2de9d7216f,8,99.3344732550262,226.6053307595691,0,0.11433556572064141,0.06507599790769318,138,Sports,Email,1
a2bbc8d7-6cd5-4196-91b1-8adf70388291,10,12.011972349811808,24.002066183283386,3,0.044642320723222106,0.23857616177927687,109,Beauty,Email,0
4d1062d1-413a-42ba-9204-016f3b445c04,10,18.704342971368423,67.39677741995438,3,0.0840098604078859,0.3814632607277182,783,Books,Email,0
2074075c-d691-4c24-999b-7ac77988664d,7,35.69386542058007,11.36117324383508,3,0.04836310992108201,0.6743306809965284,1698,Fashion,Social Media,0
24b5d00c-4273-413b-8e45-2fe2fea100ea,7,84.61168913210193,7.788748258631694,2,0.026400806180795704,0.338216523242424,958,Home & Garden,Paid Search,0
0d197076-6df7-4e9d-83d8-3ea60c36769f,8,47.64794797019655,91.84872637260553,2,0.27528113417063726,0.3532925944660746,1598,Electronics,Paid Search,0
dd86afaf-258f-4ef8-937e-65e276ef0d50,8,15.50759051643852,111.51558997113383,2,0.31422338835411623,0.27849738546592406,177,Electronics,Email,1
67260e31-abdd-4dc1-81b5-e3c5af7d93d7,7,137.149812394973,66.21357554803103,0,0.233923170057327,0.40100978827295014,1322,Sports,Email,0
fc1f4c50-dc5f-43f8-b317-8b68cee176f8,14,26.16007144096687,10.332472676969951,2,0.11501887294201366,0.2585408413823544,448,Beauty,Organic,0
223c4af0-65fe-48d2-b497-28e2a58676df,7,15.909754234449572,16.51264704709136,0,0.16733021706703205,0.46700799462052667,957,Sports,Email,0
cd6a7369-dc7d-474a-af7c-a219ab53e7ff,8,17.812885233942264,145.26570653439347,2,0.39499649218640775,0.3925140997386348,535,Beauty,Paid Search,1
db11280d-a1df-4a59-8470-f52e25e19924,7,11.406775986952374,20.440001362293454,2,0.04983876020332039,0.24534249465964175,1300,Sports,Referral,0
be15f011-02ac-46d8-a735-48acefde7410,11,10.0,102.50927494517839,4,0.20359885512483497,0.27685240400083083,732,Fashion,Referral,0
5d99d888-ee42-4151-985b-695b24528cd9,3,30.166295627324207,20.20706939050429,2,0.22094617266692287,0.3107148140765057,843,Electronics,Email,0
870626f5-bb55-4e99-a3bf-e9c345eb0a8a,6,10.0,168.26960498313272,2,0.09815978449513271,0.38585825424688724,448,Beauty,Email,1
ffb9dcac-0ecb-444c-83d4-ffccc5da0607,9,42.56082197113585,147.52129965487885,2,0.09404860791570739,0.5261959463442138,514,Beauty,Referral,1
306a3ba9-6e13-4723-8efd-9f726ef402d1,6,72.77890306887457,2.6536154349239354,0,0.058797179481588684,0.45383267299760094,328,Home & Garden,Organic,0
46189a0b-b6d4-42c5-b458-553faa89e023,6,44.75915646248211,88.28865208826315,3,0.21353126683360876,0.29735990101003346,1011,Beauty,Paid Search,0
8ffb2219-804b-4ab4-b8b8-d435e9e9bf2c,9,34.30153664475947,11.140878403173925,3,0.14019799322905035,0.3779548321213999,265,Beauty,Email,0
f68bfe0e-b354-4064-b80f-274fa0f3abe7,9,10.0,14.545058480487564,2,0.23254917278678877,0.5168310303344673,490,Fashion,Email,0
047989bb-0243-4b9d-93e0-ea59a819d81c,7,65.15958917009513,36.95397220006263,1,0.2173107526618425,0.34073986157860936,968,Electronics,Organic,0
dc4e815e-2d91-4d72-8af4-9f780eac3b4f,4,157.15791634213042,51.52634751532182,4,0.06256929197030371,0.33934654683829235,502,Books,Paid Search,0
a07f26b6-672f-45b7-b7fa-805c3d10bc08,8,102.16766720113245,23.653683560893572,2,0.05458250685048322,0.23486694293469604,1074,Books,Email,0
5ee221c7-e946-4e7d-88f9-111a8ae60575,9,11.422347755352694,51.39411322414144,1,0.3086641004450439,0.2557955064087841,26,Sports,Paid Search,1
d5aaba01-c0b7-4bdb-837e-c69cd65c1fe0,8,31.113010832019434,11.227386686342033,3,0.2319889534004357,0.4930057792318666,1776,Beauty,Paid Search,0
f214922d-c9d4-4648-b9bd-337955055434,11,26.41193491648959,1.3554551062884708,1,0.3566734792716677,0.7520876205140897,1332,Sports,Referral,0
d31c3479-c8a4-4a3e-8cef-201e6f84a84f,14,24.08455383744071,50.809292801202055,2,0.31911574728063785,0.49352015415319755,919,Sports,Email,0
ade70df5-c4fb-49c8-b161-40e732aba4b9,10,33.84063944199008,43.71592479615692,1,0.17352072039843638,0.36450509855434465,1680,Electronics,Referral,0
215648ff-eca7-4776-a6f5-f1a22c58b153,6,187.17907406374283,70.20404154748222,1,0.09873568548672011,0.5531372418307309,1587,Sports,Paid Search,0
bf04b555-dca8-4794-9804-9504491ad5d2,6,36.08530988291184,62.95883155858027,3,0.4227190199738065,0.71626719439856,669,Home & Garden,Email,1
8c11a1b9-28cf-4bd6-9b61-fe54554155e2,7,23.208660047799118,136.6655768078753,0,0.36259171417232516,0.4591843619143083,212,Home & Garden,Social Media,1
77498a97-848f-4726-8fd8-e7297463e6fe,15,42.02743809917277,36.91215519196203,1,0.2927521898408209,0.5194366970308171,461,Books,Social Media,0
c16b85e7-1edf-4bcd-81b1-59c072132b9b,11,11.58086696869165,0.5042817241900333,1,0.07938887973880679,0.26047265291022403,381,Fashion,Organic,0
d5314d4e-cb8c-4734-ae8e-e28cc7114717,10,18.674132517607244,59.761070120845,2,0.10732067583669565,0.728722330572993,1369,Beauty,Referral,0
7415c22b-1bd5-4ec5-b5d8-611431421229,10,72.89249313042657,67.46025932372356,3,0.19277081829275633,0.17327945477718573,1000,Electronics,Paid Search,0
d75eb808-bc30-4ec7-bdf9-2de5dc1355d3,4,38.500662967968076,44.2253157997306,2,0.06621630031759164,0.24466110792341558,1551,Fashion,Social Media,0
108d1423-8be6-41d8-9e3b-f0beb865d2e1,5,177.9289067317262,70.13658826597366,3,0.10498176007742191,0.16581012548846608,894,Sports,Email,0
1d6e9696-5199-4a93-b6da-a3397dff64c2,9,41.023470604007876,23.4568038892395,2,0.21253106912723368,0.240038356405872,1405,Electronics,Paid Search,0
be988d52-8b9e-4c74-900c-2154f5a176dd,12,12.223255789800762,9.667074907866134,3,0.24493247225897055,0.46119312547428476,590,Sports,Organic,0
3fae925c-f291-4611-9dd4-8128be620945,11,10.0,65.53759725264985,1,0.26643882842571387,0.3973322059619632,1099,Fashion,Paid Search,0
8cfaf234-49d9-4839-a32e-3a1190d37f3a,7,73.79687125051672,16.877069180260058,1,0.4011914088295049,0.5192909489030415,1167,Books,Organic,0
f2d54c48-74f9-430d-a0f4-633f80a31864,11,14.393528070657283,36.563214984166066,1,0.28820743308413177,0.07987052392579647,1385,Home & Garden,Paid Search,0
1e8fcdb9-6f95-4d70-9849-b2257f214173,14,13.397943306556984,40.591887045605205,3,0.11831140809959466,0.10817438537995845,1459,Home & Garden,Email,0
a7d99dcc-a43f-4b93-b337-36c67ae26ebd,8,21.933439290118695,38.91332624271323,3,0.14537105462457015,0.49266813268299803,505,Home & Garden,Referral,0
8b477091-6a4a-4b77-910a-d1bbac863b96,14,73.47950012296697,54.7452652688045,2,0.36579014924636893,0.41308113859190604,703,Electronics,Social Media,0
aff6496a-ccd2-45bb-8224-1ffc7bc340d8,6,24.67574673166227,1.7937707604259658,0,0.23291571122168156,0.12442064583672138,378,Sports,Paid Search,0
79fafe99-adad-4e40-8321-e22362531e76,11,16.8898143270535,274.4347982968851,1,0.2534762006240331,0.345335581127979,1365,Home & Garden,Paid Search,1
b573562c-9aed-4b0f-ad03-11e8205ceb60,12,87.36420479360194,75.59249141479562,2,0.16286426450885888,0.35813204882339533,494,Sports,Email,0
ac12a225-b0bb-4991-a0f3-a2e762a929c4,13,76.2151235719879,33.243592129509295,2,0.24882356896254137,0.5017376856180747,714,Home & Garden,Email,0
e2f042d7-9852-424f-9a52-5dcc241cd306,12,125.66918252671387,12.741863616004347,2,0.23952237991385555,0.30802114634731403,1465,Fashion,Social Media,0
2a021554-4c8b-4fd3-9f81-eac655f193ef,10,97.61824746604312,5.014462158143584,0,0.08179948356394483,0.2098498805983887,620,Books,Paid Search,0
cf62ebf6-3d0d-41c9-bda2-e298dacc9748,7,77.25663705958978,66.91934339233153,3,0.0631076461795226,0.05975209477049325,532,Sports,Email,0
7bbc2098-e48e-411c-b2b7-3be05b19ab64,6,18.156100562579088,22.87172616620522,3,0.3001022407546187,0.6765315125597632,1188,Electronics,Referral,0
5e0bfd57-33c9-454d-a222-26a42a7a0dea,11,56.1048858868793,15.641259988113278,2,0.21993831980093898,0.3427993582247599,1780,Home & Garden,Organic,0
b89d2cb8-bc26-443e-babf-9f278c4e1507,8,87.50607497602134,28.67773406852538,1,0.13628806909415067,0.22938650794864257,115,Fashion,Organic,0
838698ce-7366-41ab-b4c0-647503d08e42,6,146.1507457326382,53.92518827684068,4,0.2647314070888602,0.7412431363745193,1523,Home & Garden,Email,0
3f48f4cb-c5fd-4eda-be67-ba2eaadf6bf7,10,37.97392348357891,66.83060067550217,2,0.09619406605615251,0.1564683544037261,222,Books,Social Media,0
b5bb6e03-2404-491b-8683-9f5ffca66599,11,22.341195891740202,62.16700037406349,4,0.05586599989395574,0.4460510643179318,630,Beauty,Email,0
f44cae59-cd0f-46f2-aada-79e8a6242286,10,16.324950946400744,119.38288801434915,1,0.0235514736337487,0.2274308639711948,761,Home & Garden,Email,0
cf31e94e-094d-4bad-93fe-b78caeb8e3c0,6,72.4969347661935,14.81217538479063,2,0.141500793003488,0.43933786992668666,1311,Books,Organic,0
3924b792-5c26-46cc-9b27-e51ed3c32bf9,11,19.42605883364108,60.75920484942402,2,0.4498178884184034,0.21168979575059058,1691,Sports,Email,0
f9bfcbc7-ab39-4a94-83f7-3158d686bfc3,7,36.08201994202987,6.395968717073122,0,0.07732029131679669,0.5369953124107103,187,Books,Social Media,0
5db417f7-6da8-4087-aaea-8270f1267eb3,13,16.375519208670536,47.63571709285671,1,0.21800208713668723,0.5538297243361635,1359,Fashion,Organic,0
a4708aa9-f031-41e6-8613-2900acd5f4ec,5,29.161888636593265,52.61820178228372,2,0.12766016377591113,0.3688690190049887,588,Beauty,Organic,0
56432ce3-3956-4b0b-91e8-9f777e12bedb,10,47.04895314630002,14.618938899580675,5,0.09171915573340726,0.30090834260777105,1646,Fashion,Organic,0
398783ff-c8e3-4430-aaf2-8d4e1ee414c0,8,41.07503264323997,29.824548236119444,4,0.2981656808209346,0.5551577870713603,508,Sports,Referral,1
78b32349-3e1e-4a91-9262-f772f878469e,4,59.76134971736315,105.33475651301181,4,0.2096930326966584,0.646932893089628,1266,Electronics,Paid Search,0
13305d52-314d-40ec-87ba-7761ebddb4c2,11,11.031182138089536,9.638938648874284,2,0.11452780280571309,0.21607477864841448,301,Fashion,Email,0
edb5eb0f-2085-4fbd-875d-d2c7b5d1615f,6,30.167502692951377,34.20335658113352,3,0.017612140928216703,0.3854585791286181,1748,Sports,Referral,0
74b2bec6-8eda-425a-94c4-abbb22e5a7a3,7,22.733500785230163,161.94519377885553,1,0.15624848576095318,0.3511727930617822,8,Beauty,Email,1
512fae2f-d1f9-452d-b3d9-d688c86b1b8a,10,15.091299971074875,42.083939320386236,4,0.0596824831593693,0.5413407723271073,425,Sports,Social Media,0
ca1b984c-2a03-44e3-818a-a932d4b56c25,5,18.18121617073497,77.48823146457087,3,0.06962238789988803,0.518591903494031,1233,Fashion,Paid Search,0
9d1f2d1e-7fd7-42c5-aade-0648f8ef4f10,9,16.195517721031585,105.22137877800212,2,0.08015532268238015,0.609401707733512,1557,Sports,Email,0
0dcb8300-d298-45ea-96cd-b771495aa2b6,13,43.81361754813192,13.672361076910576,1,0.10158018850989976,0.2537228474386723,1813,Sports,Email,0
bfaef4d7-ae54-4edf-a7c1-66b9d6f5bb82,13,45.60927613157603,14.770702309685685,2,0.34906281153586804,0.40151940339402664,317,Home & Garden,Paid Search,0
954b292e-da0f-4ca7-8ead-cc893e49843b,13,66.71964089919717,85.27587466889311,4,0.20034375295445775,0.400839493682709,561,Sports,Social Media,0
16b815d5-d5f8-4838-b4df-325ded35ece4,10,43.053791395976205,83.97657414361296,3,0.1983140318594049,0.24480398525721334,1627,Fashion,Social Media,0
b055154a-bfb9-4f67-9e05-53cba28c0bb5,5,37.601469987461016,3.7242266816630227,2,0.4287720647465836,0.4767724438995191,60,Fashion,Email,1
2cbb4212-5f62-4ab7-b5d8-14141fae4517,10,35.27282756683505,23.360587768287147,2,0.29938814795277974,0.39550320559324664,1338,Fashion,Paid Search,0
b4c4edbd-0604-46a8-9fd7-daae42d0beb6,6,56.856258203280824,30.502965789709616,1,0.16882956194575788,0.5277553902950036,772,Home & Garden,Organic,0
c9911898-e2c2-40df-9a7b-f022256acd15,7,10.0,105.97968168039091,5,0.3366470857715872,0.655008661510378,1257,Fashion,Organic,0
584dd24d-1e5d-486d-9e95-a16ef9156704,8,31.58540540750022,32.876587577781095,3,0.2818042944724901,0.42748193127070333,958,Sports,Referral,0
a8821b1a-aaed-4e30-924e-4485b13147e0,7,42.68133860625662,156.16378240134085,2,0.3245621073136306,0.6175562092000936,1144,Books,Paid Search,1
8d4f6d6a-bdc7-4cd2-abd5-1cf13d0a9c81,6,138.61558929570973,341.17619170490923,2,0.18359137565056421,0.0552041946849016,1216,Home & Garden,Social Media,1
0502971a-9810-45f6-ae93-00e03dab3b04,10,13.609113348913796,91.04603671731398,4,0.23564482091582942,0.4965377072488612,1152,Books,Referral,0
dbddaba5-24f2-4206-bde0-64afc3d99a4b,11,13.230334515581854,65.86636259488678,3,0.11943173418080227,0.39158974950114545,1213,Electronics,Social Media,0
79080b43-fe26-4b36-b992-7fc658431397,12,10.0,29.84467658568373,1,0.2146247485311465,0.3283838052456459,1037,Beauty,Referral,0
e702e9d1-fdde-4a8d-a91c-7eeb969f95b2,9,10.884889219204174,4.16354146531726,2,0.12693874395352753,0.6271494368865319,1303,Books,Social Media,0
380bd73a-67c4-4ca3-8e71-fbca2daaeabc,9,29.34013414003481,51.07777649967081,3,0.11694037411797634,0.38939278460652493,1416,Sports,Email,0
13d7776c-dce1-48bd-8602-8f6e2c56e6fe,11,18.555635050153548,26.937274324577544,1,0.2728009858049062,0.4976608311461023,1438,Home & Garden,Social Media,0
a66527c2-9e14-4669-84d0-7d4a19454dfe,14,18.241418179107907,25.929931595080383,0,0.21595511245430224,0.5678241577278217,1557,Fashion,Paid Search,0
d9745f36-4061-4799-9d79-689097c0ab3b,12,33.72850001331798,69.82923856583338,0,0.5058273391810877,0.30910420670053773,578,Fashion,Referral,1
e8cd955c-cf4f-4bf7-9534-6e1aebcfb49c,8,52.76482833880924,37.37691034359135,1,0.11556772353886308,0.5182657384294908,1361,Books,Organic,0
91316dc2-1e0f-4939-b94a-5242572e65dd,10,33.448401987859526,83.68230064604347,0,0.03485240886674916,0.1009064515298689,1727,Books,Email,0
83a3d342-ae34-462d-bb73-38a14b5b447e,9,33.83036348622492,30.46713722426971,2,0.3008433763478095,0.3786986565159958,671,Books,Social Media,0
4e6cce25-e8e3-49c4-bfa0-166c4cf05e46,7,45.73607483063308,9.812111601014811,1,0.20014917891671197,0.5885718149971332,1419,Sports,Organic,0
a2c3dc0a-7607-49a2-a127-8757426c8913,12,10.0,37.12108062250691,1,0.20398311587338955,0.587844161493091,532,Fashion,Referral,0
fce52b06-3097-4e98-af3e-8a4fa7b0aa96,8,36.715377391172304,180.97142447312288,0,0.05399559676225349,0.2824268338434516,321,Beauty,Email,1
ece9a0da-f393-4c05-a9aa-aa5f5889714c,10,31.188639324813696,97.02541576241525,1,0.01230918431630031,0.40000709562833703,815,Electronics,Email,0
63be79e4-0002-4006-a7bb-1beaf36c743d,7,32.927886154131855,13.82136407601045,1,0.12831304593187243,0.25117232946576173,1472,Sports,Email,0
92f8c8c9-a7fd-4045-a480-fd229d2f1763,6,20.75427429641689,29.78583405646131,1,0.1599061997720688,0.3567836507521199,561,Beauty,Organic,0
b7466470-6d95-468d-b168-e5ef33538d54,12,28.095847395331695,157.69234527577547,5,0.37272840352219255,0.4571998465831193,538,Fashion,Referral,1
e709f362-9bc2-4377-95f7-52435a6fa84a,7,45.70086085357627,7.922742406542898,2,0.051471502853679546,0.28656551583896034,507,Fashion,Social Media,0
dd1ffbeb-71c0-470b-89c6-405937277112,11,119.96958213024395,17.577778865385724,2,0.24246827870297594,0.2695784201722966,398,Fashion,Referral,0
e0d4f7e0-5a78-46c4-a716-ed4e16ddd5b7,9,10.0,18.24679128431986,2,0.06595029507901429,0.11352098056781679,1115,Fashion,Email,0
a4f50b5b-c3e9-4c5c-acb2-c4214713b791,14,52.32253261352134,50.768514318325145,3,0.18669258845989675,0.6702191594707171,444,Home & Garden,Referral,0
2e42e4f8-5054-49f8-9d18-3c07081f5863,10,87.73235960565977,31.732585794390783,1,0.5414484891116031,0.5533307769354908,1706,Fashion,Social Media,0
9542827d-c58c-4686-a857-4a5ecb41ef05,6,11.983759935015291,4.994462824510825,1,0.17945589264111217,0.3482614616403047,631,Books,Referral,0
f36d2744-e15b-4bdc-bdba-ff19f2b0ffc2,15,28.68774304683371,59.52254591497336,2,0.06269940727547905,0.25753180226372774,990,Fashion,Email,0
63ba926e-0ba3-43cf-8b32-a73ee4431108,12,41.29000316203094,6.260186713163196,0,0.08740487097337302,0.3396534127831038,747,Beauty,Email,0
45aee7fc-2d0e-4fbd-8a36-d29265719dd1,8,165.2000574673456,55.94748308774264,5,0.18784121432114415,0.3458060034016044,1756,Electronics,Social Media,0
d53ed5c2-fdfa-4144-800b-ee5cd8b061c2,15,188.417856478427,42.435786210839666,2,0.09332922542519338,0.43005811597448707,774,Home & Garden,Paid Search,0
ac10ff7e-9883-4b6a-a335-bc4bbdde006c,12,11.982381664192925,40.833840197714146,2,0.3205467022147547,0.6131306048240376,1029,Electronics,Referral,0
de8bf15a-3ee1-4f22-8d52-04fccda482a8,4,26.003056857339928,4.192926059010668,1,0.2494198336493883,0.27388010135715574,1393,Electronics,Email,0
dfe325cc-5a7b-4565-9725-394a51ee7450,17,38.84552171115506,61.1692898017659,0,0.4420902696392893,0.365751374608184,313,Electronics,Referral,0
553f5de3-a3e8-466d-bed3-ba607466fa34,7,51.68479316661933,33.866270875996086,4,0.14407251402782162,0.2735948341468272,60,Sports,Social Media,1
ea8b2be7-37fa-41a1-8cde-5063b256cc29,5,38.88615719733101,31.770557113421,0,0.2431010266934841,0.8426831029438009,830,Fashion,Organic,0
8eaf08e9-1692-45d6-a462-6b2f9a179723,8,15.510369887687707,54.44750061321623,2,0.14228189161433746,0.31065353438178694,1005,Beauty,Organic,0
49918056-705d-488e-a902-ea8dd924f148,14,14.971552054178396,55.92204970407317,4,0.17283166721578722,0.36630297901461567,524,Fashion,Email,0
69d66078-4f73-41dc-84fe-a91e67113726,8,10.0,0.9088464711255057,3,0.03445784615005431,0.19794428902698136,844,Electronics,Social Media,0
76ed629d-b6b2-4ff8-839a-46cf7bbe059a,10,10.0,8.027375925631366,2,0.11461756843117758,0.4597365215008939,1123,Fashion,Social Media,0
8c01a350-d80f-450e-8af5-bc3c2829cfc4,9,10.0,16.191961169988,1,0.34507178254344045,0.5726186001198903,1776,Sports,Referral,0
55d44cc6-a208-4b9d-9ada-dce494ae5cee,12,83.86577180213035,67.98800055478529,3,0.18244209238308157,0.3746123629946441,1098,Fashion,Email,0
7a010306-bfba-4e33-898b-bca4d9d64f03,6,58.45298940950539,51.58627765735795,3,0.3721060584215568,0.5600775613870654,819,Fashion,Organic,0
59364f33-d805-402c-af26-4e8562f065cd,8,51.55362500165624,85.03717290689792,0,0.3376714082076416,0.21987168150011346,42,Electronics,Social Media,1
9912a186-18cf-4b7c-92d5-28e76e004c22,7,27.710958140801345,80.96484589891669,0,0.3232937210373679,0.2309842740179563,567,Home & Garden,Social Media,1
382a129b-432b-4767-9bde-b0fe2985b9ea,10,32.03390024620953,115.1140484897423,1,0.41333512155954233,0.18514147668761788,654,Home & Garden,Organic,1
b7c30c39-1526-4bd0-9dc7-70b068d9f1f9,9,26.71010776042682,28.374697885460144,2,0.22965193803185924,0.35289432446070995,870,Fashion,Referral,0
17cc3838-6bee-4e9a-a957-b5b58cb5f78f,6,10.0,25.393053223453826,7,0.1544278722266034,0.5368179657466317,1427,Electronics,Referral,0
972f0978-838e-4540-83d8-2c966b3ef2cf,8,55.59811928130625,106.67686263245776,1,0.16081099498417267,0.25863455913031397,1416,Home & Garden,Referral,0
89d29f69-015e-49fd-a1bb-908b6ed75e38,7,65.50609325220354,16.277156312227067,2,0.22571115210145817,0.7048547145819544,1542,Beauty,Referral,0
c9c37966-077b-43c9-9159-2d4dbdd69e6b,12,13.193649999777898,37.101573717294244,2,0.2892483374407126,0.5063002896280683,529,Home & Garden,Email,0
e9a6bec0-c78a-4c4e-a978-1041584dfc8e,13,13.183973061883089,12.964539173196393,1,0.19332196448364244,0.34811769860466407,632,Books,Referral,0
852fcbdf-dc06-4282-9196-db27b49b29e5,11,43.878030970709816,147.09347158030337,2,0.20666691280842753,0.154005479677338,275,Home & Garden,Referral,1
910f1fe8-def2-4f5b-8d79-d2af84910baf,8,43.5695717594482,31.43495707793557,2,0.2544110032007201,0.6296408518632867,1564,Beauty,Email,0
c92a1ea9-06e7-431b-bbc5-a7dbfa615e01,13,59.50978330308636,14.332516275212576,0,0.3183329855151389,0.3680021761986714,1190,Sports,Social Media,0
d2df937c-b0e2-4313-9a26-8ea04ee6d3f2,11,102.60210278836357,70.6619383696054,0,0.1040587937188419,0.119074448763274,142,Beauty,Paid Search,0
63726aa3-33c7-4905-ab0f-ee3dd300f2e6,8,14.206100842058301,16.83402093332925,2,0.06228407991365771,0.1438501789434813,554,Books,Referral,0
c429f3ea-6185-4290-a316-8ff2a8fc4edf,12,31.01293276606448,172.41470494725777,2,0.3335061908637671,0.29980670910006496,279,Electronics,Paid Search,1
ec3e7d72-82d4-4a9e-87c8-8aca180b9b8c,11,14.873550178967529,27.495604748819495,0,0.08808287869669118,0.22697821802971127,1768,Beauty,Organic,0
15056c56-86f4-4279-89bb-c91afdff831f,5,15.755775421017296,65.55316924122221,3,0.05009336055132162,0.16411228006500797,593,Books,Paid Search,0
65b23ec2-0d19-4a21-8592-633b3e3dcb12,7,23.480325309229396,25.409643238709016,3,0.1397561260639134,0.308387347480461,906,Home & Garden,Organic,0
c047a316-b387-41b9-a880-2314fa2af2b9,13,104.82420994419243,98.7803010644098,4,0.13823538967778784,0.427407711456214,580,Books,Paid Search,0
88bea789-a793-4112-a1ab-e7f3e3d1f62c,9,80.14636987329862,136.3365890861857,2,0.4063207302861019,0.11608454985034408,866,Electronics,Referral,1
7efdba15-577f-477d-a0f3-cf0cb6b0bf53,15,31.191363414893637,93.04703888045499,2,0.3121081971920344,0.3838213348058318,1822,Fashion,Paid Search,0
67e8c7bd-87fd-4f35-bb2a-8c06ea06856a,7,10.0,113.229790620457,3,0.3686891667617676,0.4386576256293698,525,Sports,Social Media,1
04b0273e-38c2-4655-9548-b0592adcc266,14,45.34149212342912,6.447150670495441,4,0.1773361435214818,0.4089305007989185,516,Fashion,Paid Search,0
7995b9ee-56ec-4e1a-92c6-ab2ecb4aaf8e,8,44.51106116217212,154.6723988763855,1,0.28187512636849626,0.33845862454786513,678,Electronics,Organic,1
10230eb2-4bb5-45a2-b3ce-edaad4aa8d04,16,15.691593376827552,58.73797598700545,2,0.2322749893735218,0.550823707817139,309,Fashion,Social Media,0
21339fe1-df77-43c9-883e-689f3f958b81,13,64.3641702436237,122.05319321464904,1,0.14077498493091037,0.40003154254279094,1348,Sports,Paid Search,0
349e8564-63ec-4659-820c-f999f5520dda,16,15.452036811378372,69.20377119661524,6,0.3930784998236886,0.5242639671611748,692,Electronics,Organic,1
3e6e8b8e-f9eb-43c2-b54f-42cbbc726eca,3,64.21206947153166,13.527348492033997,1,0.1012227472258014,0.47660883263937087,1060,Fashion,Organic,0
b01edabb-b4fb-4a63-803e-708dcf451207,11,40.15923076684755,56.42810550152067,7,0.25908371232117716,0.6366906632205083,1207,Sports,Referral,0
882d8f40-112e-4555-9518-1c6549514e10,4,10.30004293231422,5.721062660083409,2,0.20896178691950015,0.43156245236192853,65,Books,Organic,1
aa2613e4-8549-41b3-910a-0357b3b8872c,7,24.79938302330748,71.3890144531844,2,0.17706421052372232,0.16578756693034052,1175,Fashion,Social Media,0
422508dd-52db-4edb-a46c-a796a3eaf042,8,37.178145914545446,31.556471540417586,5,0.020794503121229217,0.4235109712468107,972,Books,Email,0
fdcc99b4-c2c2-4ebf-98d5-9aa9fca5ed03,10,42.10331089394104,9.873602299234499,2,0.2607422302051969,0.37631324535634864,152,Home & Garden,Organic,0
0fa130d9-c774-4d1f-abf4-f286e2a49db1,6,75.68210305166615,232.45420655201264,2,0.05011016653805519,0.23329975666153482,228,Beauty,Social Media,1
3fc1679f-797e-4dd5-99e9-04d16c7aec6d,11,83.61468346028565,138.80931374804553,2,0.22717830247400764,0.24952314741647422,805,Books,Email,0
21b80919-13da-419f-b40d-3f97f4425974,11,27.360494385194542,134.40124995496828,3,0.1476871718870877,0.19799121946701778,632,Books,Paid Search,1
5a5208c4-8137-4e00-ae7e-c2bbf82612cd,8,51.80348887823126,93.30275275642171,2,0.21646890900772,0.6077138862073334,798,Home & Garden,Organic,0
266fcb9b-70c9-4d6d-bdbc-b034ab132672,11,119.86291884799051,70.6556529530797,0,0.15128690800491876,0.22173970337061732,1160,Electronics,Referral,0
a347f6d4-982d-42e1-abf9-873114e02e6f,11,14.65920642076893,63.86647596902809,1,0.3298557309061114,0.41916814703098565,282,Beauty,Paid Search,1
49799545-c405-4b86-9f20-baf4d957e79d,8,20.36121437496113,6.729268391536462,2,0.14222088127853752,0.283233654391096,1209,Home & Garden,Referral,0
651ffef1-2410-4400-87e6-19eba640bb3d,12,10.0,138.49581228446775,3,0.149343186761742,0.45996847029289856,1493,Beauty,Social Media,0
9a228194-b7d8-46df-a382-8f4378321f7a,11,19.982446550321214,127.78267973463062,2,0.47484548472710214,0.18138927145079736,6,Beauty,Social Media,1
1ad5b9bf-41d9-4847-b2bc-540565783ea4,5,39.04149872256259,82.66449282186116,1,0.43566830293113223,0.3271486428639102,673,Books,Email,1
eb6c8ab5-13c9-47ee-9146-2760d0014b37,13,10.0,157.29718080358035,3,0.40989724315918113,0.2515417816559554,502,Electronics,Referral,1
0d50d9b6-070d-4e25-9796-b5de5b75e68b,8,46.97596068631874,48.323003637795,4,0.04607481601786357,0.18727121356510582,788,Fashion,Social Media,0
e856a9fb-316c-4e46-b044-3b7d4f13b5fa,7,22.694543175333855,35.61356989068581,0,0.2567002155433869,0.2745513005227072,1123,Sports,Referral,0
d35bdfca-61b6-4539-b943-653be44e2dd5,6,31.49601374332662,206.4226225947576,1,0.26703075828946904,0.22610839321653164,343,Electronics,Social Media,1
af2037da-ef9a-45ca-a761-f6948eb801c2,11,12.999389769694666,37.43195407332968,1,0.21290885347917862,0.4138811380127454,245,Beauty,Referral,0
1f2bbef1-893e-4dea-a455-f3b64fd3423f,10,30.514176238798356,61.52022208032965,1,0.1828731535851467,0.4076000104314122,1330,Books,Email,0
159d6098-2728-4a63-916f-73d0c9be353d,9,126.89496943211489,28.01447166349579,2,0.046373816573302175,0.26863168889315275,1251,Fashion,Paid Search,0
8f48307b-977b-4ae0-97be-2779cb6cfe24,12,24.050521199751117,60.68988231146135,3,0.006788594865088971,0.5742571615588131,841,Electronics,Organic,0
5db49b73-c480-4996-8788-4292729c2d20,14,10.0,76.39915764807026,4,0.21823943009437383,0.13786059950987287,915,Sports,Social Media,0
49791bfa-f080-433a-851e-508fe7c9f356,10,87.44568195154272,58.794664526115966,1,0.17749338113586624,0.4077618645783593,493,Beauty,Referral,0
af296e32-40f0-4fb9-a5be-19a6d3e27771,6,51.108880938196116,43.362338502414914,1,0.27490393647987227,0.43792791932022784,601,Books,Social Media,0
3bbdebae-dcc7-4e93-8ed7-139d6636b9af,11,35.70298264574257,21.409994327307736,2,0.10173593429321821,0.25588654855892756,584,Home & Garden,Social Media,0
dd4d5768-e296-430b-bbb7-2afbd7abc8d5,8,52.16656252840945,61.94346888372677,1,0.4374483527808868,0.3096397987914966,1325,Beauty,Organic,0
23a5a2fa-6200-45eb-a255-c29a55d60bff,10,35.37526822264392,143.43837045111428,0,0.12199740373967638,0.47324489258161856,1014,Sports,Email,0
2db211ac-7451-484a-8bab-2125116d097b,6,123.2990853340833,0.4161956283340606,4,0.27754759183731903,0.38099437168058675,1331,Sports,Organic,0
d72428e6-5ca0-41be-b7fe-ed3538461b21,9,60.436886541478124,8.627305158516373,0,0.04271642392409032,0.27025830309655224,1078,Sports,Paid Search,0
e67b2647-6af6-4113-a760-a8c1a333b89c,6,22.985422576963458,7.654537817761394,2,0.30467363164921574,0.17251158880501868,996,Sports,Paid Search,0
7343c892-a047-454f-b337-b91b2eb07571,8,109.24181959514529,153.9971813577886,3,0.06686529651161474,0.30891779459169816,585,Fashion,Paid Search,1
3d78b1e2-d307-4d7c-893d-4ab4a06abd2c,7,142.02284026214235,65.21543587941458,1,0.17370283962633207,0.7099708973133206,722,Beauty,Paid Search,0
72ccc48d-8556-4eb4-9b68-79ed7c7e5c23,12,68.59990578554613,181.92897207797765,0,0.1727850920236781,0.25648914168221953,1619,Beauty,Paid Search,0
10b430a8-20d3-4738-b91e-95d38ea8f897,9,45.8577251121176,52.453282280896325,3,0.12858397665970014,0.033890439071536105,1051,Electronics,Referral,0
c663da0c-7aae-426d-a21f-5cb4a16a9013,10,16.721954444884773,37.16402210045702,1,0.3505527583778632,0.4032205634138855,957,Sports,Social Media,0
d21df41e-015c-4b5f-accc-62bf5f7702bf,12,57.31298478238599,94.31203045399641,2,0.18891661053837228,0.36948920661211776,97,Sports,Referral,1
b5174f2f-b915-4734-92fe-de427aea9fbe,14,45.16944932417627,10.528545826089163,1,0.11512885556467246,0.5119663337986318,1224,Books,Referral,0
9ad81fc2-5a88-436a-9c86-04656df3a24a,15,32.412941444120214,28.811783127020767,3,0.29281887389074895,0.11700896566439997,1252,Home & Garden,Organic,0
4de034bd-35dd-4ca5-88ce-730a6fe95f89,12,57.940377570850366,37.67238785948476,4,0.26492082193642685,0.46138889770674824,1260,Books,Organic,0
a43d33b7-3cfa-42ac-9d4e-16b26265a0ce,13,35.50402404263887,21.268504312709375,2,0.19105302229912166,0.38792828960277836,167,Electronics,Referral,0
ce0407aa-2812-452c-a5fa-89bbc98fc7c2,6,51.368566221192445,27.844691951146732,2,0.13303075448050872,0.32356316401085683,549,Fashion,Paid Search,0
661827e9-09e3-4739-bb81-8c915ec033dd,10,75.84281896684348,4.879448852107306,3,0.24700488644397944,0.4954434512823662,678,Home & Garden,Email,0
3a107bc4-cb1d-4a09-ac56-2b3a0d267658,9,11.41723894009926,13.237572557519819,0,0.1399754404241857,0.5778518516073337,1508,Beauty,Social Media,0
d0579fd3-94b5-4e88-a7d1-d4439969e20e,5,14.588881290781872,24.52292791781346,5,0.2943054441548856,0.425871339753084,1789,Books,Paid Search,0
6110e6a3-c2f5-4e5c-9462-bdda8fa03149,8,15.962185716863884,95.34590023954577,1,0.1199817305978047,0.2595570679232562,757,Books,Organic,0
4269fd56-3e29-4dba-a6ed-85f75f1344d1,6,156.33599846646274,12.090068432984507,3,0.16751547606770092,0.1905268616621891,1012,Beauty,Referral,0
70ea2135-362d-4edb-b23d-9f1eed8d3e7a,16,54.96957147467429,25.537654340025057,0,0.13843555974278277,0.24962876836809128,14,Fashion,Organic,0
49412c0c-d8a3-4b88-ba5e-99298bc2f96d,9,59.222134834743045,4.027410003719591,3,0.11444532993948911,0.30812781741958806,17,Beauty,Social Media,0
50f30cef-3226-470e-af48-4033716b7f35,9,81.74056906595871,48.865264683032414,3,0.4538920677524189,0.4772373611366373,136,Fashion,Referral,1
f84a915d-2503-462d-81ea-2ab286278f6d,11,14.334603860679763,56.68926600589146,3,0.008127324740065592,0.18601073917970296,1313,Beauty,Email,0
4d3ec833-c942-4df3-9a0c-4c3a69766a5b,8,10.0,120.3788095413307,1,0.053364520514467724,0.4007209795712874,325,Home & Garden,Referral,1
3e9d69a9-b732-47ab-ab06-cdaa39795782,10,31.491267013196982,102.5939597319831,3,0.2572298569775608,0.2225677775025207,1383,Sports,Organic,0
572aa972-efba-4851-bd31-d6b97f230d9d,11,67.9014621463098,20.160089040002994,0,0.2829341486872304,0.8257878354727749,788,Fashion,Paid Search,0
54680cbe-8c39-4466-8eb2-b8eac8764565,12,28.273518697174428,8.837215605259335,1,0.29364184580560204,0.46464581840526475,1551,Books,Organic,0
dfa727ea-1504-4b4c-a215-5605a795b286,4,11.067903647433473,10.182080781875015,2,0.07995210860712597,0.19432511727332272,1588,Books,Social Media,0
d979838a-d292-440e-8878-de70cc400af3,11,16.051747710160367,208.35633736070335,2,0.14953948091754396,0.37962425129115507,1605,Sports,Email,0
3c210665-4579-4abd-8a9e-8c55c888115c,10,12.89182771001958,67.10915456080642,1,0.0732503034924161,0.32929466408537555,992,Sports,Social Media,0
bec084d3-1e00-47d4-9318-191946540d7c,9,20.289600225603984,2.610209428853721,1,0.26942151605452225,0.2702151403224311,1439,Fashion,Social Media,0
7b1776bd-2db4-4f4b-9305-7eea6a36be15,5,13.09847275086508,8.825089962605638,2,0.4148798100116545,0.3466347488424011,1208,Sports,Paid Search,0
b2c5772f-9da7-4ca8-bbb5-d6bb5849862f,9,37.24148060894849,39.90858664539893,1,0.25796449289737,0.47424217437124877,341,Books,Organic,0
3ae06247-a864-43fe-82ad-00eb51c19616,9,21.36886326117312,13.97866525983239,2,0.14261268047993966,0.7401256537712037,696,Fashion,Paid Search,0
8ab53aa0-4ab7-4818-b5c8-37c887d0c793,5,54.96770228346726,97.6741355476483,2,0.30344501256883377,0.5331829752633358,1756,Home & Garden,Paid Search,0
c090a090-3c8f-4b30-8aec-1281ba775164,9,15.162384300809778,51.0887920277202,2,0.2734916728185353,0.28325655012742906,1410,Electronics,Referral,0
bf8d2a16-5999-41f0-b13d-1fbf002a68fa,6,40.62068867909964,56.90284018776516,1,0.3862081588848144,0.1561360858463474,480,Fashion,Organic,1
a1a3581b-c79a-4bf9-92cf-1658f802f518,6,32.13419338586328,37.28594239573185,2,0.22561734173930997,0.238988908250261,513,Beauty,Referral,0
dfcd5db6-8322-4a02-be13-c68e77e1f6ca,9,45.45956072071607,17.74791739691213,0,0.27941420583758253,0.42984701522498864,464,Home & Garden,Organic,0
905089f1-f1dd-4700-a20c-0d23f82b8405,11,50.874960585946575,53.40867445484326,1,0.20950162472557707,0.4786116420922141,600,Books,Paid Search,0
03b8b5f0-468d-4709-bc40-dc669af55f96,6,55.418623459741625,75.73215257909786,1,0.13650774757583858,0.40765835453393046,1694,Fashion,Email,0
d9ba24cb-568f-4bf4-b3fb-73a8c1fc1c5e,10,64.3672997773969,27.812488692044514,6,0.2629010929782917,0.38314211262536385,791,Fashion,Referral,0
98acb486-db1d-4df5-b4b1-eba5ee655122,7,51.102469320965795,42.1850187214365,1,0.46546132928842016,0.33457146863304976,665,Fashion,Organic,1
3ce54f09-e3d5-40ee-abe9-8f8ab3943f0f,9,42.02618198473151,109.83649363864131,1,0.11045771534314304,0.6466914287716141,437,Sports,Referral,0
a178b8b1-ff38-4383-b8e2-aadbf9f94b7c,13,19.42616857747804,9.658155744488477,1,0.3436497260343215,0.5173201798303071,1628,Sports,Organic,0
81ad6a47-fb1b-4ac1-ae7b-0e83f77aa032,11,65.404406825587,47.27707265295325,7,0.037942133569392536,0.34433869247551174,1747,Books,Referral,0
823832b6-7e45-4ba5-951f-5b79d8b11ad0,5,18.963055478269236,25.700630060876502,1,0.4347824810854167,0.5774040825214952,591,Home & Garden,Email,1
58aa2643-09db-44d2-8ca4-f46b4cc627ca,11,26.218606814068778,72.79993974424505,1,0.15058646520414232,0.27608033736063287,1125,Fashion,Organic,0
f475af5d-4cea-48c2-a7ad-94798abfb8ec,13,16.6211740824113,1.139364364551091,2,0.2188872436866693,0.3807850558151866,1749,Electronics,Email,0
7d15fbca-2d7f-4ba2-96d4-27a0e940391a,7,16.34651799444881,66.60587375152564,2,0.15436795482051227,0.43984128411850176,912,Electronics,Email,0
1f888061-f1fa-41cb-a797-bc604ba9f552,9,25.69763141338687,6.515124871277416,3,0.04384419442537774,0.4277292226940823,855,Electronics,Email,0
6184b870-8cb8-42b4-b604-e121e85fb42e,5,27.48325211580568,4.01762328105676,2,0.141901533265179,0.1864159856046054,963,Sports,Referral,0
fba74fae-84c6-4819-a932-2020bca6e1d8,11,17.27318809657993,77.37691823759236,2,0.2668461222268865,0.3103835731874706,61,Books,Social Media,1
90e4e732-58e0-4950-b507-0e26f35c4673,9,33.702452609494095,61.35612745232911,2,0.39009257027626687,0.58334397252439,548,Fashion,Paid Search,1
3b57395b-d9e2-4578-bce3-06a61123e149,13,37.540057345762555,135.19109597611578,2,0.37112737365357074,0.2982877398490494,1275,Books,Social Media,0
d2822564-4d81-4175-905f-7c3456c0e46d,10,21.415113105627334,43.99503547448583,0,0.32851923202288275,0.5998516598161305,1764,Sports,Social Media,0
1189eac5-0f50-418f-a1b0-7f8a2c98540e,5,206.79155620119016,45.30447329011304,2,0.3698839149126976,0.32305113232452404,1038,Fashion,Referral,0
9f5f2166-b317-4cc0-bd58-272618c44395,8,43.21374523429736,73.65861264556669,2,0.13028979504404675,0.23167563493876497,348,Fashion,Social Media,0
4fa19a9f-4ca6-4a87-8e1b-a6197cc28226,7,36.40157050541903,23.440286432703896,2,0.3598479223368672,0.21563990437481415,779,Beauty,Social Media,0
094f0300-9bcb-4642-bf47-03ca30ac1817,11,19.283219168250223,2.256657788109261,2,0.10399372821558539,0.36639015756289095,894,Books,Referral,0
608c9528-03a3-4d06-8ecc-5735233047e2,11,36.97616405448381,15.685456789577131,3,0.06006531608866214,0.2141159300713276,278,Electronics,Paid Search,0
3474894d-a2a0-49ab-8f14-aeb95cc460ce,14,40.15078972854897,16.30957946185534,2,0.3055953149963818,0.49518991865499984,601,Electronics,Paid Search,0
773a03c1-6a27-4ab2-8d91-38f996d4096e,12,33.02353713021415,24.537568904627324,2,0.18015057016220093,0.32455888004316685,812,Beauty,Social Media,0
ab9c775e-07fe-48bc-a21f-0f8073ed51a9,17,103.01975903795908,172.3713159636526,1,0.3657121824030873,0.5833201036811533,478,Home & Garden,Paid Search,1
ffeda6ac-3a15-461e-97d4-65695632c34e,7,10.0,98.03699306937533,1,0.1716257773949652,0.31972201499972996,646,Home & Garden,Referral,0
921ce8b1-ad0d-4522-ab6a-07d31bad6344,10,24.427182667296055,164.89132563291324,1,0.16418108301755577,0.6212398223352088,504,Books,Email,1
dc5116ff-a6c2-40bc-b247-d679c4355ec1,17,58.61955326832809,365.0,1,0.14664223737631243,0.5250692156393616,1118,Beauty,Organic,1
e46596cc-5d90-4add-a72d-531d325ee64a,10,16.162114329523646,34.12624949055151,1,0.1774835521830401,0.19757209026026645,1056,Fashion,Referral,0
0ad4d990-9c26-4c1d-8c84-7418571ad3ea,8,10.0,15.454264909643241,3,0.39462703744842004,0.1537499323783609,1007,Sports,Paid Search,0
1625bfe7-04cd-48b9-a3dd-02df9c2b2c1b,4,21.86502010006963,49.2594005707707,1,0.3122912816351897,0.14415701329907782,177,Sports,Social Media,1
9acba7f2-65ce-4642-995b-46e8254a798e,4,76.3363272962194,127.78571719470125,2,0.17948219574961102,0.20870699350376468,335,Home & Garden,Paid Search,1
e510468d-140e-46e8-8b05-83e454cc11cc,7,16.471507301414107,37.61144598701969,1,0.42289257341625575,0.558830842913316,203,Home & Garden,Social Media,1
df6604fe-89f5-46e5-b813-ea47b3e972e7,5,24.899771865927914,42.24027082868465,0,0.239340188500291,0.09350771671488385,116,Sports,Organic,1
0ebab2a9-0422-437e-b31d-2fdea3128428,16,46.39471970870575,8.662652984301882,0,0.19259000795531886,0.20130565981985735,451,Beauty,Email,0
1d3993d6-1bf8-4daa-b040-0d9479b8e5b3,12,20.833404311492494,32.73076895938705,1,0.1664898933493157,0.6129042318591296,355,Electronics,Email,0
c68aaa38-89e9-4bc1-9c77-7580be7ec9f7,10,23.290349158067887,29.362912572695215,5,0.15519964631242786,0.3215261055405483,1323,Books,Referral,0
696961d7-200b-423b-aaf4-f627f0752e1f,6,19.655551337492305,26.003039560629773,4,0.09503551144636938,0.41755335482020817,1270,Home & Garden,Organic,0
2d2ca651-22a3-4d91-818b-44b8a8949424,14,21.026351773045135,130.9808433654737,3,0.23024917858235544,0.3336531138530015,368,Home & Garden,Referral,1
9f10a39d-40dd-4948-896d-b019389ce54b,9,13.061272858271566,3.6679514138878573,2,0.1437858184846585,0.34108950133214183,302,Sports,Organic,0
33cade1c-24a8-4b15-867d-0293a82fa53a,5,26.955115371887096,214.8492699015563,2,0.23642515168372796,0.42111318633229594,265,Electronics,Organic,1
e609780f-fed0-4d2b-ac81-ddbde3574a4c,11,77.58600410937042,0.49686110739499334,0,0.05298605140492033,0.21326077113011518,584,Sports,Email,0
bcfc168f-7b52-4489-a16e-9b833eab4649,12,117.4775694507251,174.67686560919648,0,0.09955472996710651,0.18139584838912837,537,Home & Garden,Organic,1
89f2ce0a-b8b7-495b-9313-7effd9b7dd0c,7,90.00383047769374,47.65069196689725,0,0.20928311402533117,0.11655140893689543,53,Beauty,Organic,1
a40baab9-d627-4e90-973f-21e9978b731d,12,36.9718385398076,72.72942110972632,4,0.49573897003572615,0.722421027651986,1036,Sports,Paid Search,0
9600e5d3-748a-4f2c-b2d7-f67f2d29343f,8,124.84588262577445,12.43125537274408,2,0.16431420385897028,0.0886860664498715,1639,Books,Organic,0
63740747-73de-486a-b820-49959fe503e5,5,208.99023879288868,63.715684520229146,1,0.27893964036182256,0.5307117045725052,983,Home & Garden,Email,0
0406c1a3-a729-439c-b88f-59406602ee39,6,38.28362423753836,128.20271865350054,2,0.16274253993770582,0.20429986859551114,117,Home & Garden,Email,1
3f23b250-c583-4b09-b990-5651160f3b85,7,14.99247667902789,9.013115027920831,1,0.2600929617913624,0.488228500924312,1094,Home & Garden,Email,0
c74e633d-617f-4657-97d3-33d49e64e3b7,7,94.58976344358912,8.154792741698706,2,0.23997211863157217,0.6079342962658871,885,Home & Garden,Social Media,0
b21cdad4-c10b-44e3-a05f-6811ff009a18,10,12.644365916966049,21.742432765418574,3,0.34273627018636843,0.24511041581953585,1655,Home & Garden,Referral,0
64a52fb6-98a2-4ad7-b542-26980402ab15,9,16.293935903032082,10.584608081998818,0,0.14924166509617187,0.5008810987777008,663,Fashion,Organic,0
c9a4a205-488c-4d62-b7c1-35704c2edbdf,8,10.0,7.035585101900034,5,0.15025386901942742,0.4778796780766642,1372,Fashion,Social Media,0
36daf313-82bb-4966-beed-0d9ab10d77ec,9,59.25977124908044,68.05170117509473,1,0.054500907740787606,0.2941408158312151,71,Sports,Email,0
d17497f6-d5d6-43fd-8472-6b0e120f32e6,11,10.0,14.434675073599976,5,0.07329661544701649,0.7093920368235892,1317,Beauty,Email,0
03ad5f91-a411-4e8a-9402-5b1015ae0b2a,10,73.27949767523148,65.97945197709578,2,0.11205831232308074,0.30888712307100696,76,Fashion,Email,1
55e1ae0f-9931-4ca3-8979-2528057a0596,8,140.83005182002773,118.79933269794994,2,0.21509248698949016,0.27069920148762183,629,Home & Garden,Organic,1
fa530d85-f06d-4742-810b-aaa8a146a500,10,131.92331805471986,63.33744248627162,1,0.22498693366747666,0.4938618831275864,1730,Home & Garden,Social Media,0
a6e982fb-3a43-431d-b6a7-5542c1bf314f,17,12.029274188235828,7.626863478336491,1,0.2167062165526169,0.23804089347782456,1283,Home & Garden,Social Media,0
e2a4ed6c-9bd1-436a-82f3-cf82c717ea26,6,10.0,51.13948882896844,2,0.14860075489390132,0.591177881277681,1688,Fashion,Paid Search,0
14cc6093-6f99-470d-9f0c-35f36a831601,8,19.80653299561876,30.015764893947193,2,0.452777944795402,0.4028547577357463,905,Fashion,Referral,0
57ddf3a9-a1f4-4edb-961f-f6b3f9c0cae6,13,66.91035571769004,25.238160696136127,2,0.2560448188779889,0.15415525491508492,1106,Beauty,Email,0
abb8bb60-0c78-44cb-94fb-cc057ff7741a,9,86.75004393931977,23.01031226704069,2,0.5206585058892941,0.47937350053864297,945,Electronics,Paid Search,0
8aa1be3f-329c-4145-b84e-d9f7268c2efd,9,56.35097752055364,159.07090000309378,0,0.04238298047520365,0.0999946498063483,874,Home & Garden,Organic,0
6c6005fa-5c56-4e13-9529-d7e59684e7c6,9,50.521764849792426,81.40587103616369,3,0.07408206747718321,0.5786688751973811,1055,Beauty,Paid Search,0
90d3f8bd-2dc5-4a80-be8f-a1f045e3b31f,16,218.94136398378222,8.621746667216078,1,0.08119813218291444,0.5165968869170083,71,Beauty,Email,0
3ec7571f-fd3b-478b-a8f8-eb316c5c80e2,8,22.59129518537237,38.77644313322861,1,0.17246190363985978,0.2508716474968338,339,Electronics,Paid Search,0
07d17479-6d6e-46cd-a7dd-4fc0b516de7b,8,17.771922321186395,22.983165867560857,0,0.35135227027273447,0.5379946502138728,392,Beauty,Email,0
605cb091-1e0c-47f9-a13f-ab21eca4bafa,8,12.790406001488746,228.83476645472368,1,0.34472699528109085,0.3684540082460575,699,Electronics,Paid Search,1
31fc89f4-f0f0-40a5-a903-b6b5d2364e3f,7,46.822915663439026,229.08183875907363,3,0.15063749716716437,0.23307755929854418,793,Beauty,Email,1
6dd064ed-e7ce-4d31-a19a-9a98f6b852ed,8,28.684563723728722,23.098687108335238,3,0.0220425202525461,0.12390420185887742,1350,Beauty,Social Media,0
d94ee83e-6a18-460f-a0eb-c87e81bac4c1,9,64.0704495108759,26.042349589226134,3,0.33340584956930047,0.63934795716354,302,Electronics,Paid Search,1
9794fc31-9883-4440-8f7b-ecd94c9b0dba,14,23.093714098046913,54.88963926142211,2,0.19050396371095302,0.35941620530953083,1040,Beauty,Social Media,0
4229c4b5-54c5-46fa-978e-7af3ab42f5ab,11,54.76359671570572,39.15568139168299,0,0.032257388231008544,0.34721908998940626,497,Home & Garden,Referral,0
82f74d89-f0c3-4602-85a0-abd6921646a5,10,24.35933229114018,14.379312707343082,1,0.037265986006134746,0.46679711602748253,941,Fashion,Referral,0
15f968da-46e4-45c0-ad12-9027cadc9db1,11,29.07376227122421,64.80135915583669,1,0.3571790774575984,0.589506890382393,1143,Home & Garden,Referral,0
d1a334c4-e423-48d0-b9a9-e33288f09578,8,31.362340329640855,24.399527164270452,2,0.2768610080673362,0.3058946890188406,1063,Fashion,Paid Search,0
0224d4da-5709-4b24-9554-3172cdf3b10a,6,10.0,63.629848226505004,4,0.1683261441548729,0.2675311326987527,393,Beauty,Referral,1
ec7f7c6e-0171-4a4a-b88e-c87184c77356,12,29.607039217247955,29.03948639062279,2,0.15782420626399177,0.23802172305566904,1295,Home & Garden,Social Media,0
056e4567-6765-4604-81e6-f2cc7cb2484c,12,51.92052885549187,72.28036172280731,0,0.11867769528829898,0.2811726522287393,1193,Books,Social Media,0
fcccb384-2ac0-483e-8b4d-1612a1da293e,13,15.0219240674067,66.12098934346949,1,0.2771419013971313,0.15528221354419797,1700,Books,Referral,0
5734a5f6-d839-4ff6-8830-2a3af24051a5,8,152.6424341560956,42.65579228285684,3,0.09627255991163461,0.4921101098334078,1157,Home & Garden,Referral,0
188b7a0c-c7ad-4bdf-8ac8-26860ef8e9f3,8,33.24514005781431,73.19393540491289,1,0.3147853509479838,0.635327468883564,1314,Home & Garden,Organic,0
baa136cd-3408-4244-a57a-6b391605f87e,11,20.05659962492925,37.07856177843428,2,0.13908389233495752,0.5653508972866366,1480,Home & Garden,Organic,0
1a75ddb2-4193-448e-9af8-690d7e4d6493,6,19.573894812562877,7.407280569102196,2,0.1458899328280578,0.2746504011758706,194,Books,Paid Search,0
8ff1e9b3-bea0-4014-a900-379fb5212404,13,99.12773266338436,12.061370692307952,3,0.22901204589784963,0.5020710880072458,1271,Home & Garden,Organic,0
3f3f7c23-cdb3-469d-a9b5-5357154377c9,11,17.1184112715172,16.941228308069352,3,0.17901252949202168,0.41943839509717373,582,Sports,Social Media,0
b2d9ce10-ce2c-4ee7-9b29-188791e20ccd,16,42.03395459438867,3.9189808203862873,2,0.0859137498418821,0.35441884780785904,1502,Sports,Social Media,0
552fe9d9-1002-438b-aa85-641f2fbce0f7,9,67.11643435957912,74.55891385077396,0,0.05733868811645669,0.4343019485216673,876,Sports,Paid Search,0
7a85e7ee-1de8-46af-bf39-4214b68a1594,15,51.59230794095852,27.474091141372412,3,0.08346108904178397,0.5454096892723752,1060,Home & Garden,Paid Search,0
5e1502ba-85d8-4abb-8541-b2400955b8a2,17,21.112349675558892,5.891396899193124,2,0.2351946810717331,0.6162290725889836,475,Beauty,Email,0
722f08c9-9119-4796-a6cc-525c5546bdef,6,64.80465212856188,102.8739475510809,1,0.03819965121391898,0.48721585364730385,1187,Electronics,Organic,0
0af0d453-a781-4f21-a5c7-7190d8d712c5,13,37.5105101619829,69.05517761456152,3,0.11616886045974464,0.30919940248444827,66,Electronics,Email,1
4c9b2e40-2eba-4848-b3f7-38a5fa8a089b,12,10.0,36.11335605688904,1,0.16024963738046658,0.13718977893413256,1366,Fashion,Referral,0
5b5c638f-2a73-48bb-86c7-ff675d7e5ed1,10,88.11233061074141,17.05530388879215,2,0.23265147761337682,0.5055561977085323,298,Beauty,Social Media,0
29157651-2712-4220-a1de-aacc930eb9f4,4,20.269784768279457,9.874502071873183,4,0.043785637151165686,0.4993707546926321,416,Sports,Paid Search,0
29d3bb0d-e2d8-429b-9e3c-9fc441943d32,16,28.775288948558163,36.79079439983321,5,0.034276906538627,0.26242969040189074,2,Books,Referral,0
ac08540f-564f-4e1d-b327-d9c266c1a2c7,4,42.41797882467625,129.89773996694552,4,0.048081100665174216,0.32409210730967186,572,Sports,Email,1
bf6adc29-1e25-4b38-b15f-7f4814eebf13,7,21.638766506505103,12.524514521472142,3,0.08864113180021965,0.579225792703668,709,Sports,Referral,0
9256e791-c682-4070-a43f-a93a5580316f,6,60.67466179739376,50.45141095722672,3,0.06296504366102296,0.18393782333200645,427,Fashion,Referral,0
1a1a5a45-355b-4dd1-9c78-8b0b0cbec666,15,13.693587522219222,195.71638737837253,0,0.18365423907211692,0.44084515958236953,420,Beauty,Paid Search,1
522fe330-61b1-45a1-9289-6542584812a2,10,20.915606288852203,60.82041833381123,2,0.26024823253715873,0.19777798203717137,1629,Sports,Organic,0
1c202b1e-2a9c-4a52-91ae-861ff870a434,18,88.28573663277801,34.78533092230174,1,0.22718446450250138,0.4173386739180456,596,Electronics,Paid Search,0
704447c4-a9e7-4d78-ad49-db2dd9a1f8ae,9,33.791916278226545,75.60571133589526,1,0.05371836572802952,0.290200941066464,1318,Books,Paid Search,0
167de73a-786c-4c44-9aba-e0548892a36f,5,14.218567136625603,104.43361906070575,2,0.40790325649885406,0.3362349485416518,433,Electronics,Organic,1
316c29e7-d824-415b-a16b-bcaec4aba405,14,35.26823052665604,53.57149055763007,4,0.08578145550338062,0.38023058170781465,1476,Sports,Organic,0
bd35136e-3b0a-4284-931c-0ceeeb922f9a,14,45.664583250723446,123.26497059588874,3,0.1190281754147345,0.5761102036896989,1237,Home & Garden,Paid Search,0
073d2bb1-cfb8-4051-ad97-c3d2bc31cbab,10,10.0,43.365900531450755,3,0.27424171629776595,0.13021627204023645,1380,Books,Organic,0
37125a6c-dc31-4f22-a361-f846bbe0c560,7,124.39069812221456,106.32764746195151,0,0.12511607193960447,0.6267283674431975,802,Books,Social Media,0
d70fc197-d3ea-4b9c-ae0b-69f5bb4609bf,7,138.5904043181371,182.21731141308632,2,0.3604820444334373,0.42351670804137115,1605,Fashion,Referral,0
82dfc500-9ff9-4cfa-be36-8202e9b7b304,9,36.45215557229503,41.73823272984815,3,0.346804797102622,0.6657068783869267,683,Fashion,Referral,0
fda75a7a-3e42-47c0-a560-711a0b34cf13,6,28.21728327534573,55.732431440666105,2,0.2782112313590789,0.3519777694710177,1097,Books,Email,0
abd1ae6f-5fdc-49d6-87d0-75b7049fbcc7,9,33.72890788538472,56.41465179063866,3,0.38421954389381424,0.17567206859649478,1168,Books,Paid Search,0
937839a8-8db4-40e1-8ad2-adb7415e5e1b,10,67.65632107110278,91.24027210619644,0,0.2086740341167105,0.39267617301364366,1737,Beauty,Referral,0
9e34829f-e284-422a-ac90-662f0c8328be,14,47.56453781587052,103.88475430087408,3,0.32107497438234456,0.5285335649855228,246,Electronics,Referral,1
804251d7-acee-4892-9019-10b8d5831866,6,40.10024966921079,1.6564142476165018,5,0.10012305472104553,0.14440887413853543,248,Sports,Referral,0
78a9f60f-2637-4aa1-8184-6f8399e295ed,9,100.069411904462,79.31125260956766,1,0.196864183077846,0.2657880331110617,843,Books,Organic,0
203b5415-72bb-40cc-b87c-0fff9724cc5b,8,81.8387652406308,91.89731327797938,4,0.1103722806406067,0.08691951326838444,1675,Beauty,Organic,0
53f1c63d-2b99-48c3-ac8a-666ec49b767b,10,15.364644402484425,72.32431768268007,1,0.4389122968043638,0.6314555681629417,40,Home & Garden,Referral,1
5d7c2adf-c467-4d8b-92ef-4c06b0748ffd,12,67.35092692300701,75.0419943422686,4,0.446161484156913,0.43325532195858546,504,Sports,Social Media,1
861ce8f0-ebe0-4cb1-bf3a-0fcb0f66d80b,4,83.204088350776,2.5370624956634322,0,0.09944844827007972,0.3068276957355926,518,Books,Organic,0
b418aa28-6a6c-4c5b-9422-0641243e370a,12,41.37214212910308,35.0079363388825,3,0.33164249642261207,0.24121589666680474,557,Beauty,Referral,0
591788e8-716d-4dcb-84ba-2c83581393b0,10,53.47566731112205,102.28416994674714,2,0.057097288689941315,0.3800415815024277,46,Fashion,Email,1
17cc0298-78c1-42d3-b855-d4617a97c968,6,25.8949905548524,163.09252465505244,3,0.19363208137606266,0.4826827433255776,1506,Fashion,Referral,0
d6d69b24-5d7f-422c-b35a-aa4f81fecffc,7,12.63491247941458,15.640439431751949,4,0.5205328278776634,0.5325560253525509,17,Fashion,Paid Search,1
5f1fd703-7561-495f-ba3e-bd9fa200c891,7,149.87818284177433,51.93513562526914,1,0.07100428285676343,0.419239522591655,872,Home & Garden,Referral,0
17a3ff63-77fc-4680-93b0-19f912152853,5,11.341067354768652,97.87961618705913,0,0.10922504606383333,0.2881204279556624,103,Electronics,Paid Search,1
acbc7339-9b84-4425-a378-ec2ff3eef562,4,127.10417271461081,83.75829638492546,1,0.29817165427456627,0.4358644978018946,1457,Sports,Email,0
db86093b-d5d0-4a82-9639-b577c099ac0f,8,31.431191357543643,57.88005231361631,3,0.3586061834271662,0.39525407996032463,1362,Electronics,Email,0
3d0d1c12-6554-4238-a646-ae61c70dd361,3,89.83293818248876,1.132084569144551,1,0.42297702463669706,0.43499492612098856,1317,Electronics,Social Media,0
1a95d2b2-89d1-4aa6-957d-960839acffa3,10,33.728149679516584,77.21645255994771,1,0.08737523702246458,0.4091040866736718,1343,Electronics,Referral,0
ac9631ef-08a8-489f-b4e3-d8f665703c09,7,70.10040865556152,89.03244773510913,1,0.4790212888406647,0.3709173399743434,1715,Fashion,Organic,0
461b2dd0-952c-49b0-b654-cd7d9dda2d5f,5,47.42187229660807,76.99167737682045,1,0.27581755608503716,0.31582116260047977,761,Sports,Social Media,0
1f1db288-98a2-4696-9fb8-4d820f9ec155,13,19.384983373572005,87.0971368089452,3,0.11848073896514036,0.7158222146081546,1572,Fashion,Social Media,0
5651c246-76a9-45df-ad4b-d28d07446758,5,36.86621947932205,33.82351695248639,2,0.08754719766760033,0.529012312310398,337,Electronics,Paid Search,0
a0a146b2-acc7-441d-9190-dd0d4284602d,8,29.537353221882334,304.5310333352293,4,0.18548194654602027,0.49196707815705715,824,Beauty,Social Media,1
24afa7dc-f7c8-42a1-bbee-628851d33466,10,55.38918543084448,88.3861925820286,2,0.1770666558625955,0.42928538736873934,17,Beauty,Social Media,1
85c26037-d85c-474b-b338-26f90bab4100,7,37.085756596739415,51.86175909274822,4,0.14358471402488313,0.3153657753996247,519,Books,Social Media,0
28112278-a302-428e-8f4f-9f4c9994f879,9,41.634348310425565,163.26016624974952,0,0.10852210535545295,0.3479862257192348,836,Home & Garden,Paid Search,0
7714a383-eaea-44e5-b286-b046618bb3d0,8,14.574927860986952,143.28749356960077,1,0.07998267695735777,0.6758844511863915,1659,Beauty,Email,0
16f6a98e-f0c9-42a0-b22d-1429ca549b12,9,11.911382982264254,101.10372002972656,5,0.08542405609249537,0.37345885244539645,579,Beauty,Social Media,1
2670601c-bbb6-4371-a8eb-b72e9fca3022,10,35.04042037356409,49.764813193591074,2,0.14511001713239766,0.3688679462122991,1227,Beauty,Email,0
5ea1c3e6-301d-411f-9cc3-cd3b277d27e7,9,38.292026488537516,44.93240906606804,1,0.1850359483533612,0.4232989122182987,1522,Home & Garden,Email,0
f5fa2ac0-9c30-4350-9c83-48f106725203,9,14.278375219361026,23.913057836935216,1,0.24144739310870966,0.26091148172063,596,Beauty,Paid Search,0
3c4df3e9-b3dd-4482-9f77-496c4f137a46,9,52.31301834522808,17.33120381939205,4,0.16689050491102886,0.5037755041384626,309,Electronics,Email,0
f0a0ce40-8a08-4469-9bd1-489d0c63994e,9,54.16503998371265,43.0906115849885,1,0.10039052604291207,0.2875461490840392,1079,Fashion,Paid Search,0
93b00eed-952a-46e9-90b5-04735d624f5f,8,37.52122704476125,51.73397677692105,1,0.13394784988874572,0.22755910512026914,519,Sports,Social Media,0
eef5cc29-0630-4f34-800b-278b2972438d,13,33.535040048666275,16.824628996018706,1,0.047012871651889825,0.4231810002632342,1191,Fashion,Organic,0
d8c735d2-0c06-44b1-ade1-b137799849a1,11,12.013157017340962,153.52707398339686,0,0.21409395558238495,0.22768807885745176,246,Sports,Paid Search,1
68d0a8ab-332e-4f94-9f98-cb7710d287d9,5,11.85309804772098,48.88825218450162,3,0.07833242405076374,0.3454610805623602,277,Books,Organic,1
d120432e-3afc-486b-a088-a5b4c1833e1e,11,45.411580884604035,44.85687679598669,4,0.06301911881537474,0.6262784248335121,1233,Sports,Social Media,0
a0ee5abf-360c-4eaf-a562-3ba604571696,10,17.074446005456437,34.32360465343146,0,0.3126373529892956,0.48604224933192797,1776,Sports,Organic,0
9893564d-3c80-46ab-86b4-7e541da11678,8,18.061624961511008,3.5895415646662965,3,0.21721312350083316,0.6520746036845939,451,Books,Referral,0
0e8117b6-652a-446f-beeb-f509e201d7a1,9,41.38960285735761,128.42865546178146,4,0.24470135937178997,0.20431334011202915,1303,Home & Garden,Referral,0
e6f96976-7e72-4b1b-bdc9-b4a659d18f02,13,169.03773906286716,22.875117972947194,3,0.2142659425764413,0.33584536121428676,971,Sports,Social Media,0
9398d85c-6297-44f4-9bcc-981d0e9ce66b,5,24.096030666719827,61.71053822799677,1,0.4797030938528958,0.8364597877723273,1540,Books,Email,0
3d64c11d-10bb-495e-af59-0c6fd1ee2c1a,7,170.8084816786856,56.1029687745517,2,0.18417969934031067,0.3271266752769499,710,Sports,Email,0
bbb7c95f-43d7-4539-b3fd-9f5435a7f09a,10,31.15562986547756,52.694457439810584,3,0.03913360437993023,0.2944241814625121,1773,Fashion,Paid Search,0
562bba05-c961-42db-9efb-4d1386e968bd,11,51.991620639507225,44.75645836724983,0,0.2171466518781169,0.2361079542748709,151,Books,Referral,0
8f68cb82-1267-4a63-a676-c4c3e12a7ebb,18,71.36253004180129,12.012502592511586,3,0.0333352777588915,0.5950421909206313,1796,Electronics,Paid Search,0
967b305d-2adb-4788-a8d4-56f550981baa,10,75.64217352925837,19.760743684827585,0,0.223970757192265,0.2330595972343007,1544,Beauty,Social Media,0
7df7aca6-5705-4a5d-8ae5-83872017495c,8,43.43440055986278,44.56395663222296,1,0.11836488009171214,0.2556955194169962,1581,Sports,Organic,0
ef38113d-8ae2-47d2-b159-98f55c7512ed,5,27.55685776848506,93.45128744021528,4,0.12419834896570016,0.3642922983692086,1537,Sports,Referral,0
e71c209e-a42f-4135-84c8-586e51f5ed6c,14,64.22892071365602,33.93686655483173,1,0.12254855700080197,0.5555204799070762,1573,Fashion,Email,0
7d49a23a-abb9-4baf-af78-c497b31b7f00,8,46.48854521201804,13.683528162146676,0,0.3161784324589821,0.3903849466784797,1487,Fashion,Paid Search,0
2b72bda0-7898-44db-99df-58aa3a38b116,9,23.366593431356417,5.523261183065038,2,0.1237569989861023,0.396209291811422,1641,Electronics,Organic,0
dadb77a8-0904-4780-b37a-3a38d93d1761,8,102.23460966188301,65.26230002882524,3,0.06096925113617355,0.4288886701358375,841,Books,Email,0
838dbea1-6a2a-4b38-bb9d-631d7b350fea,10,47.74712760598908,33.03014339834064,4,0.3998840260732595,0.5017670808254302,1714,Beauty,Email,0
e83f66d8-24af-4152-b467-42f62d7208c6,9,18.18592804805468,8.03732158613471,1,0.20572564263436974,0.21564564513618673,703,Electronics,Social Media,0
964064cf-8ed3-4d18-9105-e52e116ffb05,13,16.561377150792435,67.33746427906513,0,0.15972570191129432,0.48710686518474716,1329,Electronics,Email,0
f88065ca-99a7-4187-98fc-401ec97dad47,10,158.7186756028821,13.959727385543358,2,0.22932685983821455,0.42909017366019814,1296,Home & Garden,Email,0
cde3fc93-c744-49b9-9d72-e6c7a93acf87,8,22.32948434514294,42.68063019947919,0,0.16229133017588074,0.7961578187507414,1498,Beauty,Email,0
388faeca-deca-44b2-a716-922bd9155c3b,9,60.48261945477544,21.933252757397543,2,0.07745085894896508,0.6383461461083509,1347,Electronics,Organic,0
b1a6c7d3-9671-4567-a97d-161f90f8f0d9,10,44.76753036150214,161.0220032098502,3,0.2056943620461834,0.4180961848816536,65,Sports,Organic,1
da05e808-cb30-4ff9-a263-abf7335034de,7,58.859877500822485,15.548636485846218,6,0.11776238424525548,0.26459863509330095,1349,Electronics,Email,0
f3b5fa3c-f094-42a1-8ada-acfe84322a5d,9,152.8490559367876,32.675202312487585,2,0.26046065146252084,0.38565811774719505,43,Beauty,Social Media,1
316473b9-1b1e-4520-9245-ed99fd95e4ee,5,73.54172005261469,192.37771286126437,3,0.1245541636010044,0.4178138747843346,973,Fashion,Email,1
78b4cd5a-5790-4c7a-94b8-3111366509ca,10,64.62598529620534,23.02737003301704,0,0.10185573512531915,0.355681717336291,1531,Fashion,Referral,0
2a2dd19f-b7e8-482f-b4f0-ce52f4c22c5b,7,28.289813811564233,62.06952755992066,6,0.06201173303412823,0.2570493452812522,1514,Beauty,Referral,0
5fbbe70a-4a21-41a8-b80c-214a19280c96,4,19.459617657350446,22.85165136389243,1,0.5304470774087929,0.13180394076790206,1535,Sports,Paid Search,0
5efc8dea-7f8e-4a6e-b5de-a566c5f81339,9,229.4241665205313,7.037550449514162,5,0.17894708476809643,0.589718061958109,1099,Home & Garden,Referral,0
6649799f-760e-4417-8bbd-e883e2cdda44,13,32.02545477250603,59.258702901280735,2,0.12031971476721909,0.20016687477048978,336,Electronics,Paid Search,0
755b7685-b82d-45c6-84f0-8dfa3819830d,5,30.406267613828998,148.63883824140925,4,0.10961482224401205,0.4914438206751417,927,Books,Paid Search,1
68eea12f-9076-4975-bbb5-7b8c2f2b60f7,12,41.72223850563207,36.15065627622144,3,0.01896340473609935,0.3266259968906392,942,Fashion,Paid Search,0
04ba2f52-4c34-4ec8-a222-f234875e591b,14,38.59659610985502,59.03829793787354,0,0.298216196237492,0.5155616175866922,593,Sports,Paid Search,0
5e022daf-8475-47da-9642-cc3efc9425d5,8,118.41802765950162,56.3272764059594,2,0.4211767317907446,0.13927200551382707,774,Books,Email,0
87d1964e-e4ff-4d0f-93ed-bd2945f91e9c,11,50.992852101277094,32.17780687998934,6,0.3120713277108702,0.3001067470212001,1591,Beauty,Organic,0
da774578-5e3e-42e2-b5fd-73ae6bf72777,7,11.612249635888658,57.25461059911283,1,0.06805989994706357,0.17523258865631383,945,Electronics,Referral,0
33eb0bd7-532d-4f32-a7fa-9b0b6049099d,6,19.53659857298086,18.011040574164387,4,0.10278255372447684,0.32765325710562154,1286,Electronics,Referral,0
8cec59d7-3720-4023-bce4-8b399b9c2d41,12,33.40038836305843,28.49256767856941,2,0.08951825839121709,0.7790113116888944,905,Electronics,Referral,0
630a0d67-34f1-47ee-ae08-6bfc33f93549,9,75.22720072458998,35.03807442601625,2,0.18853651889508777,0.5747784939860207,1127,Books,Paid Search,0
3e2d4af6-7ce1-4b43-a022-4c8c5cb901e2,9,10.0,119.7098547005212,1,0.14727530051404455,0.47489336087092326,169,Electronics,Social Media,1
7e00df06-68ab-42f2-aef4-ef8ec2f4e352,9,49.161271877570286,25.693285340451666,1,0.22721646332528272,0.1768754721071335,1699,Home & Garden,Organic,0
6cf3301a-8b90-48ec-a461-1eecdb8357a6,9,59.44492335202327,60.49400821186211,2,0.10852052887858869,0.6439667954507593,796,Books,Social Media,0
48f7c137-d30c-49be-b266-395421351e7f,6,67.08048314134712,14.40241784907781,4,0.1930648342846202,0.43112022555685603,1365,Fashion,Social Media,0
fcbf92e8-c63c-4f1b-92c3-1de21011f676,11,31.060266729826285,17.46685566502279,2,0.20862812183842688,0.4010779533765049,1217,Beauty,Referral,0
61b356bd-e3b4-48d5-9438-02a207d73211,9,76.66090747688544,62.720594545515,2,0.11485273292338415,0.673317070884832,1458,Home & Garden,Social Media,0
e9e6f39a-1edb-471e-bf99-cf3fd3634ae1,10,17.253069086744127,86.20726018539365,0,0.039794695425483986,0.4283244156025918,64,Sports,Email,0
40f7bcd0-3382-4f4a-beef-be598177025f,10,70.55509281230307,37.20687256661953,3,0.37555144413820823,0.5585771300851631,1707,Electronics,Social Media,0
55a3012b-4c95-40de-aac7-1fdb744e415b,5,31.52192257591321,24.487090171918236,2,0.34865746921372875,0.1464158028786963,1514,Sports,Social Media,0
d032ec33-e13c-4e45-98c1-de4667dbf1a8,11,34.271307202435665,144.65804747876066,2,0.1466405000734668,0.21729389548696482,1521,Fashion,Referral,0
a0c78843-ef20-4507-9e57-e9ab2598c303,8,33.967961812793455,8.757605917652036,7,0.1379633624418373,0.21227031415211253,853,Sports,Social Media,0
f6c2eb90-65cb-4caf-8e46-0fe37138607f,9,55.706525345934054,76.53118701110846,4,0.10688732676624785,0.2114788244292295,1453,Fashion,Paid Search,0
79d377c9-ad44-4afc-93ec-be41890b5ce5,5,13.683011035682753,70.30403633327464,3,0.2732401064422157,0.2102597953277683,1050,Sports,Organic,0
db02e44e-533a-4c1c-8361-664969fe88f8,13,67.23758638274192,70.31844851380941,3,0.1810563993749991,0.3411002222061026,919,Fashion,Email,0
f83a5d9d-ba22-47fc-a3ed-cafe79f581fc,5,66.46594233575728,164.39144372564283,1,0.2819761162361947,0.4738467753241175,1432,Books,Organic,0
cbc23002-79ba-4a36-8328-8b79bbd6734b,6,26.018645172979156,78.15918561026322,0,0.0702910267666647,0.231413953708392,1146,Books,Paid Search,0
bd153eee-172e-4c4f-9a05-2ea6550b88ac,8,33.18089073885514,21.53480594138177,0,0.05145229486213276,0.43871342862515367,141,Beauty,Social Media,0
1824c602-59db-46c8-ba6a-e46e433b44a2,13,16.650552930793534,26.162500772401415,0,0.13869609166417954,0.5727281967348045,574,Beauty,Referral,0
f3f5bfc9-3d25-4753-be9d-9d02ecc739ed,12,13.088052609289878,29.767154992787813,2,0.25889087363601093,0.3139274120908962,1135,Sports,Organic,0
e0279e41-2e4b-4b0f-a5c5-cf0681cf567d,12,38.78105574759109,1.8775943898140763,2,0.44230819076843253,0.232787098622994,1649,Home & Garden,Social Media,0
f6c86e18-4a61-42e3-a1b7-d21c62c63273,8,38.98192284960111,146.86380752581127,2,0.3075537500505726,0.4094597791537412,1702,Home & Garden,Organic,0
b690a798-78d9-4a85-b0f5-8cbfb8cb909e,10,25.288500676693648,4.583880710451677,2,0.2733058058810066,0.11189086269323469,1531,Books,Social Media,0
76333c43-f00f-4653-bb08-6091e7b1fe40,5,12.184647570156375,72.19723877922341,4,0.22976181692935577,0.45327594336039817,464,Electronics,Referral,1
d67fd5d7-b6b1-4c37-8d13-2e68b8866653,10,47.734094758020504,78.59578872505777,2,0.14498483489726766,0.4204223982614835,864,Electronics,Paid Search,0
37ead9cb-70af-48f9-91f8-f30be30f8114,10,24.802803269384086,111.36446036476913,4,0.14190747350005484,0.20389691726253983,791,Home & Garden,Organic,0
b7053cce-fced-4a00-a198-6d29a5610cfa,13,18.18372275227441,48.360445688100434,0,0.13619068244496196,0.42336493298281147,801,Sports,Email,0
c93d994f-54c5-44b1-a6cc-79100d4fcccc,14,91.90409509338231,77.51677111136667,3,0.08786043093498458,0.4049439481245395,91,Home & Garden,Paid Search,0
f356d1a0-cd06-4ca8-9717-d60025de4aac,11,15.178443049089248,21.63434528041649,1,0.2932446295841771,0.3159933871288135,317,Beauty,Referral,0
e1480eca-5f93-453e-88de-21022588c912,3,51.91117513842977,82.12707595833518,2,0.22545611536332866,0.43246414588082954,280,Books,Email,1
7f79cfb0-8fc6-46c1-a894-8a64c85dfce3,6,10.0,25.242254520515246,4,0.05385140173209223,0.1610032902849939,1126,Sports,Social Media,0
142b934c-c442-446c-9623-eaaca884dbf5,11,10.496347685136625,139.88283086878837,5,0.056337775272312325,0.44295175671714626,752,Books,Organic,0
46ed9093-81a3-44a3-b64a-77cf22717714,9,48.72258725051408,10.703248486334687,6,0.1999756637054243,0.3600091385830322,592,Home & Garden,Email,0
7407c6c6-2ccf-4c2c-afe6-846021fe0fce,5,25.307242221894047,22.766556919991466,5,0.07814402695046935,0.8061212422730217,810,Home & Garden,Paid Search,0
878487d3-e8a0-4e41-a9a3-6c82142df31e,12,12.999641321062642,41.44134643256147,2,0.11836402203871957,0.2380894133809093,592,Books,Email,0
ca9b88cd-8a60-4c92-bf9d-16bf28bfd50d,8,70.80632511362877,89.72653763925628,2,0.1586555649520107,0.3041729979949392,1382,Sports,Referral,0
6c8ead62-b15f-48dc-b3ef-489aa43c1d04,4,44.5695964991246,82.89013691439052,0,0.10868471261581912,0.37126971021144095,305,Sports,Email,1
56056021-22bd-4b36-a7cd-b97c6025bda8,8,10.0,14.197810880641724,7,0.039021899071669086,0.5992629934484799,103,Fashion,Organic,1
0650d612-bd1b-4a37-b745-535965e357f2,10,71.34456994486419,9.345617235858771,2,0.195420078001637,0.07875058926825391,1187,Books,Organic,0
4e0facb2-f6f2-449a-901d-871bcf37f859,11,14.13836959265309,21.741716856604373,4,0.31109027016339186,0.3650466540653331,421,Home & Garden,Social Media,0
e9d92397-aa94-479f-990b-9a0fa717227e,9,10.0,39.67033060358711,2,0.2069366428787204,0.2178279172659222,1174,Books,Email,0
60676762-ad9f-4923-bf73-41390ae823fd,13,17.176655879821872,46.462090756095144,3,0.1955728247514266,0.5461916794281207,107,Books,Email,1
0c6dc8d5-6a8f-4e6e-a73c-eee5e24dea1a,11,32.026324389743365,33.636423795494515,3,0.1925887015298631,0.26399246321698877,451,Electronics,Referral,0
a1faeb27-7a74-4482-ac8a-d9dd66fb3d6c,11,35.23010814719181,65.27638757045098,2,0.37824150623573605,0.21148854493292887,281,Fashion,Organic,1
003e288b-d1c2-498c-9bb2-c38d0d6b7307,10,10.0,33.4707304261654,3,0.13057402302067053,0.18238605967888877,531,Sports,Paid Search,0
31f7c0c4-b252-4a6d-a16c-cf196609e8d9,10,10.692244724902784,175.49295874583368,1,0.3590002491902096,0.31177256450488217,600,Electronics,Social Media,1
ff126c04-1cac-4546-b09c-b8f0a9a83c44,9,18.016272476528357,18.144912278094015,1,0.3129200286325581,0.17069283618907222,904,Fashion,Email,0
71bc0e08-f157-4d61-9ae3-afcd02c5f720,6,18.961032433935,59.23049999172286,0,0.092953262643741,0.19730538703870656,949,Electronics,Social Media,0
7fa54868-1101-484b-986f-a0680c50804a,10,60.91254014089006,56.70887833905464,2,0.12305935409000358,0.25259506769475026,1150,Fashion,Email,0
b8fea6cb-a48b-4a57-9fc7-9abcd43eb236,6,23.791841591567103,19.841614555422797,0,0.15480033473765728,0.48994359253621456,605,Fashion,Email,0
113ea23e-33cc-47a4-a696-02aa31bd635e,7,59.98556771058837,31.829833279247303,0,0.3381509462374799,0.52368651275333,971,Beauty,Referral,0
5cc99268-5a51-4678-a958-87c18f72d5e7,9,79.57180875788828,27.292584945913873,1,0.2778470007753855,0.39120752480132115,1806,Books,Email,0
3e506bf1-b036-42e4-8a6b-a3388c4403c5,7,51.65238663224548,11.360702148279787,2,0.157432348640864,0.570030878500111,385,Fashion,Social Media,0
2ac00b93-cb32-4b33-a90b-1fecbf6232e1,15,10.0,38.924306063000635,2,0.19671856280898883,0.38708603034093453,279,Home & Garden,Social Media,0
54c31019-32ff-48c9-81cd-dc7ebab3cdd8,11,25.965960891316396,29.33037125478399,3,0.16056443299725734,0.1909636426569644,1537,Home & Garden,Referral,0
6e2e0e8b-6fbb-4c17-aac4-e43594fadf0f,10,28.990128447430692,11.784062476912554,1,0.34113450739611895,0.6758831619551016,749,Home & Garden,Referral,0
e588547b-901f-4423-ab05-2568201e58f7,11,31.704574589581973,35.857135517722114,2,0.24579641887642673,0.3691454558553419,1545,Home & Garden,Social Media,0
d893052d-00fc-42b7-aa63-f7a0f2386467,8,10.0,32.874689737833386,1,0.20164910875357123,0.5470206974577163,775,Electronics,Social Media,0
06bfd361-b837-497d-a696-fdeba7bb7455,13,17.970500863110434,8.4499827065592,2,0.11705133472443273,0.42024489553805483,40,Sports,Email,0
93b515c1-198f-4f23-a353-d97f8ef32c9e,10,11.136239738253854,8.43767942953821,2,0.3523138225358814,0.4055375582792744,684,Sports,Organic,0
f8a12796-dc81-48df-a74e-e07352bed80d,6,15.78010419563809,62.56353556088664,3,0.2363372947896612,0.2951782088712221,1113,Beauty,Social Media,0
e351f280-2010-4344-babf-bc1695b8ee55,7,26.92482809286808,73.56917950907199,0,0.2121764670972868,0.6700488027526411,817,Fashion,Paid Search,0
633d7619-736e-4c83-852e-b97d0a83ad8e,10,18.297380670270808,169.99682908568906,2,0.1510100062761399,0.5423058417953163,838,Sports,Organic,1
c21a0d56-c828-4474-830d-5951d88e5571,8,16.73646629570338,5.461472149001087,1,0.19979164037598432,0.12716960825459275,1821,Electronics,Paid Search,0
57241a9d-0aea-4de4-8aff-6bd5a565e89d,12,28.265004421090783,7.524371831078793,2,0.28837438847587726,0.3483392744997028,993,Home & Garden,Organic,0
7b0e30b6-1cc5-4947-91e3-0d255d646da1,5,22.33676034480141,3.1925368511895225,2,0.18803418434157218,0.5349943935627933,1272,Home & Garden,Social Media,0
28fdbdab-334a-429d-be5d-9be58e3f54bf,9,38.85170361409033,45.586512127919804,2,0.08728547921035133,0.2554694390125369,1316,Home & Garden,Referral,0
19be1fff-9c90-45f2-94bd-6d5bb55cbd4a,5,23.66778988338846,58.49029240059454,2,0.04121105558501013,0.3591719005617438,1,Sports,Referral,1
d5e24b55-9d78-4c52-8347-0e2fba356424,10,10.0,31.00292124680286,0,0.14076022045757475,0.39032495319773697,1008,Sports,Social Media,0
fe633a6b-d3dc-426e-b5f2-ab9199cab79a,10,14.514296728633456,95.94021864298398,3,0.39933776242625096,0.1966224372392807,1757,Books,Organic,0
31bf150f-9c47-45fc-b507-b3e76b48d246,8,25.47148170508439,69.63553685077386,0,0.13990284576837964,0.31319558553758414,1370,Books,Social Media,0
01452f31-8ade-4588-9ba5-ba9c4a842f33,10,23.141316796460234,255.44183514264222,1,0.022688678258369226,0.5087942387412254,621,Sports,Organic,1
aa61d7cb-7540-4161-894b-882a533a7414,8,10.68898940584455,8.902691197218365,2,0.29896390751346846,0.6821567023488567,665,Beauty,Social Media,0
f6cf8350-c0b4-4b68-88f1-6b4315df481c,13,56.89823584163746,3.6051096429390714,1,0.3180887529700074,0.411509882032015,554,Beauty,Paid Search,0
ec8708f4-08fe-4bca-9783-f5114fe859af,12,42.51167584185673,19.278774590106465,1,0.10925423710032553,0.42792201882309266,1150,Beauty,Social Media,0
35d6cbaa-57c1-4cb6-b00b-bbfc8202d745,8,20.478303810847578,1.1540392935123875,2,0.23277091183227025,0.15436001529602392,178,Home & Garden,Organic,0
6bf74191-1b6e-46af-b025-a68652f9593e,10,29.05083973767716,161.83678970131285,1,0.25512908974804277,0.23030945879139902,529,Sports,Email,1
67e06206-2087-4d5b-82dd-c4e1f90d89d6,12,14.048297066764937,21.7401699091124,2,0.0794813551899101,0.2572310458385797,909,Electronics,Referral,0
00eae0b6-71c3-43cd-8483-db4a07046a25,10,65.52647724304711,48.23536211889375,1,0.10091677041888746,0.5065654945418319,977,Books,Email,0
41dec9e3-94dc-459b-b7ec-bc4a9a8ab2ce,9,173.32081257202785,22.96966364079355,1,0.30240679431779843,0.8097595158980446,1108,Home & Garden,Social Media,0
c91c169b-35b6-4914-a3ef-75c68e0d20a6,5,19.773258623193097,16.926547571358817,1,0.16966354147526672,0.8486918132823309,1455,Books,Organic,0
4dbd3e77-5d1b-46ef-af3c-e8e0435d13ea,11,88.15934177241746,9.91829008417985,2,0.3201816272623009,0.3915111486537088,298,Beauty,Referral,0
b78eaa46-9083-41b5-bec9-0f2d1866ced1,11,16.632626812725512,23.172044626835405,2,0.1875999759979621,0.22055815618521854,411,Fashion,Social Media,0
5c2033be-c16c-4991-a933-f09ec63685b2,10,21.637563042728463,57.33604008410564,0,0.3560029161399233,0.27602689295384397,1592,Fashion,Email,0
bd4dcd56-e673-4496-a45d-b59d5066547d,12,104.26671519936187,213.7267728258924,1,0.19732950335174027,0.5919364979148016,1517,Fashion,Referral,0
65e6f47a-c50b-404a-9b76-a94c3739028d,9,30.088070686517366,48.99921928280182,0,0.304667904435164,0.3908555310454714,1499,Beauty,Social Media,0
6dc75e78-fc7d-41bf-af83-ed801ffe141c,10,57.373753886390034,45.64819382934044,2,0.18478594440342258,0.1971503915198153,381,Beauty,Referral,0
e7c73036-14ec-4cda-924e-81968a5c2e75,11,26.6937985120043,2.153986344938653,4,0.2537853618079523,0.6380910528345917,107,Sports,Paid Search,0
5fdf514f-7dbb-4b95-a9ec-c2ecf3784d0b,5,10.0,109.99203019420818,1,0.06394279525864272,0.07931483545724162,955,Books,Referral,0
9130643d-7f1e-496d-a98d-0553b0f275eb,12,214.84770804412236,2.7526711689250227,0,0.126164746102946,0.2271709655793043,1587,Electronics,Paid Search,0
3a295a00-48b7-4dd2-8c91-9a5a79efcc25,13,27.84299706899297,142.01607334648313,2,0.14388799477679529,0.4019050406127333,434,Books,Referral,1
89c7c044-bb6f-426d-96f4-14615043e609,9,37.5207470861267,46.41872381408161,2,0.12962421283074477,0.3366697957053495,1650,Beauty,Referral,0
171f35b4-04d1-4bf9-a99f-e503e2bbfe6c,8,18.429964107030564,11.069029144794312,1,0.1633529548400651,0.3549932479318985,259,Beauty,Referral,0
055879d6-39ec-47c8-bcac-f58ab691e1e0,6,61.812480822543534,36.05677070072465,3,0.3010475671688047,0.44755455646588627,544,Home & Garden,Paid Search,1
13b81f41-3612-4654-a411-fc9a3c6482f4,11,58.28058663067609,317.71309861363335,4,0.010868868333823318,0.1852825972671815,545,Sports,Social Media,1
4e5513e3-1c40-4fb0-8c51-312d6790a9b3,9,10.0,21.837759125870637,1,0.059459594310708457,0.4979566995308034,276,Books,Email,0
dbeff507-5e4e-4ec8-8206-ba50b66182f3,7,37.97316286566374,18.83825852714528,2,0.28434436624539383,0.6014178978624624,1592,Sports,Referral,0
f6e61e29-1d92-49d4-a3a1-3e502e7db21a,5,66.79851181131886,7.534194403160638,4,0.10206453940108226,0.35103376240694506,753,Sports,Email,0
2a9dca07-23da-4ebd-96e3-4974ce6b4412,11,86.51774118726509,54.55032013436251,1,0.32853248708451266,0.5056717983301375,348,Electronics,Email,0
c7ce8f36-c367-4cb3-aa80-11b4dfc18bef,7,55.54309365924764,5.607695305085378,2,0.22418531250227663,0.5518707796551023,269,Home & Garden,Referral,0
80c0cf25-9d21-482b-8dbb-318369066992,8,59.58893929872164,87.14811749516421,1,0.0183452045277867,0.09133367733952447,768,Electronics,Paid Search,0
6680c380-95af-4ecb-92d9-c0af0d55b843,8,21.49725032291467,150.96416248511204,5,0.05920939878261797,0.5812463901903387,32,Beauty,Organic,1
d6c55509-bf75-4992-8091-99a072d69cf1,12,12.388505147542778,161.18123667316004,4,0.19695027117110359,0.41879081085359116,221,Electronics,Organic,1
0d9a203d-cc00-4e29-9d94-bc9a3329c63f,12,25.823913644969814,6.851715834031536,2,0.36494855614911603,0.3998086430879069,7,Sports,Organic,1
23c11e78-b5e0-42d9-8d0b-0746f75cb3ce,6,12.165300655283865,49.022381107020166,1,0.13640808527436843,0.2384618711277132,45,Sports,Referral,1
9c6413c3-4a1f-4569-9fca-ab0afaa56e86,7,18.334327661875477,6.129263306994432,3,0.10481676463934886,0.17493794857953432,1820,Electronics,Email,0
1fd890b8-7e9d-40be-9d29-f97b6c0366e4,7,18.116410114583744,50.92018787159277,1,0.07996570186037992,0.7511321951623343,819,Beauty,Organic,0
e7520b8d-c2e5-445e-8c0d-7f1aa587eae2,8,15.602581513123138,101.23767087582351,0,0.47889971599353237,0.31103925281917,1330,Fashion,Referral,0
f2f3459d-bff5-436a-9ba1-a4cdf728eacb,9,50.69508704980791,46.30417781199627,2,0.24187647899583453,0.15568949010544988,1345,Fashion,Referral,0
419a6de0-c48d-4ea0-9ef4-0942553d2a7a,8,14.728997787148788,123.36873719776844,1,0.2023246751634293,0.4523765242860326,1606,Electronics,Referral,0
677341bd-5158-4b45-9f8e-f4c2b55fd051,10,143.80588225900706,97.070695608144,2,0.06303355946961695,0.2953106965153211,190,Sports,Paid Search,1
20096c8c-b908-4a4b-989d-06a49d957df7,10,73.06285018076362,19.42329377882897,5,0.06602539537472253,0.34788195613126843,959,Sports,Social Media,0
f9259fb0-0eaf-4360-9e17-d1231356549e,10,85.76362689433118,59.671725106999425,2,0.1784472864748389,0.3655068979770703,587,Home & Garden,Paid Search,0
28d130df-9b3f-46fb-b251-6684866e1388,12,19.080655009989652,0.4463839670684719,2,0.14700287200582096,0.2964570041606045,1001,Sports,Email,0
cb76d76c-013b-44c8-a3f0-b2aad4d42fdf,15,38.8705638901579,30.255028840921064,0,0.41592345141209563,0.3702268934939895,606,Beauty,Referral,0
ff30f746-72b5-4d1c-9239-40d5aeb94f35,8,14.377784109534637,16.30538708476398,2,0.2041916198120867,0.19953966749370172,335,Books,Paid Search,0
3ddbffb8-4653-493c-ba7d-2d00d7564182,6,39.40468174617079,165.9881412578291,1,0.31865043273419447,0.4331764079437209,1228,Beauty,Organic,1
40e1f8ce-8b97-4972-b4ac-d76c1253e2da,10,10.0,31.190873308387182,2,0.1274917538798265,0.21230561603948125,71,Books,Social Media,0
ca1bd16b-8785-48cc-9204-770d1659d13d,12,77.46587412624963,63.69016383462284,4,0.38293711917690965,0.2371903148008274,1634,Sports,Referral,0
f6501d44-3990-43cc-bc95-3a3a584b6924,8,19.768380977373113,79.00198072273584,3,0.12423148203814578,0.24165306257381616,267,Electronics,Paid Search,1
0cf65482-90c5-4c53-90df-2ea7584e7cf7,6,42.19390888532638,89.02451963091929,1,0.19702612965270563,0.20847132764103773,1123,Beauty,Organic,0
4fc91286-c68e-4c24-9434-a04305b4a623,15,48.94901865284235,79.85729956840505,1,0.12954494254402327,0.5078706679665272,1376,Beauty,Organic,0
b03264c8-d232-42f9-8825-f97bb7e1db4e,15,21.260029568378314,20.47890176511572,3,0.2672291694549089,0.49151038248179324,134,Books,Paid Search,0
3675a9f6-6db3-44b6-a249-fa9d7e6e458f,10,17.485837313613168,69.51467465980852,1,0.21271779799766302,0.26168185612857264,1648,Sports,Paid Search,0
e7e76027-9944-44f7-97ba-9e5709720417,13,30.079197268211548,47.77853788033739,0,0.07634127579556942,0.3565029051804928,650,Sports,Email,0
fc38cfb0-dc20-4443-b6d1-52cb8edd2960,11,62.95200099548052,54.58463228421142,1,0.20484186043131944,0.3621319986996117,1819,Books,Referral,0
cab2c3b9-0cb2-4442-b03a-a09a6c68eb7a,13,29.441688822280586,0.04889695738431692,1,0.20021857004984378,0.4370484051208854,126,Sports,Organic,0
61d4d77d-ce3b-4e82-a54f-d587d89d5804,9,53.643817713814386,17.925196031285214,3,0.19589399650284248,0.3185197873945405,1308,Electronics,Email,0
960b2578-3f35-49fb-a438-4e917f970def,11,62.50666751754676,160.14450862958603,1,0.40961319079153335,0.35454859205756906,294,Beauty,Organic,1
ea6af5ec-29ef-4008-9222-4bc0245f7541,9,28.3900205573877,20.555848456458225,2,0.07018555805379285,0.3339485295741596,735,Fashion,Paid Search,0
9bb563a1-306f-47b4-a9af-c9e708968958,12,30.26097107467444,34.57686294786969,4,0.10674151975691028,0.376400658111952,809,Beauty,Organic,0
d1538839-4c56-47fb-8d3b-2492f59d2e40,10,37.0047359459016,12.397394634384618,5,0.30993212191365604,0.19939151037107736,741,Books,Organic,0
ed4cf091-071c-4726-a473-363d882a68d4,9,82.59289835227862,8.951956132422046,4,0.25882701031722943,0.44107336928031066,616,Books,Referral,0
eb5caeff-9500-4d23-aaba-55743307642d,15,25.16300158414161,14.042334087831094,1,0.4210323176121553,0.149290371807892,1400,Sports,Paid Search,0
24d6edcb-769b-4e5b-a7ef-003bc2d4f8b6,11,82.28595365705355,48.398753819006345,1,0.018877761220042165,0.31771454169760116,1496,Electronics,Organic,0
b433d703-285c-45eb-b07e-cbfa06bcd493,8,40.613558397762674,150.81959446495273,5,0.3521228060532024,0.5067271900549133,613,Books,Social Media,1
6096bacb-71c2-441e-8126-5357143229e4,10,18.36985954290987,23.689243852681642,2,0.3001085491673223,0.4772161077677292,881,Sports,Email,0
4a7ec57d-7df0-4c72-a3c4-7d62ff70a605,9,32.02141568187703,23.441206553641933,2,0.2999581722541264,0.24281511567113448,770,Sports,Organic,0
5a9c734b-dbea-48d7-8053-d2e7698bbf7a,11,13.510846020863887,49.82613207711245,1,0.14468416919016489,0.16667720153980242,1083,Beauty,Organic,0
f6a22269-0b1d-433c-be3d-d3bd12ee7403,11,11.281838075033352,26.4726304061955,1,0.20575545114400431,0.34013645037455675,275,Beauty,Email,0
799f088f-d392-4962-8ec3-626c3f9366bd,11,53.81108026499196,144.75474492041832,1,0.16092265580478488,0.6046061056548807,1470,Sports,Organic,0
d02784f3-5b9d-4859-b296-b253a27c7f07,7,62.69082699676,28.474254698805826,3,0.24448346717519645,0.1374851169086086,1454,Home & Garden,Paid Search,0
cbc7b6ce-cf89-4067-9a34-a89b05710437,13,32.252030512847575,40.45272547613637,1,0.39762688299812926,0.2907350278282404,1077,Home & Garden,Organic,0
1724aa9c-ed85-4eb5-855a-dac6ab1299bd,7,34.40304555062624,45.73559720742555,2,0.155782710716878,0.2147544914357201,1361,Electronics,Paid Search,0
e3c5a6be-1a5a-4250-a491-6947f7db10ad,5,20.875768118506326,91.41427508379036,1,0.10902725650737868,0.502037133467918,1804,Fashion,Paid Search,0
b4a383ba-aecc-411c-9be5-d395816aed8c,15,37.93611421729236,49.79383941681896,0,0.3655527313129387,0.3817505158574045,1683,Home & Garden,Paid Search,0
8bffbf61-a566-43ef-8a82-066999245442,14,161.60951376973634,16.39954517169706,3,0.5198074668661415,0.34665535353400656,1116,Electronics,Email,0
94dc3d31-088d-4bef-8840-f2224b5400b5,10,74.27373398258037,7.942475030675257,2,0.015451393382345809,0.4619883454871386,933,Sports,Paid Search,0
578649ba-c265-40a4-8646-1e5ad604f2c5,11,31.160589423646407,166.61946874345836,2,0.4097869426837208,0.7107110147666624,975,Sports,Organic,1
f64646ec-61d3-450f-b497-c45454cbf906,5,29.062495142020122,97.03701495406503,1,0.16091658194785777,0.31973792384551025,852,Fashion,Referral,0
b3a9e521-95b7-44d7-92b3-1e9174af4ba6,9,24.50524548794029,1.3939811317129123,0,0.2455027076686509,0.19004732324507972,876,Books,Paid Search,0
2668eb72-31f8-4cb5-8033-c93e5d59ee88,5,10.709659758000893,103.39974408658642,3,0.40717498024612875,0.32987807390876206,1336,Home & Garden,Organic,0
46d23db1-2fe9-4c32-ab28-18df755894cd,7,22.50347456090732,53.58343302981753,3,0.36631625027878734,0.6559140111391114,1810,Home & Garden,Organic,0
1c20d6c7-a1c3-42b2-a9bd-6ee77a6ded54,12,56.79142999664508,43.90008884792574,0,0.1993107310447318,0.20386217849639082,83,Sports,Social Media,0
d66d8ca5-f9e6-49d8-a266-1b0e67b1fdfe,6,15.711381550266747,0.738274242972039,2,0.21140887333261413,0.31514819830789115,420,Electronics,Organic,0
e64ae7dd-d3be-4db5-83de-0db020dab3ff,12,26.468468141078375,91.08377967877793,1,0.18206675813283224,0.2433579872149244,384,Beauty,Social Media,0
ce2b36e5-6d29-4425-9be9-ad9ee09043cb,8,13.53738457844857,13.24366437241766,2,0.4664254679673192,0.1608933981337698,1520,Fashion,Organic,0
b105acc2-750d-405c-baee-2bb6e1cf04d8,13,62.075768036994425,78.11304875591327,2,0.10186743925201232,0.17954363642219986,766,Fashion,Paid Search,0
17655658-07ef-4aad-a2fb-86acaefea924,6,11.958169649716853,0.959729756374506,3,0.47329479693957144,0.41878352523611145,958,Books,Social Media,0
77ff828b-c73a-46fa-870c-86ad1531694a,4,53.20446523475124,95.48222197896581,0,0.24237180769352648,0.3265882345601585,856,Books,Social Media,0
e45adc0d-a4a3-4d49-a226-9aa1ad20b90a,9,75.40793348090496,1.3985415151702711,2,0.1486425998007152,0.44466584602885306,1558,Beauty,Social Media,0
aae14a1c-7d8e-4236-aae7-06dab10661c3,10,25.566919869227252,16.14283930344429,1,0.040338592633511784,0.4708706568325556,912,Electronics,Paid Search,0
ce799e1f-2fc9-4671-876a-02ff7c0df8a6,7,19.114768719153528,18.741294540304473,3,0.1823208998308422,0.21778928025116126,1219,Electronics,Referral,0
0b889243-7229-4dcb-92bb-0d55fc7bb222,6,48.428784725206015,10.283512185245327,2,0.12589628628277197,0.45307920800645834,36,Fashion,Paid Search,0
887863fc-310f-4089-b10c-08c8890942b0,6,119.3356506622114,39.35781201006431,2,0.2698007551892996,0.45426738668128536,1191,Sports,Referral,0
424973ff-9e88-4858-a893-4847fc94547e,10,96.86730466866086,20.01836378208937,3,0.09356490655618305,0.615436788653139,440,Electronics,Paid Search,0
988ceb1b-1a99-4bc5-a4d2-07e2490a76e8,8,31.217899960389445,300.2312816101952,1,0.3565841935766398,0.6832071481691311,1582,Beauty,Organic,1
3a610624-ad0f-404e-9c51-dbaa32f5e24c,7,16.337350765206157,52.045576137245035,1,0.13899562977255805,0.08091873024636367,1371,Electronics,Paid Search,0
f8eb381e-301e-4e14-8576-e3f43eb11eda,10,27.503850822596508,50.148739847544576,3,0.34213426410281617,0.5364748301039305,200,Books,Referral,1
ace477bf-f363-4fff-9a17-744877e2b10b,11,10.0,14.974613499979412,2,0.5197391413419159,0.5351518710753275,189,Books,Email,1
0626a45d-6664-4a3c-994b-3b1e2a554bd5,7,21.23043786175061,31.524834911201282,1,0.2155449851886096,0.2942933729248034,535,Beauty,Organic,0
43cf67af-a0c4-464f-85a1-c03b8cc14b28,9,47.48608670002132,7.941844066059308,2,0.1292380026821453,0.3643801674612258,230,Books,Social Media,0
e327d231-348d-41dc-91c0-f372da56456d,7,24.676079491970693,86.26264982779273,2,0.17325342617910441,0.3162880099466729,1351,Sports,Paid Search,0
a5220be6-f25f-44de-b108-d3b6051fb1e7,4,20.483930239366366,24.13255699757103,3,0.03385182949018921,0.06362862055074703,1800,Fashion,Organic,0
17700d8e-ffd8-4e91-80a3-680aa615878f,12,31.67757814263767,83.65132642383652,1,0.10773179198394951,0.41846474024203034,1196,Sports,Referral,0
ddf16853-c386-4526-9616-206e43c6ec9e,6,26.696085566484488,27.88386918574623,3,0.37813117728636975,0.32246472735708026,455,Books,Social Media,1
d2858b4a-76dd-46eb-b4fc-d52852cb607c,8,60.60603722841063,269.2818553963858,0,0.4400536888806232,0.24266161165111047,1030,Home & Garden,Referral,1
083ce93c-d180-48e2-ac70-7c985dea6a27,14,11.456932892571546,11.260910652311397,2,0.13149469474366693,0.29524443263479627,1470,Home & Garden,Organic,0
fd1f42e8-1d6f-45d9-bbc6-20cc3a7408e5,8,50.459652255040254,0.09150337143522863,6,0.20900447852891801,0.3247529125127811,1756,Fashion,Organic,0
0f2a3ac6-5809-4f35-8d2d-772b83b3b7df,6,31.915420918847673,54.206252555894906,1,0.15054154133648084,0.42650126871224214,10,Books,Organic,1
d135b793-4401-4e11-98cf-b488ea519be2,6,46.87209591363794,183.39674579298895,1,0.1830401110222562,0.5645291911545856,956,Beauty,Organic,1
70707ece-90c6-4382-b1d1-9aa10d85d2c6,4,10.899516343173278,62.4864218291826,1,0.22957710277967397,0.6421340165082248,827,Books,Referral,0
01f27a93-936a-432a-ac89-451603cb86b1,6,67.11697938683464,5.3773357047927455,2,0.3012409706100837,0.25386997166872155,757,Sports,Email,0
f06e7fca-c0c3-4f11-b6f4-5885f3458eae,10,51.13312036717616,46.654418692769966,3,0.17857409808874064,0.24750228210680955,919,Fashion,Organic,0
f68bd68f-5e28-46f6-bd5c-c66e191f632b,8,126.28812572549369,144.13566519748218,0,0.21651838006755877,0.37814322789833016,736,Sports,Social Media,1
89f8fc10-119b-4f51-ad16-f5511260a373,11,17.010154293719214,0.3916394752916935,2,0.2885739587668065,0.4139330095917901,628,Beauty,Referral,0
40807cba-ca97-40d4-8d6b-5a70ea3205ea,7,20.739064954695614,10.95697533712479,2,0.21649202627464667,0.3923011711665168,210,Books,Paid Search,0
5d8d1f1b-1e7a-43d1-ac97-92cb8c721d09,11,10.0,101.10193745000731,2,0.1979575763721029,0.4351772405085382,912,Beauty,Paid Search,0
62cb74d0-29da-4291-b0ba-b6d6dac79ac2,12,17.13496861792756,134.60641293603513,3,0.359431750775553,0.4443404784054063,1498,Electronics,Referral,0
3c65dc06-e19d-447d-956e-5d7131916f50,9,104.31793697620573,73.68786086208287,2,0.3840600358445364,0.10448503006955526,192,Home & Garden,Referral,1
bf377d2e-8fc7-4d16-8a83-f7056a1d178f,12,41.93204329043287,286.48754154999557,3,0.09408054429220314,0.3475052122760742,1348,Books,Organic,1
21ad8fd7-d8d5-4cf7-bf03-000a057ea79c,8,18.521171223866023,5.672879573268546,2,0.25987756763113995,0.1632612172300783,489,Electronics,Referral,0
b580fbd5-17d5-455f-a165-1d819dbe3823,11,36.83590646411692,47.33674886873959,3,0.23002031038116172,0.25429632439020516,696,Home & Garden,Social Media,0
a6739a0f-ca38-4b03-b2ba-aa3b3465fea0,8,31.524331122607826,69.30995320782696,2,0.2160306051469145,0.27818263030788676,1803,Electronics,Paid Search,0
34c21d14-06ed-475e-b474-841aa8788c76,9,10.0,72.76965764257358,2,0.6278319693441394,0.10280958704796316,1232,Fashion,Social Media,0
f631ba8a-6145-4a8c-aa4f-3864598c6488,10,10.0,94.64282204345797,4,0.11372228112086977,0.31888817185260326,1312,Electronics,Social Media,0
683b0186-8b8f-4052-bdef-3cd280bfec07,6,80.27190627979081,149.7891584000477,2,0.23606078313243017,0.4323485202230695,1099,Beauty,Organic,1
9ed62fc1-48f2-4a01-a19e-9b3d79d980b0,8,59.69740853697383,26.931309362006566,0,0.04514155274197831,0.3581218459418047,588,Electronics,Referral,0
94bbacdd-fb73-4b48-8588-2465cd3abe2f,14,10.098390541631154,2.6348181738680636,2,0.1535285424291907,0.2250742915491541,1232,Fashion,Paid Search,0
948fba20-6c67-4f87-8434-7a782b4a6f57,5,29.919384338407657,27.00659349363361,3,0.13886726752376455,0.4449145716415856,835,Electronics,Paid Search,0
b2d9ed14-2c3b-4f9d-b6f1-f3a83c56477a,10,18.679676857887884,66.81407147505264,2,0.05064393017081509,0.5680540044377702,1518,Home & Garden,Paid Search,0
36c1c00b-97e1-4138-b164-b79c345a31c8,10,79.12827045056812,14.40640350164006,2,0.051486173285430106,0.510690682256683,1042,Electronics,Social Media,0
7f560530-1963-4143-993a-a1d6f33190b3,8,47.37313720749996,99.63533140419548,1,0.3732866949490814,0.2910480248926574,1407,Beauty,Paid Search,0
871b3132-0324-400f-acde-e95e1f77eaa4,10,13.685214776580525,14.889565656362334,4,0.27072421484752573,0.39481131648346385,1548,Beauty,Paid Search,0
65c324f0-b884-4f3a-a718-fbdc9751a668,9,36.4591577184168,0.6068628427551325,1,0.04449353225607286,0.4659216682218644,1498,Electronics,Social Media,0
f2898b13-475c-4de3-ac00-2ebf9dbfa958,7,32.04404665340325,42.56644507315429,1,0.11011335941517773,0.2979121535642984,734,Fashion,Organic,0
52c26bd0-5604-43e3-9e8f-aa3782def59f,8,32.11433335908544,77.77878961435907,0,0.14997899369295578,0.3835883201242787,673,Home & Garden,Social Media,0
770343ee-a877-4295-9c5a-47eb34d822f7,9,22.018973025961166,25.815168677693137,1,0.10521697919610241,0.5592182268565317,1586,Fashion,Social Media,0
339de7ff-086e-44e0-a1cd-ec70334a2e62,13,33.77970854569586,82.91323708259723,0,0.21038658848766653,0.3813082234759421,262,Electronics,Organic,0
867a9113-8536-456c-90c0-ec4ef3d8086a,3,16.766521885271917,34.61838862513518,3,0.1856304934524815,0.5224408616615598,510,Fashion,Email,0
bcf67a44-275d-4e61-9d91-6688856a9eb7,9,12.803949452786021,11.303851133505638,6,0.09813478600208553,0.2602534200499796,221,Beauty,Email,0
d777bfbc-6e00-4e4c-9cbb-c41ec980a44c,7,12.21618867459313,5.695469242323891,0,0.10512344851080063,0.329605484732897,77,Fashion,Referral,0
dc4cb4ab-4cbf-408c-80db-93877c13fcf1,6,14.306532960106868,74.39406690407796,2,0.04704679544449197,0.4223667003931303,1124,Electronics,Referral,0
c1fa9725-d885-4913-8c2d-608dd065274f,7,46.42446130432039,29.237756603044257,2,0.2996536551351001,0.42511300110344535,1644,Electronics,Social Media,0
caa18c89-452a-4ba0-9d8d-23300eaac142,9,47.44530007398526,146.3550100046504,6,0.3788544287873382,0.44718467435792375,237,Beauty,Referral,1
905646dc-c753-41dd-ad89-a1d086ba640b,13,106.52931812042033,46.62500510627732,4,0.04259817297849802,0.2007583553110672,1452,Beauty,Email,0
e1084094-c771-4c1c-924a-83c050de9e43,8,27.583692706596334,25.702449312709742,0,0.04233387390787447,0.5420822966623179,692,Beauty,Referral,0
49a2b34b-a438-489e-8698-671c8d87d21e,8,58.03970560586215,25.75390199009591,2,0.20146496774735467,0.15750928220544583,1128,Books,Email,0
6d5e5c70-4c33-4d3f-bc9c-b2c7f9649aeb,6,34.386020141593654,8.454969140389633,0,0.4768792513671652,0.33428321540696504,1394,Electronics,Email,0
365c5ac5-9d8b-49a3-bd33-742ae8bf36e1,8,42.0844614646012,54.05297568290822,3,0.15420049555840837,0.5407442064662611,1296,Electronics,Social Media,0
699ea8af-9017-4687-9dad-fecbbceae150,7,63.22463022905615,52.36042631376834,2,0.07249397346275648,0.7457788205726555,250,Books,Referral,0
42d2ce9e-b775-41ef-b067-4eb27db7d3d3,13,52.75389795259086,96.56438235683719,2,0.24624831294301205,0.16553220162291568,211,Home & Garden,Referral,1
73f9f11c-5646-4098-9369-60dc5e7eb63a,12,36.11657827006733,13.47845248965731,2,0.5428842394895222,0.17594004702901786,1686,Books,Organic,0
84916210-e9ab-440b-8ad2-30a046d2153b,4,20.269945352626642,20.616186022243156,3,0.2571999453749818,0.580419808515858,145,Fashion,Organic,1
1e508210-528f-4b37-b708-274cd0236368,13,41.290759221356325,6.137777517782051,5,0.15390868725127077,0.42411759393691506,399,Books,Email,0
b402de20-ba57-4489-9d4c-d79b20e98974,3,98.63645659317484,21.002579238033295,3,0.22342416155105066,0.431124166587458,800,Beauty,Social Media,0
9ad3a968-c185-4c4e-ac42-a9d9dd453d33,11,38.101967370281535,33.527689655148514,4,0.07537069549318938,0.42057803127302673,1498,Books,Paid Search,0
b4901a63-e08b-41c4-bee6-4866b6879180,9,24.13654952690294,199.501542376232,2,0.22846662763194825,0.8634367775626468,1100,Home & Garden,Referral,1
fbb3bc31-b030-4a69-9325-d3ef0b855efd,6,63.887277556282136,63.51724362849938,2,0.15973237918998462,0.26114160010414056,1042,Sports,Referral,0
7031c2fb-010e-4ab8-bf30-d099deba2c78,11,10.93426337020583,91.63662752275343,2,0.28624808860335055,0.6609958671075273,1263,Home & Garden,Email,0
53ccc98b-1fd4-4236-8857-895019898df7,8,24.82961756528456,23.627895544130272,2,0.27125838144921516,0.23260722908245993,1464,Books,Email,0
ee078ff2-7da6-43f9-8172-084c1898f2d4,5,15.11035187964305,9.365049764642382,1,0.2851301875735558,0.3908520864210787,425,Fashion,Referral,0
b2525df2-7990-4d80-a3b7-31b58aadc836,14,30.048450499452166,17.800942589998407,2,0.21537454453188984,0.1994362888164418,35,Fashion,Email,0
aa08ae02-648b-42c2-8d9a-26845d3fb61b,13,89.76399972718316,17.780583524764925,4,0.34995495044479435,0.4431298458004284,233,Sports,Social Media,1
1b0e2eed-2685-4442-9adb-6b8ee069ee54,9,55.296173443010076,52.496739725150945,2,0.37563196794893616,0.5297066901339412,302,Electronics,Referral,1
ac8ca441-fbcd-4636-a1be-fbec8b5b5027,13,10.0,25.06481522535521,0,0.11798370443949202,0.26393882086295517,74,Beauty,Referral,0
a296380e-23a4-4f34-81d8-add09728cf13,5,20.186794323899274,116.8622284218841,0,0.08425390180871847,0.5310164536543189,1364,Beauty,Organic,0
a9595ea1-d4c8-42ec-b0d7-98daa20bf37b,8,10.0,268.1572196523605,2,0.23675266606939677,0.4984738276670488,1615,Beauty,Email,1
fd34194c-64fa-4cf7-b74e-74e50bdec0da,7,77.21790363232896,25.231533442716515,1,0.1867644304259993,0.305629060341014,1297,Books,Organic,0
e8daa120-23c5-4590-9254-e0dd3d1f488d,13,20.78073318239952,73.25905566606512,0,0.40761022467791164,0.21396377203290842,345,Electronics,Email,1
57665101-1693-4817-8c6b-76c10afe3bee,9,35.18832166305224,64.28666671034492,2,0.25359388117842163,0.47818048767162086,1107,Fashion,Paid Search,0
911ced78-2859-4762-8a85-36c4ab7b0874,9,36.570208694730226,12.974730437081943,2,0.26731939287411166,0.622591085116669,950,Electronics,Referral,0
710ba112-6c6b-4d13-962e-18bb88be7d09,10,39.043801679063066,150.06845112582772,2,0.2700269477118095,0.0942661595483164,1496,Home & Garden,Organic,0
ab8b6ff8-364b-4c8b-bd43-66c4198627ae,10,10.0,13.346821675707222,5,0.4140285048933347,0.31066125637361863,1719,Beauty,Referral,0
db3901d4-20c5-4414-b739-949f30f81924,4,44.20783117574054,80.12629575800385,3,0.01204102840503128,0.393684439442035,1356,Home & Garden,Organic,0
d8d8ec56-a29e-4c8c-a536-0a526fe37296,6,21.35379656389501,25.626731282488993,1,0.027760754345639915,0.31605175250229434,935,Sports,Organic,0
e093766a-f086-48b0-98a4-23f1c74617b7,7,65.14665447999964,27.444823378495368,2,0.2100751375323413,0.6136472957527372,933,Electronics,Paid Search,0
69e932d0-9141-4064-b897-a1f9329aab10,9,38.947283057442725,36.46762645244706,1,0.024636579931351887,0.34688411140693826,1474,Sports,Referral,0
8a58ce2e-c686-4267-8938-a8551bb7d570,16,54.89150921262474,119.93055114189076,1,0.25053351748872926,0.6272523159493149,224,Home & Garden,Social Media,1
dc8038ad-7c0e-4b89-9f72-c0211d14d258,5,18.494401781593304,9.06695327399698,2,0.12412582879600621,0.2026873694514631,280,Beauty,Email,0
71621a99-c8a7-42ab-b4b0-154be94242ac,13,13.421596784299666,3.36689891964512,1,0.08846724140606858,0.3925855729265024,627,Home & Garden,Referral,0
c8a595a9-a0fd-4ec3-86c6-a5f303c6d882,7,67.51025267673904,30.8539671848644,3,0.0992832051108525,0.35504770230717025,1363,Sports,Email,0
61a5aa5a-9ebb-4e8a-b4fe-4ede412d3fd5,11,51.97296107005602,3.4313817464272236,1,0.34379868398563895,0.084823752962298,121,Home & Garden,Social Media,0
92ed5b32-68bb-4eb7-bcb7-473e269dddba,12,39.55814150129577,69.80842126253707,1,0.11261251705840254,0.3374183247051542,629,Electronics,Social Media,0
07723ae3-d984-40ce-be9e-b8e06cd9736f,4,39.51267553747842,85.70830518338514,2,0.18307266445208226,0.3778017987772156,582,Books,Email,1
b1621f35-dec8-490a-833e-677b3e4d8d79,11,46.36301657512917,115.74240099655776,4,0.09136357223032958,0.5373012682556276,886,Books,Email,0
72d95968-d6c7-4f6d-b6a5-e31e33f3aef7,11,11.777521138670235,81.71770774282443,1,0.16690104259916078,0.4705334994374691,846,Home & Garden,Email,0
2690a65d-1952-4c13-9aff-8a847416a76f,7,78.29269866211322,148.8678307613069,3,0.18208640680810706,0.13243419220936214,1304,Books,Social Media,0
7a73bb5a-0160-45c3-a5df-82d8c03c26ae,3,29.27562940366028,82.7713102447133,2,0.12298030359071642,0.696053088920243,1142,Books,Social Media,0
822b0ed0-6bd2-477c-85b0-02e84bfe8b9e,8,29.951213943794336,165.00328606111682,2,0.06037559710023736,0.5402898562271388,1647,Books,Social Media,0
54b98fc4-f73a-4ad7-ab09-2b779ad270c9,5,23.700768181098507,12.874134695936412,4,0.23888314724300877,0.27947784317441327,330,Beauty,Referral,1
02a6f9b4-2526-427c-a768-d474dedaaea5,15,10.0,41.572409025227635,4,0.033769396854896515,0.2638402365203073,789,Beauty,Email,0
076c63e6-0127-4f36-87d9-56dbe460c25e,16,52.46559663072176,306.2697286178617,2,0.4463540199183256,0.4770045863132209,730,Home & Garden,Referral,1
5af7a80d-43bb-4d29-8daf-40e0cba6ccca,8,14.898928897591295,68.66269831167645,0,0.16415244965666212,0.5413607732789049,206,Books,Paid Search,0
312f7a1c-abc2-479d-ae27-272e075a557b,12,36.1055502708469,126.54018936940892,2,0.10053661685105666,0.3981645536811941,301,Sports,Social Media,1
1f9210d6-3b2f-46c6-9d6d-b123656829f9,8,17.18145533606009,1.8519157762577234,2,0.08735348280081792,0.2635230009187539,615,Beauty,Referral,0
bb1acfda-3075-45be-9981-0fd5e1f18488,12,25.15808659090109,123.23012304636576,2,0.39647750706096585,0.1187111107045294,1341,Sports,Social Media,0
41fa5770-220d-4c35-86d9-c53c0e6af9d4,10,24.063052084955586,71.78274946510979,1,0.3741927428971014,0.3412742561702571,274,Books,Organic,1
a82d1606-8796-4488-bd88-902fad409bdf,12,16.866451598756278,11.234409244252864,0,0.29665904271667687,0.24361519745655397,484,Fashion,Email,0
2227f483-f4b4-4e00-af2d-5dd26ff53bd1,9,27.640534399434443,1.5609881301400599,1,0.2014935759475505,0.0925466255401622,1234,Fashion,Social Media,0
f8bdb0c1-5df6-4271-88ab-9872f864058e,9,22.539560202657558,18.060352737399505,2,0.07418766568506607,0.6356242983689688,1089,Sports,Email,0
623dbccb-8e56-4851-99f6-424f7822a87a,13,14.40576003306198,148.45464037603298,3,0.19952790322099853,0.47602566326654805,191,Sports,Referral,1
20affaee-a479-4934-a398-60f55ad5c57d,4,84.63065854265258,66.1812484815719,2,0.1351303714608357,0.37276987837468933,1722,Books,Organic,0
4176e4c5-7810-45da-9c83-b8bee0024360,12,17.441417200585448,151.1468622279868,0,0.06931108499642596,0.26986656432553946,271,Home & Garden,Email,1
bb940ace-b0e6-4d61-a8cb-4968c23c453b,14,51.91767053685878,35.451767990834355,1,0.2960968929614664,0.5795120899033535,113,Sports,Paid Search,0
1b2f0245-2759-4f6d-9f21-69ae5024ff40,5,56.51979250275757,165.52313271170487,3,0.0619751408777579,0.1335113183776557,555,Books,Social Media,1
b20eeb5c-83b5-4b4a-a3ed-8826ccf24942,8,69.34858863461064,37.30094134196812,1,0.11350170137838952,0.19550980125493223,49,Sports,Email,0
bb74e23e-767b-465d-b740-5f277b4bbf73,13,21.404739539557333,13.708568994067655,3,0.08521822480387586,0.6827437011238919,57,Beauty,Paid Search,0
95ba42ab-464f-4b17-a3b1-8c2865858894,9,28.247595972459564,9.849578661801257,0,0.12967837208053523,0.23420412068776136,1056,Sports,Email,0
532efb69-1cc2-4ec4-9ab5-9c6366be335d,8,28.954530646495286,305.106787956648,3,0.20097687543897047,0.3285154043643675,1629,Books,Referral,1
031cd85d-5694-4584-b5cc-82945da7ed0f,15,50.48981269967799,24.375564941927212,1,0.19221718915490493,0.4775331498982079,735,Books,Social Media,0
514a68af-76a9-4bdc-a740-5ea3a12f78e9,9,27.278567961043223,10.464990870920932,3,0.2015943831151607,0.5752855505995399,552,Electronics,Social Media,0
a7036213-42f4-4872-96af-f1c6dd02ab73,7,47.788445693379934,0.5066388700442365,3,0.3926496218122051,0.24385532172687166,1669,Home & Garden,Paid Search,0
e93d00bd-4e93-4c98-85de-67864107d60b,9,26.987300897142774,20.17617901708092,2,0.20029916728254943,0.3078564752934461,113,Beauty,Organic,0
1915acc0-fdcf-4eba-9c10-deba7e62996a,10,80.94394932290851,131.95631785355818,1,0.1780650215753273,0.3356595049075413,864,Electronics,Organic,0
1ef9ac22-256e-4e0e-88dd-4207f5daf935,7,32.80580489976999,45.8153787905976,1,0.2187080610342892,0.20306884075542914,461,Electronics,Paid Search,0
093d9a6e-3ceb-4b4a-b1e2-4d96085fb229,6,29.794506129206546,60.051314723994494,2,0.09966950924266066,0.38884509914195614,697,Electronics,Email,0
1457d97d-7c61-471b-b638-277b0e56a6e2,11,43.44979852224508,153.36439306666665,2,0.357044603535166,0.49745139173345926,750,Electronics,Organic,1
f85cd5bc-91dd-463f-a42d-57a06403c5a2,11,122.53543307828137,43.14974997962517,4,0.13642709418156718,0.36864115633030015,995,Beauty,Social Media,0
2a129034-cd39-46ef-9899-ad324d2065df,7,20.406465317660814,109.31327286212932,1,0.24885295948350147,0.5209040823674254,827,Electronics,Paid Search,0
751cb151-650e-4189-b00a-fa4a249892ea,14,76.06133058298002,23.478936196968128,0,0.10091513957915546,0.3025134680679464,1803,Beauty,Paid Search,0
2267a554-ad23-415b-b686-cf189cc5f047,6,17.217581305236898,226.60198311053603,3,0.3043922760438093,0.43325354593691207,47,Sports,Social Media,1
73eea5fd-2a59-461a-8bab-8693167c4bde,8,34.297186279803654,4.925590284602078,1,0.09529125201337081,0.2996586957129132,1382,Electronics,Organic,0
7fdb0afe-9d1d-4bfc-b453-fafc12ff5f8d,7,17.534659492421696,77.42186796925121,6,0.30645216350265053,0.26691073526181036,94,Books,Referral,1
7d216aa0-9bc0-44eb-bc6d-1208a14a315d,20,24.605017566984372,64.82859595417051,1,0.031085281436477905,0.8718268491115387,787,Beauty,Paid Search,0
2e291f88-5060-4052-9f5d-241cfe8a3b38,6,19.24330389391595,12.767205054969024,2,0.0903219961584734,0.33573719450506323,369,Home & Garden,Email,0
64e3fe27-ae4e-40e2-a769-8e130d736637,12,57.89170098092972,29.544181881758682,6,0.5576868056707286,0.6411817584691342,1725,Fashion,Paid Search,0
60112f64-b4de-4b70-a8f0-12cca7ae4673,12,22.246944834173636,22.510336762450617,4,0.2942181683484639,0.2802078209729213,1318,Fashion,Referral,0
d130d119-d05b-49e2-b340-96190c8acb4c,9,50.61083132962707,5.955607544726955,1,0.1273000481734643,0.28752041141513074,845,Sports,Social Media,0
057c6ad4-ab1f-40fa-85ae-d565c11c145e,14,21.726589258135544,52.73796606533986,1,0.1569991538038555,0.2959601115436668,1737,Beauty,Organic,0
6fd93c73-571f-42fd-96c5-511b736a924f,5,32.96905244083763,303.74583875012553,1,0.2805421551572038,0.24855076925367578,1316,Electronics,Social Media,1
c416e2fd-ae0e-4fcb-8773-5c20a3904c80,10,106.28017662532528,49.20269680946814,0,0.17657359391279798,0.2561122168896946,1737,Books,Social Media,0
a5c8dcf1-11ca-4f4e-94f1-0364c85cf658,13,18.239817599055236,47.28175482914439,1,0.3729773263236153,0.3041741811189636,1286,Fashion,Organic,0
9703c8d4-61dd-4ab9-9a15-878425fe9aee,12,18.51863246085361,2.4689295850981745,1,0.09768176039469825,0.4858450156868077,142,Electronics,Social Media,0
5a027f58-2f45-40f2-9a27-31f42145b2c2,7,27.19500232943368,8.994995012110959,7,0.21236845703422844,0.3900974105289366,1125,Fashion,Social Media,0
ad53243a-b3bf-4596-8a53-b0a24e24920a,4,32.65293815442511,43.19646792461712,0,0.2134290755615567,0.4860634505940752,1789,Fashion,Paid Search,0
a99778ce-e118-4354-b6a9-80b9c20e42a4,7,54.41519006472442,252.70084680847285,2,0.24305181682335486,0.47273383769941907,391,Electronics,Email,1
0f4f3b1c-33f9-4cc4-8213-b08b92ff64c2,6,34.274029655084995,125.54321133314136,4,0.15838316654216303,0.3331809930167862,1446,Home & Garden,Organic,0
1dbc44a0-efff-4f01-87b8-87d9e0a5126d,9,40.292190745399914,24.949940684089043,2,0.14948240405424937,0.20896115150954642,337,Home & Garden,Paid Search,0
3fb0abbf-2648-4620-b644-9c9cbc1f4cde,8,13.151528669652283,46.9848718298618,3,0.19103220332191778,0.5192773629141005,825,Sports,Referral,0
6f2bb46c-69a3-4f94-b4f3-7ee0fae55cee,5,42.150848843001874,48.27184420242663,0,0.4297570380193845,0.3888850339774748,155,Books,Paid Search,1
f9871946-1b09-4466-87b7-5011636d28b0,6,43.06199001943888,69.3796859017781,0,0.13427768449262545,0.25654038610907276,622,Electronics,Paid Search,0
257d90e9-9d5d-4422-b257-fecfcb1751f6,12,56.67199493229499,69.84322495788727,4,0.3456117857709407,0.43948024710264144,1416,Fashion,Social Media,0
347d987e-49ea-4f10-8c67-f02bc098ac5e,17,25.465343834282994,93.5796051372629,2,0.35442375064890375,0.20857968402738397,83,Home & Garden,Email,1
c5a9e1a3-4e30-4f0a-9880-fcc58b083f7c,12,32.93752823036528,1.5172854187630789,2,0.34036883670402135,0.7939377296747447,585,Books,Paid Search,0
bc15102c-47fe-49fa-95c7-483ca1eebed8,8,58.269885136031064,172.60253712215453,0,0.10831899105971234,0.11502837300770527,1149,Beauty,Referral,0
3e3490b0-0a34-41cd-aaa4-618e02dfe658,18,14.197791486216586,4.358244670675442,2,0.12820066377879752,0.3131592508375641,1731,Books,Social Media,0
fa2e6fcb-1ddb-4ec3-a3fa-23b1f02c6dc8,10,10.0,38.79415185639724,4,0.2652631384489239,0.3404771148569374,448,Electronics,Paid Search,0
23e52456-c6bd-4974-b385-e0181a51deba,11,13.637738476647417,151.22900275694698,1,0.3308195628396297,0.24407638697258946,316,Electronics,Referral,1
13efde09-85f8-43d4-982b-fba87c89c610,11,19.856752709631785,40.1270427078675,5,0.24563011098007392,0.22362491177925803,372,Electronics,Organic,1
d6b49e52-65b4-4e18-8c19-4c58cf753494,8,78.09490901061383,3.945112808517814,3,0.27860057747875633,0.40089753318295024,432,Home & Garden,Paid Search,0
42e97b7b-70f4-48ad-922c-e5c90b566fbe,15,167.9055550371084,15.62269581773139,3,0.06895176471386945,0.414679277087189,1165,Sports,Organic,0
11858277-82bf-47cd-b44e-442d3dfbf3d2,11,15.99771089031219,51.859872208187156,1,0.09198331089333527,0.5647981538746559,1822,Sports,Organic,0
daf0969d-b88a-44fb-aeb8-e44b53f402f0,8,30.95845322898279,5.51781393950746,4,0.07844433007173142,0.29697901289797646,956,Sports,Referral,0
fe77abc5-fa11-479d-9f60-1d49683c9b51,11,21.726088074131646,33.06531762069408,1,0.15933094522158633,0.33756329538593793,496,Books,Social Media,0
2fd308f7-8845-488e-ab82-8385de4d1497,9,48.66480502073791,23.94750884913498,7,0.2279520876415091,0.4358860823043459,1363,Books,Email,0
cccbafbd-afeb-42c0-91b0-ae614dfaed60,18,41.42632445600613,101.31134380389763,3,0.11415807159334572,0.4287144643212491,289,Home & Garden,Email,0
8ffa6bb6-c935-4fb2-96d9-fc197fa77e87,9,16.423821464463064,7.000924353966278,1,0.35700426399461804,0.328243267509984,55,Electronics,Paid Search,1
70df0f50-9f02-48d1-8336-8d8cb817d143,7,20.14759440318496,68.89307419362193,1,0.30549015976761623,0.4090484593578562,1105,Electronics,Referral,0
e02d0710-5ce2-4dff-996d-0835e7b35b53,11,29.535223227712123,31.312089209542442,2,0.3592853202084328,0.2637741644218782,384,Fashion,Organic,0
c32ae683-69fc-46de-9852-36141194a3f0,5,88.60624898595118,53.16761809044363,0,0.5016950797408843,0.5759617517735411,729,Fashion,Paid Search,1
41e4bfe1-e62c-4135-81ec-b00a9a12e280,10,19.628202873619017,13.804937018144905,1,0.10111642676089742,0.3660427066323232,422,Fashion,Social Media,0
836a4bae-cef1-43af-b4df-7d69860a3e35,10,10.0,56.4509427410806,1,0.2075478471927604,0.24324520819617076,1675,Books,Email,0
83c83df5-d36b-4284-bc41-1e5839145900,12,93.91762836244317,67.24737474838318,0,0.12397300773698208,0.39643066395857024,617,Sports,Email,0
a274a8ed-8d61-456b-b9dc-3bd5f6657024,11,49.2955861052387,4.3691830858965695,2,0.025441840150145435,0.34635898295810874,820,Home & Garden,Organic,0
e3a70a16-974b-42d4-98cd-37a1ad905757,12,13.061782916867577,104.35375592107715,1,0.1604274174962559,0.34898204054773724,429,Sports,Paid Search,0
767d3796-db6b-4f03-aadc-2a2cf50a402a,11,42.31214968880936,118.50667015396287,2,0.5860000412675205,0.5280586791326426,155,Electronics,Paid Search,1
b13adb56-5579-49ee-be71-2f1ccb74fc85,6,63.39176036930201,3.9398087836753257,1,0.46262459611412526,0.1718102675237609,935,Fashion,Email,0
d9af87af-7822-4632-8585-2aeeb5e08372,10,35.694492895937124,55.45748232333924,1,0.13095871185508845,0.3943629733165629,1585,Sports,Social Media,0
bd211690-2669-4f71-8872-af22399251a5,6,98.5004866069233,54.08582624681645,1,0.16548172357364063,0.2446316900491823,642,Electronics,Referral,0
85981872-4f26-4e0b-a968-9712e5ddaf8a,5,51.63824178009329,0.7522001118031052,2,0.1299337458075394,0.21853796386927857,1425,Fashion,Organic,0
66758b23-8ca1-46f4-8bdc-9cb611cd8039,11,42.28347673670104,25.144617076008878,2,0.1323798301822012,0.544013961252819,60,Sports,Email,0
aa50dafc-1816-4ec1-86bc-7b66608ace3b,16,38.98228286538291,208.28260978768216,0,0.19993300976767056,0.40576919028594827,430,Sports,Email,1
55199806-8317-455c-8e25-8e338d761460,2,36.91860008345349,48.641666197151665,1,0.2860371918558043,0.3849790315970628,240,Sports,Paid Search,1
26b6779a-7bba-4762-bc1e-926c9727a343,14,66.85020747834479,162.37373410786427,1,0.2384687029760858,0.323927979294853,735,Beauty,Organic,1
686459d9-11da-40a4-944a-4d26336e39f0,11,29.38059211647786,67.55493368346137,2,0.017279135904108366,0.5103013953991701,1632,Beauty,Email,0
ad464463-dbf7-47d4-99cc-b56ad8c44295,7,70.78354895532496,1.7280793782835375,0,0.05906688721162881,0.1124148861505857,682,Fashion,Email,0
6941faaf-a09a-4398-96b2-a427796f573e,8,42.50195608635423,4.853942326368059,2,0.14106505436417036,0.3845708717241266,1101,Books,Email,0
8f1beb87-7fb2-4702-831d-ea5745490a7d,8,36.0335308474715,76.8466858148533,2,0.05850257446895557,0.15352789774540446,1639,Fashion,Organic,0
c5a56f07-1bac-4b4f-a42c-71b0e3aaf23b,9,25.882567533459145,48.52261263501968,5,0.09494506799362384,0.8276182059178065,657,Home & Garden,Email,0
edf00593-d7fc-44f0-a176-536f93c3480f,12,26.076897295935886,8.159607977940432,2,0.15365145213306386,0.46114781206403993,668,Beauty,Email,0
94e525e2-5d43-4f63-862b-0e1132235f03,11,42.74343491936416,57.12481811140048,2,0.0917476976704995,0.4696768728159819,161,Fashion,Paid Search,0
bd3de59b-c2d5-46c6-a786-98c63f54f49e,7,74.47643314994038,99.73468654395165,0,0.018725382545401507,0.26700356148531335,637,Sports,Social Media,0
400fd63a-dc77-4a2a-ad99-5f00db2a9534,8,49.576620278989566,83.8977487090589,0,0.22093906946886857,0.20422897468183324,1361,Electronics,Referral,0
3cbebacf-4904-4536-a24e-66ca77868501,9,18.698108983893956,16.95470390540666,0,0.04188176570688792,0.4686939473285018,1541,Electronics,Organic,0
02d4ebe7-9e68-4bfc-bc3e-8ec7e08f64a2,16,10.0,17.920129718299272,2,0.031595973062760456,0.3144858503617926,1319,Sports,Referral,0
77610e9d-99e7-49ac-9023-724ccd927584,11,59.84791217981823,206.2178152612719,1,0.14661615424669772,0.24224953608131997,13,Books,Email,1
949c13dc-e29f-4da6-9573-d611959f542a,11,283.2626673543311,131.0373727247207,2,0.12906271100912114,0.5129755985135694,214,Books,Social Media,1
7b636875-23ca-429f-b0ee-c6c37953cf4f,13,26.557469310250205,22.993220365877214,1,0.26006316928622814,0.48415409915423385,1334,Fashion,Paid Search,0
fbb9d740-15ff-4d19-8c08-03a56cd80039,9,22.853615439722436,104.25485593633046,4,0.1939035019714287,0.1822528664179069,1719,Fashion,Paid Search,0
00b17b82-4704-4289-b372-2a93ceab06ee,11,63.84261835989297,10.585512608498458,2,0.24489477122155479,0.6693349062472508,1269,Electronics,Organic,0
e0020957-b4c4-4bb7-a05c-013105a37252,12,16.631417420805533,13.152162199459587,0,0.1555843874947916,0.25945934223979134,413,Sports,Social Media,0
87423dbb-8c9f-4919-8a6a-2ec3dfd47e63,6,109.61329631101695,11.994636346203409,2,0.12924126250642706,0.30906235529548803,197,Sports,Organic,0
a7a669ab-29d8-42a6-961b-de5657c1ea92,8,46.05554440954583,5.508550081154862,1,0.24263149524266162,0.21222939011247918,1600,Fashion,Paid Search,0
da79fbe2-7b99-4033-a2b4-ce8b189b3d9a,14,32.41789154061153,115.72824649988098,0,0.06230432325561178,0.11629089909796321,181,Home & Garden,Email,0
d131f8eb-58c7-4db7-8ac2-02dfec5cab32,5,17.826886877622798,51.879832581610174,5,0.010843823108941858,0.5287392553898256,276,Beauty,Organic,1
b8bbd244-24d3-4f6f-a1d7-8c397a5db403,5,67.06452380695936,17.98172406284265,5,0.06603817994415652,0.517942220317695,1089,Fashion,Social Media,0
18fdbc03-47e2-4fc5-a257-255172e39470,8,23.2113679727108,113.29160977886089,4,0.24851378285562364,0.2909447157748447,347,Beauty,Organic,1
ef4a327c-0994-4e94-b6af-340df63aab70,8,58.40326215598238,97.36560338394781,4,0.18660619256235553,0.21192323599986462,416,Fashion,Paid Search,1
9b446ab1-af0a-4692-8f5c-dc706c7a8864,10,45.57099665733241,6.385099037816101,3,0.18551290418216745,0.3670032174260379,260,Books,Organic,0
7f3048aa-58d1-4b9d-92f7-117bb67b0a58,10,93.05021516143312,61.99296744248922,2,0.02894872663379446,0.5291789716629692,1723,Beauty,Email,0
090f71dc-7ed1-41ae-88f6-5e83fe368394,6,37.60669694710846,76.77214732150775,3,0.10150710536437005,0.18155560056408382,228,Fashion,Paid Search,1
03f9d23c-a409-4234-9844-f824727c0ebf,12,400.6460729242043,75.49039543197236,1,0.22280541397478715,0.22248058833052367,1699,Fashion,Organic,0
87393b65-b69a-4b3a-88c5-0a68a2569558,12,51.623511775895224,77.05518578157722,2,0.16055265528725576,0.137989779023151,595,Home & Garden,Referral,0
72421a3e-4b84-47b1-b408-9859c8a51acb,7,37.226318894668445,11.140591270637277,3,0.097099493827642,0.25819446800285656,1499,Electronics,Referral,0
a777d32e-fb0f-4d6e-b5ec-7df2abb1cbc2,9,24.258424132223066,22.707759557789,1,0.26169777761869834,0.3132524495856359,1733,Electronics,Paid Search,0
2d644d97-0797-4cf9-a515-79002c484ef1,12,66.77551211396612,111.54265273271336,1,0.13036396634078176,0.19057289779957245,948,Fashion,Email,0
53480083-a264-43ff-8b7d-56c244b0c45a,8,24.697784029333874,137.19783291518632,4,0.10687825081654649,0.35929153474031167,1405,Sports,Social Media,0
3bf2ca41-12ec-4786-966b-2465b0b24068,8,17.825626467292018,19.642689276697624,1,0.17665873797597725,0.3727023450669772,486,Fashion,Email,0
8835f2e2-bb5d-44a7-86d3-1d210096acaa,9,22.76108388929179,1.3973161653487027,1,0.12644646485725658,0.7155196173290337,699,Books,Organic,0
ca29931f-c40c-4d71-89b5-fdd8a4db8fd4,12,28.3968110415901,117.86697463736928,1,0.48352070411514503,0.5171122950676927,1009,Home & Garden,Paid Search,0
5901d5de-80de-4a34-8ded-173965a63f11,4,200.3021984154067,28.401370998014034,2,0.18539559712885675,0.5061019997268712,1552,Fashion,Referral,0
73a24220-8e90-4050-87b4-3c7997227b29,9,41.845256020780354,23.980633452611393,2,0.20939915401738274,0.31816275227003077,1133,Electronics,Social Media,0
ced36e86-3a57-4165-b165-1994975dc554,14,19.515239697405075,25.57065955098287,2,0.17365793439046273,0.40115074645826526,41,Fashion,Paid Search,0
47bc247e-3553-46e1-b1e0-5c159d8df9f6,11,79.12547681185885,32.24007655447994,0,0.017418874776547178,0.20790627143916532,556,Beauty,Paid Search,0
72384cc0-83af-4886-864b-eb455f82b9a1,16,38.505744099207,28.51463581913368,2,0.20478240153556074,0.42511683793984506,1578,Home & Garden,Paid Search,0
febcd661-d870-4fb5-98e4-afbcb9e9599b,7,93.29912646198783,50.14224559412029,2,0.16955707720575752,0.26490980179914947,439,Home & Garden,Organic,0
048e5384-da91-494a-930c-7cfbb7b489e4,5,152.84223430316632,4.933824038163739,4,0.030805412633868115,0.4232789664847776,672,Sports,Referral,0
8fc856c7-6ded-43e9-b781-85d060b5aafb,7,10.040143329032539,213.55575082612347,0,0.029137358404766,0.19711685127622455,711,Sports,Referral,1
96746a0b-4068-4291-8e52-9ca229fc1e77,11,10.0,165.35667357371716,2,0.2671301124456355,0.3615802452459778,282,Sports,Referral,1
0f58241a-bf88-4884-96b3-d159da12d23f,9,162.90629397452759,163.45685451141406,0,0.14778142631603366,0.22405274483885237,639,Fashion,Social Media,1
290b6cc1-2641-4e22-84d3-463a88e070e0,5,19.108668108880735,126.85570700917252,2,0.2045833352965634,0.16229857392907862,1491,Electronics,Organic,0
a6c15484-146f-4a2a-95ff-355b42f51725,6,10.0,64.78619006939057,2,0.4765685648910206,0.5622048252169338,1549,Books,Email,0
f205139a-6f41-44e3-859a-747b7be56ea5,6,21.760788324876323,14.993016270165645,3,0.17468448575436687,0.16282985747025508,1060,Electronics,Referral,0
8298c82e-76e2-4c9b-b8af-e96b1602c6aa,14,15.270323614820713,3.044984663817274,2,0.04247755634013119,0.6125865995546566,1239,Home & Garden,Email,0
b37af466-0f75-4f74-a5da-086c4be73714,9,17.849690048910475,6.276385655340739,3,0.27189209565635836,0.6092711387016456,976,Electronics,Paid Search,0
6fd540b5-5e93-4010-a406-e039a74e992c,5,65.66688433729045,23.49306654089521,2,0.38217165385771884,0.23221482804590324,81,Fashion,Paid Search,1
866a1391-b86e-4b18-9b26-b1019ae2c95c,7,24.840673526348034,42.05661266208566,2,0.14397986926583833,0.3566719801208655,1271,Sports,Paid Search,0
f5d53a3b-75cd-4eae-a4db-02d486250354,7,10.0,299.9200720786238,3,0.21988045925880173,0.46767823897632604,1818,Electronics,Referral,1
2b91a8de-6c73-454f-90c9-93fe89601412,11,33.98883475174109,34.30288783756478,4,0.22542925402081201,0.36549791415497185,416,Home & Garden,Paid Search,0
44d19d04-d552-4caf-9f45-df2dc24b4cac,11,16.761400359435438,44.62174078359569,0,0.0913120464736591,0.19981576502493242,1792,Home & Garden,Organic,0
8ad2d49a-f5e6-415f-bbbb-50a103fa4be6,8,27.1267910617015,71.27755199249462,5,0.40897229097899707,0.2598150071250923,1820,Books,Paid Search,0
9f8c3873-1d10-4e80-bfb5-c3d54675ec36,7,28.397932827675085,11.9607855278629,5,0.27269890469518715,0.12302333401662784,259,Electronics,Referral,1
d9e1fb1e-fca2-471a-90da-8b8c39b038d3,10,65.13003613138996,162.02903526972142,2,0.08599261810352948,0.34330532569616573,1690,Fashion,Organic,0
369e338f-0b02-497d-8bb6-ea4155c8c522,11,22.102476624243835,45.17823964750956,1,0.3504219047627679,0.20211536129459232,1233,Home & Garden,Referral,0
92cb4092-2fc1-493c-8ea5-8334daad58ef,12,57.87159702863877,19.399081068252343,0,0.11614342095923266,0.18846111549456201,851,Books,Paid Search,0
7f3d40db-ee14-4ccd-b0bd-fc707cce4161,9,10.0,164.10276775488504,1,0.18416188027927186,0.5399912534579796,629,Beauty,Organic,1
ed17d875-e164-46dc-9b62-f4358f9a1192,3,67.96628238961839,58.921897503714554,3,0.32748336622333435,0.6221440025646338,1149,Home & Garden,Paid Search,0
ad2eff79-9c8d-406c-a26c-5aab586554c6,9,93.61065950368767,39.66284389067607,1,0.258567921499113,0.28198351116374826,1538,Books,Organic,0
304db9f0-10b0-4971-873d-1e2d980a79ab,2,27.544748491315207,52.072311048845194,2,0.2235795344427458,0.44632450638159743,63,Home & Garden,Email,1
51eb5ec0-1a1a-4c4b-9dd7-e429d7fa1531,6,17.203757399148344,82.77157155324278,0,0.05651102926230457,0.16848431135968353,977,Fashion,Organic,0
7cdc4c88-24b2-49c9-9f2e-c14aaefe0a96,11,13.984076508282095,10.072323590502082,1,0.33334394637881065,0.29183207193999633,1187,Fashion,Email,0
355f533d-f804-40c6-af91-34d4701efd9e,11,32.447077269446844,120.07351319239548,6,0.18714683887298444,0.2522722918438694,47,Home & Garden,Paid Search,1
d222b2fa-e17a-43c7-baad-b1fd5b8ce424,10,87.60670492879218,192.39728847124786,2,0.05625106746726782,0.4309576427967046,1622,Beauty,Organic,0
e68fe6c1-52e6-4f7d-8060-f735dd912699,14,23.55592709584967,50.22100480245752,4,0.24053071538703388,0.44083572750413147,1737,Beauty,Referral,0
c546da5d-632f-4c3f-9f80-1a9bbc4aa72f,8,80.57220968796412,68.79335871662349,2,0.1858757428814744,0.31798236998838786,1118,Sports,Organic,0
0166888a-0cb8-49ae-a97b-8d3a5f6b901c,8,13.182537168005753,117.89544843891315,0,0.058529770717131335,0.22974476941975966,214,Fashion,Organic,1
91b3f460-1afb-416a-a9cb-7bb1e263f3db,13,24.99724620100606,28.182041124255363,1,0.09428960490491797,0.2552823500751297,1701,Fashion,Organic,0
c164cfa8-16e1-4fd2-a3d0-4a3da716109d,3,31.980398634257103,296.28599927892566,1,0.16126334448968363,0.3905585691861813,1469,Books,Social Media,1
f6a26890-0841-42a9-bec0-c0581a24a32b,10,39.374401593241835,68.46013745725914,5,0.2898435130899038,0.1408046455093904,53,Books,Referral,1
7cee5d46-5ca9-4e15-8c4a-c47e1c7f7e41,7,25.375696027293372,33.09872150961775,1,0.16517704674201525,0.39983378051100643,1057,Electronics,Organic,0
b4473b13-15d8-4281-bdcb-24a3ec26a226,11,89.7757276218663,67.86899194876565,1,0.3496899547685994,0.14388784367764867,209,Electronics,Organic,1
be0b68c4-a8fb-4ec5-9a05-a7760f41e455,15,90.9104573928533,44.248522943023566,1,0.16474476172068833,0.6332781013306158,258,Fashion,Paid Search,0
4a42e39a-2f80-440d-ab9c-3da6e4d71fd9,13,28.793326607718832,7.102798906435806,2,0.09847715569662804,0.29769593651388576,352,Beauty,Referral,0
1f2f4574-8433-46ea-acc8-8709fb1aa5ae,6,21.836931303198693,95.33851393692646,1,0.2838614970919855,0.2868429745437572,723,Fashion,Organic,1
a73a15b5-567e-495a-804c-468c8af1f163,10,20.48448831951501,49.85848976815367,2,0.5756406388704776,0.5038549841364728,1599,Home & Garden,Organic,0
759d0306-768f-4d67-9f7e-45abb3625ceb,6,75.75567036107086,95.33271013947848,1,0.04932978418373121,0.5729132266390466,57,Sports,Organic,1
81ac4ed8-c88e-40bf-a128-8081057577d7,8,19.452731739083287,10.09886666831019,2,0.07558589058693319,0.14942933809613065,1258,Home & Garden,Email,0
5283fc89-1b1e-4fcc-abbe-6842f5acea6d,15,10.287071872459732,46.37782521233239,4,0.14249128128969749,0.2192991274958731,1760,Beauty,Social Media,0
ca4c3a71-6fe8-4cc8-a9d1-33f857634a6e,11,11.591515092888834,87.30633351566863,0,0.2803993901592337,0.2703651607560706,1170,Beauty,Referral,0
bae8a919-e1b7-4856-bcc8-9cc511cdfe84,13,56.46272000901958,266.91341434663764,1,0.21186778631904044,0.13303757261236943,1488,Fashion,Email,0
fd2bb08d-9278-4f00-ba3e-b6054cf6b50d,9,11.108522451188355,129.4557457404153,1,0.20247356383923035,0.3167732372671844,1645,Books,Organic,0
95b6bccd-6838-483d-a673-e5355b9174b4,10,24.067516029310084,119.86046943626701,3,0.2791561807280176,0.052862960401611654,1304,Electronics,Referral,0
b868ec6a-493d-441c-b70a-c6b1b769be80,6,35.93554455734467,17.0580786719506,3,0.12264238230088728,0.5886436476523397,1204,Beauty,Email,0
f68b4712-02b1-4a05-9be5-34a4ee74347d,8,10.0,109.20383382528662,4,0.17128393553176105,0.3376456234135442,33,Sports,Social Media,1
82dfb8d7-eefd-4cd2-8ad1-08e05309a3e3,12,38.31410431906673,11.127841333322003,2,0.07532578686649936,0.2810750378576326,947,Books,Email,0
4798d6a6-3a0e-4628-8fe3-464bbf0b7bbc,9,25.542534146263197,13.24685551200952,3,0.19525091407138143,0.17351253852742032,856,Fashion,Paid Search,0
d8b92857-f2f7-45e4-970b-53b0273e5d17,9,10.0,6.999899856319362,3,0.34455640549213107,0.26675272443368875,954,Sports,Organic,0
736a7f94-cee6-410b-aa4c-a4c401a44f01,7,38.713195856932494,116.94545504016335,0,0.19184059162412614,0.43376609509319913,789,Beauty,Email,0
4347b9a9-51ba-4d90-a8fe-22c582c1cf0c,10,45.45127187016641,6.8744698220250005,2,0.32288508405388777,0.18002731716971068,1654,Sports,Social Media,0
d41acbda-7a60-4a30-9245-0f697eb2982d,10,38.387864591620264,8.91776061193451,1,0.2799983390745462,0.34378125795944614,1622,Electronics,Organic,0
9f0fee32-62a0-4322-a277-225a8350bf77,9,49.573141903107434,16.932795230857153,2,0.07687592867258776,0.534149885618995,230,Sports,Paid Search,0
9b8c454e-4f7e-4a54-8f3f-3cdfbf0e7c72,9,40.71082765335675,51.010858029782405,1,0.14405312171071374,0.369210421802334,972,Fashion,Paid Search,0
6ef2239c-4d0d-4473-999c-e3fa3ce04b42,6,59.389752298011416,127.30597252903888,2,0.33739629208386623,0.6690174120857172,1751,Electronics,Email,0
f45f16bf-7d56-4a4a-953d-dbce8e005496,15,15.538335603388068,32.500615646989935,1,0.3621629895132526,0.37260965220342324,1092,Fashion,Organic,0
d92dde6a-97e3-44ae-8a7b-d5bbf9961b5a,11,10.832366525419253,47.41728740463833,0,0.1713057786694942,0.19344411188421504,1463,Sports,Email,0
ccb48fc3-c061-41c3-a4f4-5aea5300b44b,7,13.078147558218554,10.926531561861617,4,0.03665513763521317,0.14374800213789118,682,Beauty,Paid Search,0
3ed64fda-d3dc-456b-8e44-e27ef6a68b6a,8,17.292507349384056,18.550349236881686,2,0.17753579584633455,0.41967390286365186,689,Fashion,Referral,0
e8250233-ae8a-49f4-9c1e-4f05802c707b,12,166.92839080402908,8.62707896889464,3,0.13637680694112095,0.5765102482739866,595,Books,Email,0
cf6a3ff7-5ef5-49c2-a652-713539fa321a,10,17.4153168431031,31.649712028135443,0,0.16086113576360606,0.16653716323889287,40,Sports,Referral,0
eb4cf6a6-da42-4926-abbb-5d1d5ef98c1e,5,21.814682658451048,53.545028057276106,3,0.18389304718620678,0.2187442100499907,1687,Beauty,Organic,0
c84ea92b-8e42-4942-a3e2-85f2d8d74d9b,10,27.455094295775265,20.046143338592444,3,0.054261675322749066,0.26886839497026316,638,Home & Garden,Paid Search,0
f66fff22-d3ef-42a5-b779-ec59cf79584d,9,24.893372590257645,112.24654590471776,1,0.046435521432918916,0.24379610845241806,670,Home & Garden,Email,0
0987cd10-c7d9-4650-b1f1-dcc401659a82,11,141.4813696027437,238.55642639003108,1,0.1523067504598857,0.6557186112834844,1386,Books,Email,0
b42b8e6a-a773-49c3-a4e7-a56596eb7dc8,10,10.0,7.680561332007686,2,0.024340864289335594,0.45015241250558724,962,Home & Garden,Email,0
e0c33d60-8339-4919-bc2e-9896fc15b4f8,9,190.2420838405396,1.0812882979062568,3,0.1239208424197098,0.10842378076031994,661,Home & Garden,Organic,0
e7039cff-a7b8-49e3-99ac-2d0abfe695cc,9,37.17941956008115,93.57515798492697,0,0.21579520525170115,0.7434200808654419,1612,Electronics,Organic,0
416da490-695f-4ad9-8510-d20d2f743186,14,71.46362082501335,12.690886538051348,2,0.24977701290776852,0.14425642089825189,1506,Beauty,Social Media,0
2a190a3d-94a8-4367-b45f-e3242ec3e8fe,8,33.659496961601505,26.138134982660535,1,0.4539119807122515,0.14244194500417437,1782,Beauty,Email,0
9609b4f9-371c-4d59-9cc4-4cabc14825a8,10,63.574680211756494,30.07541484184905,1,0.2183845702007818,0.4051219929553012,1170,Fashion,Organic,0
043fd9c9-a243-4f1c-bd49-a955310de578,10,15.557025349509601,149.04597853904858,0,0.3214695459697288,0.25700387623986687,1259,Beauty,Paid Search,0
d8aaa0b3-3111-4a7b-8593-d469abfa890c,6,11.20120972276275,64.5239084184913,2,0.2701505304566747,0.26497164136213397,592,Sports,Organic,1
f7c8616c-ea7f-4150-a015-c76260a40f2e,8,263.6168739789915,2.487424912663398,2,0.04239099640819129,0.3510781806103602,182,Beauty,Organic,0
5ffbf2ed-3487-4dea-95b7-a57e220b812c,13,153.05192562195882,0.8952604405995027,4,0.20004584866840391,0.4785841855593675,194,Home & Garden,Email,0
7d70cecb-3b23-46e4-bb5b-a34c4fa54b2f,9,14.253141182694968,13.356229134528192,1,0.272925221423399,0.09536592440004057,1179,Sports,Referral,0
1fa51c96-ae3b-4284-ac20-e39ecf44a373,9,58.746861022203824,22.97866593846084,2,0.08440859981806248,0.20636628895443881,207,Books,Paid Search,0
aca02d99-3ac9-4136-af7c-de1147dc37d7,10,83.62157254341481,39.759852689132856,1,0.12165735366788867,0.3759889210621569,1654,Home & Garden,Referral,0
1e987fb1-ae7b-42db-a1fd-11ae156d1f81,7,56.156958016989336,109.1500891620748,1,0.25097182884981767,0.33337902050086327,1284,Electronics,Social Media,0
e4641367-238a-42e4-99cd-f5c5771ab5b5,8,28.03175423362582,22.684225591232025,1,0.1825663312334723,0.4754399862294498,413,Sports,Email,0
84f502ba-2263-42f1-b179-7ea4d4644a5f,5,167.26835776826601,28.347972584657956,0,0.10471455362358473,0.5155541936620409,510,Books,Referral,0
4bac827a-0cc4-4020-a54f-144db53e6411,9,57.40492488504621,23.96939342071467,3,0.29175903695730193,0.17111414125552796,1295,Electronics,Organic,0
b2331caf-06da-405e-b6a5-aad46dd6bd25,12,15.76318357300001,0.5403459892687852,1,0.21037896948105492,0.7604960900459733,1504,Beauty,Organic,0
887e2d3f-e117-41b3-9c7e-d89ebbcc4892,10,24.30035499504624,186.3348897279917,2,0.19309229377635762,0.19618964611770234,1532,Beauty,Social Media,0
4cb60dc2-ecbf-497c-b5f5-d9d138c667e0,7,14.06962806692248,8.979359654191995,2,0.43500284781961773,0.18542489841998788,1097,Fashion,Social Media,0
24025e86-92f8-4187-99f9-2f18663160e8,11,30.38905524769838,20.352627095817127,1,0.1298706640112626,0.6792537932277416,284,Books,Paid Search,0
14797b2f-df47-4c87-b9b4-6d4cbac5719d,7,29.61271021813947,8.307695136990242,2,0.12308236328888425,0.5444785586065963,1493,Electronics,Paid Search,0
77976b4c-7699-46d4-b232-0a4285086a41,9,60.59970909764047,40.46460797184678,4,0.15041317517206287,0.3585690921733262,1444,Sports,Email,0
ceeeb243-1de6-4431-b6bc-281b525fad59,10,59.89053786046554,161.44160575649175,1,0.16654856671817764,0.6573946996516725,1524,Electronics,Social Media,0
945c4601-ce3a-4af2-a9c1-a37abe5ea3b8,7,45.18076435878488,6.368363642657398,0,0.11148469700523653,0.29933154858921024,288,Books,Email,0
98d79235-8059-4c2c-980c-ed1309f21b6e,11,44.217435384392246,34.8852857117703,2,0.22989094225609447,0.6664052404985434,1249,Fashion,Referral,0
f88e41c1-239f-45df-811f-e0b34056943b,7,76.2954576941545,1.3577376181266791,2,0.17424186850354378,0.2504296994735463,1752,Fashion,Paid Search,0
ae168997-09ab-4472-8821-8ad54d981b92,7,27.641818941269303,88.41533556421648,2,0.25369690829384206,0.5563600922752848,468,Books,Email,1
43c1d518-1215-454d-8be4-98674e7561b1,9,10.0,61.50378091897542,1,0.3125511195076476,0.32376087679545124,1308,Beauty,Social Media,0
701e5688-880b-41c9-9ad2-fe01ea3e2541,7,179.24872418895254,72.1781312485868,0,0.2000762816254594,0.2839432627817776,473,Sports,Referral,0
5ffb567e-4514-4487-8eeb-b1079e4dc661,9,15.981121234331214,38.357774725658366,5,0.31401536205089214,0.27985344344000873,561,Fashion,Paid Search,1
9d31dd7c-7810-458a-9fdc-5f3c55e0f6bf,8,57.764437196955186,142.9191496182717,0,0.37579215268229227,0.5953805442988571,886,Home & Garden,Email,1
d7f8ee56-21f9-463c-977b-34aa332e8a9b,7,25.216612398372575,31.61297639924815,2,0.15575066818500008,0.5671910569579968,1633,Beauty,Social Media,0
bb73648d-c9f7-427d-bb46-693c5fbdbb2c,5,101.33428174580219,43.30330328442445,1,0.4776559446797919,0.3377335948964415,71,Home & Garden,Email,1
f16491d4-fb1a-4f52-9bbe-e0922c31f747,12,15.342806127326229,71.30353332040073,3,0.23604302828600568,0.4975915529179508,1806,Fashion,Paid Search,0
e3986d9e-6b51-449c-b832-fcf372175c1b,9,18.753334959720483,44.10827160052086,2,0.2860106015578024,0.4623274856875552,1409,Sports,Referral,0
33ac1039-e20e-41b0-99d5-2eb745b71c91,4,22.23764426717445,12.594070783692548,2,0.007233078772291547,0.48532761839130995,657,Sports,Organic,0
c7e2c5f0-1501-4b2e-8549-e52824602681,11,51.59561653284749,22.881829120396933,3,0.10774433641929007,0.2975938893587695,646,Sports,Referral,0
6e2d1cf8-5086-4d26-a754-31afa2c2f623,6,39.58418385672276,5.810115425785391,2,0.2506289148777988,0.6959478889704233,881,Sports,Email,0
9c6659c0-be88-4c22-9d79-d7d823626b59,9,52.048011280310604,34.00287268348953,0,0.47509761859531363,0.23965961416801806,1597,Sports,Email,0
42a1566c-0ce9-487c-adcf-b14d63be3ba0,10,36.64971437515031,56.403061064993594,5,0.04711345157354828,0.47207033850859637,33,Electronics,Organic,1
8b609687-160a-4858-bfaf-19355ebb5b61,5,69.79923956589131,7.569854843814435,6,0.20547683153359275,0.46250743994445503,1001,Fashion,Email,0
d0cfeef0-b8ce-45fe-a4df-e5effdb93901,11,70.74200483638333,59.75042090712135,2,0.1961080819242806,0.18693069259771689,103,Books,Referral,1
40388d2e-617f-4fa6-907a-23b0a00e66a7,14,111.22823241392018,134.02393213941832,4,0.2989089902246986,0.6797120368670275,211,Beauty,Paid Search,1
91fddcb4-3ecf-4b61-a9a4-2a5cc64cd6a1,9,43.59913295935641,24.72434929953011,7,0.38526692034104904,0.20333140781847509,1260,Home & Garden,Referral,0
9bbadd9c-0c94-459c-9208-7b181703e82b,12,43.43288152470585,15.064277750137206,0,0.20645888842936852,0.788621428741482,428,Fashion,Referral,0
4fc81355-18da-44d0-b271-d30055933657,10,136.12953576801283,134.09898705274625,3,0.20167459243138305,0.4857071283692584,76,Home & Garden,Referral,1
52baeaa0-6f20-4937-8973-4d0bc823a240,16,86.30798234498411,70.64866237719914,1,0.3243702650138264,0.5880567201443723,300,Fashion,Paid Search,0
c354e830-1275-4b72-8908-f75428546c8e,6,50.14844709384966,6.682371085259139,1,0.04319112735927775,0.18545893102584518,381,Fashion,Email,0
0d50f2a8-be19-4593-b868-5609ebbdd340,10,10.852780505910665,31.46626621162379,2,0.42924454018212566,0.25540568523438906,1405,Home & Garden,Referral,0
358f896c-c7ce-4e17-9387-9f8e4d4866d9,12,10.0,67.26796687591964,3,0.17678741162815187,0.3569617595643461,1140,Sports,Paid Search,0
c88179c8-2af4-4190-a8ce-38eb9c874e3c,10,54.06381259955252,51.25304723560697,1,0.2403122264851794,0.5746897837343843,1341,Home & Garden,Email,0
48c84de0-520c-439a-b1a7-7d3e20520163,9,55.87627414483484,57.82607679794544,2,0.13035263640792483,0.36388612320354075,675,Home & Garden,Paid Search,0
b5156df1-574d-4d50-bf90-dd0e90f82a9d,8,18.574149166864284,50.23978678778057,1,0.1204600325216367,0.3214250981303925,207,Home & Garden,Paid Search,0
cc4f7d7d-9d52-4729-b49d-45417784b712,6,43.95286375243993,95.98748498232712,2,0.07742347668670953,0.34249657900421776,1469,Sports,Referral,0
5cd38d18-1539-4d0e-8814-ef603c0dd9a5,9,15.950394166224543,23.17743333913894,0,0.48747596559109174,0.5580700082032631,257,Fashion,Organic,1
961a858c-06f9-45e6-a2eb-ac1c2fb6fcf4,9,52.33908980891394,73.95516688841195,2,0.14693816202720825,0.308761479495427,699,Books,Referral,0
f3baebef-164e-4b95-a97c-6f356a626af3,9,53.44091496702961,283.1638100221515,0,0.4726294763306154,0.49716109366809236,479,Books,Paid Search,1
904e4d46-ca21-4b33-b62a-ca57a1d648f5,6,53.164672419641725,29.653732669729006,5,0.15187175995489371,0.25859194055475476,541,Fashion,Paid Search,0
01192a6e-feeb-4c75-91b1-706055c7fe00,9,43.311947610079244,93.939133431593,3,0.14644449616422753,0.599100399607889,1098,Home & Garden,Paid Search,0
cf503ce8-fe29-401b-ad26-09bbed878775,10,26.172315293162324,16.95046789849602,3,0.31476669696218934,0.5085280462946572,300,Fashion,Social Media,0
e988ac9e-3811-4af5-a2ab-2e83794250b8,13,27.956371334421316,19.86851193134549,1,0.11109122185972437,0.5285214767417052,814,Electronics,Referral,0
8c3bf2f7-cba6-4cdd-b687-bcc565378f64,7,83.70333869167663,163.8765573376245,2,0.27950919009021896,0.7100896253049693,1165,Fashion,Organic,1
ab3362e1-5d4a-4c54-9ed5-1d50b45d3e57,9,46.151611753396246,1.5768412841934005,3,0.014213116510317637,0.18691978445874044,1585,Electronics,Email,0
fbf86ba8-4e52-4ac2-85e6-19e5fe31a70b,6,48.93393875112851,14.710110651600921,1,0.19142961208500978,0.34865002468930495,678,Beauty,Organic,0
676cef8a-e948-4372-beed-c9f55e460b50,8,35.48790215108799,39.57354162549349,1,0.09789082957328052,0.39518856883027514,582,Beauty,Organic,0
1259107e-535c-4a0e-a44a-7cb3570bb710,15,55.765749283876715,30.83458465723045,1,0.043340933661189594,0.33296937966389356,671,Books,Social Media,0
0ef610f1-8267-4e95-89a0-a7f527d17616,7,71.31770052768987,59.520649058914636,0,0.142624821746459,0.2981755655394729,914,Books,Paid Search,0
cddf91a4-0593-480e-b921-e97740af402d,17,20.03791749696486,12.84523480002247,3,0.4366657247823751,0.3591138433829103,572,Books,Organic,0
fc7edf07-f2a6-44c5-9646-98843e698e42,13,53.20741826011778,4.389542557139253,1,0.054302740155572876,0.33715335893443293,457,Home & Garden,Paid Search,0
56e85358-ba6a-4870-9d86-c28259281554,6,27.63637692311491,27.658675215950666,1,0.18063216212232516,0.2250888665062031,685,Electronics,Referral,0
60aca0eb-06b1-4756-9d60-c6e207ce1aac,5,42.5671430233828,44.58504062412186,3,0.11188543252859168,0.544577785494492,1419,Electronics,Paid Search,0
ff6e6612-b2d6-45b2-a9bd-a08c87678412,6,64.59837383392635,49.53243377233652,1,0.09203961675004108,0.31892189056097575,462,Electronics,Paid Search,0
aaec88fb-2955-485f-ba2b-5c48f26286ee,6,10.367116948074926,55.20189172768582,1,0.11227992619768157,0.3683084835955618,1541,Fashion,Referral,0
7d81247e-2aa1-4e4a-8689-a535a49d7c09,7,13.914676279265878,47.73232590639092,0,0.1555590473606142,0.4072909473630844,521,Home & Garden,Referral,0
658ae209-7fc2-4954-8451-eb09963e2edb,11,19.540428191957176,16.9220408460056,3,0.08035272135848791,0.1699985084385324,1101,Beauty,Organic,0
4f749758-b6b9-4492-bf1a-26926d91e8dc,13,18.462181863691026,86.77533485426278,0,0.1442348009021086,0.3010686808303716,1772,Books,Social Media,0
b739de27-3e49-49a8-b5a7-9949949c929a,6,29.08204226159986,5.512462611253445,2,0.028359807010841783,0.24515263046186375,1737,Beauty,Email,0
40a417e0-c07c-4194-8d88-5a0a1800a7cc,10,128.240153178706,13.265280889070747,2,0.2733098839722728,0.3836550350404069,793,Fashion,Referral,0
7627697a-cd06-4657-b1f6-a9c1f7187906,10,85.00903188366347,80.68105391356802,4,0.07966276599147937,0.48487435398344797,124,Home & Garden,Referral,1
1ed8e305-3271-4f6b-b7ae-1ba5563f23e8,14,20.811967031615435,19.687426199750234,3,0.1530122534718663,0.6181735756570165,1647,Books,Email,0
b21b4c1c-d3e6-4da2-a942-499f2b372b91,8,66.36081110655572,40.810711292610115,2,0.2625036428761757,0.3316311251587562,232,Electronics,Paid Search,1
827afb97-ebb5-4d44-80ac-ab695dcf75ea,8,31.98995224176757,23.778228750261693,5,0.6100877935832402,0.18270157245859747,1685,Electronics,Referral,0
74d93e1b-4efe-4005-abc8-507d32a6d687,8,43.59748337700559,42.43247972119558,1,0.042885954043557904,0.46948291534039105,1337,Beauty,Email,0
2eedd675-3b14-4224-a36a-506fc245a93c,7,15.109331564990045,25.539070969822877,4,0.06337310125208213,0.5438638845902443,1705,Electronics,Organic,0
8fcfd544-be87-4e2a-a775-7a0b6395b7fd,13,11.512727461421848,309.07655286961955,3,0.6144163596685797,0.2588460616110096,1214,Sports,Social Media,1
0a36b02e-173a-4fd2-8fba-908d06dedbe7,9,59.49419989506212,26.54121494667858,1,0.11766355165550368,0.19812395568947902,1816,Electronics,Referral,0
8499bab5-6e07-43e4-a71c-95163cadc267,8,33.997148349462435,59.17856126617047,2,0.03232599239825684,0.30309032662291546,852,Books,Email,0
b2c1a38e-07f3-46a7-b99a-eca835d10cf3,12,50.30365419358185,131.53953336116948,1,0.20057247741212486,0.38541223254740986,602,Fashion,Referral,0
bcd7b398-17a6-4021-8c46-64fa48042a5c,15,118.51008651646367,60.95589058198401,3,0.17348544065971647,0.3292587421479184,718,Fashion,Paid Search,0
05a143c9-516a-45f1-af7b-109485957e8e,6,27.356658969882027,50.06291362090897,3,0.18197880579476025,0.25950279438771817,639,Sports,Referral,0
1057ac9c-4ddb-40e1-8479-8106ba08facd,7,27.557967168142895,50.53078249597719,1,0.15598304918236472,0.18172530991364125,732,Sports,Referral,0
e8d3befc-ac52-467d-b4af-3ae70bea405f,6,136.30963033876824,41.16561227628791,3,0.1837274159425748,0.19929311489299492,1615,Books,Paid Search,0
6e485975-14ca-4428-bb7a-b376b01a331c,8,33.56861067774402,98.88461292816523,3,0.4754587994838258,0.5309462713319589,1080,Home & Garden,Referral,1
1399f50f-c1d7-44df-82d5-407f520e2963,8,17.415388309627374,3.104387539683652,4,0.14397959877494515,0.5907960018256938,1324,Sports,Paid Search,0
9d634b46-ee21-46a4-90fd-0049e50733b6,8,59.6530767601443,129.8372053982722,3,0.0482469369272338,0.5242657482058097,526,Beauty,Email,1
efe40e4d-7daf-412f-9033-d4094e70862b,10,27.38126675734554,52.95572402324191,4,0.2799332985624854,0.2872858379795556,1806,Sports,Social Media,0
073de84f-c8b3-49fb-8148-3fdace2a3616,8,17.14813507655105,113.37817200579504,2,0.04376096911853014,0.6917141482399305,513,Books,Social Media,0
a147b1c8-e99c-4053-81ef-e027ad67ec71,13,35.57877598813983,0.6268250270477027,1,0.12001386282274273,0.07142389938289109,291,Beauty,Email,0
89179995-b63a-4137-a6e5-ca181e4b50c5,8,64.15800166065003,122.08020832651643,1,0.2977431681982156,0.5485960441578233,1420,Fashion,Organic,0
2e9bb134-5452-4e72-8e3d-f43a38730ebf,15,13.100551324686144,7.679379330563774,2,0.24046476972846414,0.35310926761363093,1531,Books,Organic,0
d921dbd3-b868-40d7-870b-f8c48af0ef64,6,12.859095425659138,76.63951125120494,0,0.05758860188266413,0.4383713419327533,719,Electronics,Social Media,0
d47c30e8-bbfc-4ff5-90e9-69d9b8c79768,6,31.060991897526826,32.324849458469636,1,0.07074171850821803,0.48847242148579373,987,Home & Garden,Email,0
6410af23-6cd5-4ffa-a278-519407f4ccac,8,13.73536450523976,68.56746799749368,3,0.16721224371386076,0.49648281570148994,756,Sports,Referral,0
f9e1d2ea-9db9-42c3-a092-44af7b4cabe1,9,11.931021470210311,59.36229614083615,1,0.2981659985100466,0.7529496501368632,537,Home & Garden,Email,0
396a895c-5310-436a-8c8a-45bd2bcac9f8,7,33.27787805676746,10.704305558545197,1,0.4103266611796237,0.4536239944723267,1484,Books,Paid Search,0
bb31c16f-260d-4698-9e8b-6aa0e34a72fd,10,80.2267001366805,43.36862058052701,2,0.14008607944455445,0.6882721339533336,1381,Fashion,Email,0
f815b15f-9e1c-4f9e-9999-6458294c0a43,9,62.203662835914436,19.479892864731415,3,0.331977443481908,0.5727547933503573,886,Home & Garden,Organic,0
a0c438f1-f030-450b-af2f-974538790a10,6,30.400138902621222,49.31843219407523,0,0.3110123128994163,0.34390941933347435,831,Sports,Referral,0
cecba371-74cb-455a-bc74-681194216a50,9,92.3935888392375,80.36539836213579,1,0.2899371127065681,0.17121006876522696,329,Electronics,Referral,1
394a6fdc-ef1e-404c-9b13-b90008ca2d5e,8,132.68364176254792,5.085023233533786,3,0.04765980818740422,0.29014861213046106,1163,Home & Garden,Social Media,0
29c42f7a-41e2-4347-9604-de9aaa75f71a,17,49.05672065762792,43.51077793350062,0,0.1288351034956275,0.028873806424425885,1685,Books,Paid Search,0
7c38e711-c543-406b-acae-316469cd404f,9,24.706013834535486,57.68196504063827,6,0.13064789317691058,0.3102709630919671,1312,Beauty,Referral,0
244c7973-b59c-4f95-bcd8-ee301b3ccf30,8,115.59499503275836,21.004729369416648,2,0.35385990711577225,0.3442115680838856,924,Books,Social Media,0
e6b42b30-a7c9-432b-814e-039e79522c7c,7,111.59082632233078,183.46090692362847,1,0.18106183155822916,0.5202181341091509,71,Home & Garden,Referral,1
181929fe-6665-4dcf-9761-4237e565c086,13,40.55734598273855,44.0760156387224,0,0.41288572593609213,0.413725021903181,1697,Books,Organic,0
40c50392-9c1b-4e91-854f-510c7d8660ef,4,88.0827216819843,12.091516886373398,1,0.5332607569158819,0.2870383627043406,562,Beauty,Referral,1
badb68b0-2a11-456c-9107-6078d2db628d,6,17.724932723917874,6.843107994393354,3,0.09775900148899383,0.3852714320526651,548,Home & Garden,Organic,0
2fc680c3-b27f-4f02-86a4-5ac92bc198d4,7,10.0,46.808581714584136,1,0.3801531769738718,0.19666436741671423,857,Home & Garden,Email,0
a2a3bca9-53ff-4a3f-aed9-6d4b067d9d7b,12,15.226673336496235,28.22310670824247,3,0.20479178765122863,0.2667889292593257,783,Fashion,Organic,0
cd414702-2964-4535-80fd-b292c672e473,7,39.06612581744652,12.832233059764953,0,0.22581059684752433,0.265865838155141,1756,Books,Organic,0
4f51c14e-eb06-4282-a2b9-dae960c89ba3,7,31.20743251642017,1.870773380611872,3,0.009825390565809299,0.27086398616994,301,Beauty,Organic,0
ac59b801-e945-4378-a954-4795c7b4e69d,6,71.48518779418282,50.165662473257036,2,0.18857060063705808,0.3732697846450052,1257,Fashion,Referral,0
e468ee14-3eb3-4445-9f0b-7fe099d5fcb9,7,10.089301453533562,54.76784595834968,1,0.191689988367359,0.47101515856548937,195,Beauty,Paid Search,1
5d70bcb5-164d-430f-926d-da212d35adc3,10,10.24828870566343,9.175268244169121,1,0.32115067910216255,0.4557741940010535,506,Books,Organic,0
b6186f55-f976-4eb3-bcd2-57ecc2da9972,6,60.93718457041164,55.23871942727696,6,0.3890695107403171,0.6846608794496997,1318,Fashion,Social Media,0
b26f60a7-1dd9-4714-b053-1bb7c74c6724,9,10.498775951692064,182.1592091307391,8,0.16649779036009124,0.036249004501805814,1467,Electronics,Referral,1
57040a27-0f29-4c80-be5c-fbc2d3128449,10,26.666209623907886,229.8144440565744,5,0.34331271444358163,0.4486111642190082,856,Books,Paid Search,1
5445841e-c9a5-4544-979a-f29871802bc8,7,33.77261768437045,131.62004044943487,0,0.06875784696341435,0.43068982584571786,1440,Fashion,Paid Search,0
36395fd4-54a5-4b2a-b31c-8cbab4bf4a59,9,19.68011321365733,98.72833965459097,1,0.07161965449653561,0.4275821718986192,1706,Beauty,Referral,0
03a2a11a-304c-4cb2-a576-87df188ab233,10,52.57753678855982,14.095346809425752,1,0.08549225706899782,0.14644657319576193,1707,Electronics,Social Media,0
ed995b6c-3733-4a53-907a-99b984af89f6,10,10.0,10.207112186064766,1,0.03612219966005705,0.2390574772728136,625,Electronics,Email,0
09c27b3f-19bf-44b7-a3d4-ada32008fa9f,5,143.38631223152262,35.321565563724924,2,0.19443319540879958,0.11368761076634432,570,Beauty,Referral,0
48df9a1b-508e-497d-a9d4-52ad36a85014,9,25.42902331186301,57.996925202083055,2,0.14142259579143537,0.26468732240168175,1326,Electronics,Paid Search,0
709c9723-e28d-4ed4-9918-dde9c28b424e,10,28.898292482370103,114.09928870462784,0,0.1931397201614474,0.330830085897073,1194,Fashion,Email,0
a2853eac-0214-4624-adcd-d7f7b2bc27dc,10,285.6769885644521,15.835045408354482,1,0.1929226059105884,0.470768258974291,716,Electronics,Paid Search,0
6cc32f89-a172-40df-bd4f-a50185f954db,5,11.157139822692372,39.19497492967219,2,0.07265653631931392,0.3808537123802038,418,Sports,Organic,0
97e733dc-f815-42d0-b903-ae162b62c8e5,8,14.352464030879759,62.55210868405357,0,0.21347509459507216,0.2307698042528141,1129,Books,Email,0
bf049954-b180-4145-bad2-08dd17c6c11e,9,101.85984731393239,35.39146477639525,2,0.16705347469953621,0.28750631733159393,785,Sports,Referral,0
138fa461-f1e7-4f09-9227-f8ea1f8c05b3,11,10.0,36.32946516543933,2,0.29559148977613786,0.2998336114852999,241,Sports,Referral,1
897beee1-8a0b-406f-97ad-9015816b8988,7,49.212337422298404,15.302606194639253,0,0.09259527751454004,0.3800148195672909,1166,Books,Social Media,0
104f9f79-4e69-422c-b453-0e275be65679,7,20.388581238415693,259.02336451254035,2,0.020905339674682465,0.2237888391924419,1273,Sports,Email,1
93f54f79-e511-416d-930a-df111b32e360,8,10.0,38.683514582936965,2,0.12423262590202233,0.43312749538896395,665,Electronics,Social Media,0
817f0edd-e9fc-4907-a85b-6dd07ef6eeef,9,50.47506664556537,45.6524156698524,0,0.11015630295010627,0.767163295889413,1518,Home & Garden,Referral,0
7c8b3638-27ca-4025-948c-de7caebb2e1f,10,51.6766436735237,14.796960034078216,4,0.11696004020790865,0.5486895401668803,135,Sports,Social Media,0
fc8e5d8d-a85d-45d8-a142-d7d9b25080cc,16,33.152186886220484,43.30968048585884,2,0.080343231645589,0.612932055938597,905,Beauty,Email,0
252d16f5-170c-44d0-966b-d79441eb9b30,9,173.34280333145486,17.690422608030943,0,0.05685961992816656,0.6386991620740015,1745,Books,Referral,0
05d682a0-e7cd-4273-8097-b73c278c9d5e,6,17.864261277973874,13.564088278864558,1,0.16880249956130247,0.49947510971090825,348,Fashion,Paid Search,0
d5bd153a-35f9-4a05-833c-54681be0a806,7,66.23830354786864,19.354819732188094,2,0.430529091289971,0.3270717433244591,315,Fashion,Referral,1
cbf543f6-7e3b-462e-a0e6-fcea952a0903,13,43.02895283686211,0.16580780131582712,0,0.14664923913916994,0.7948575372660378,691,Electronics,Social Media,0
bf5224da-55d6-4e22-a16a-775374e0df07,11,72.03970404401305,50.659293319072994,4,0.12082188823966508,0.2769373427305071,489,Sports,Social Media,0
c4796f07-77a0-43e8-b32b-6937cfb8d4d0,5,22.12549440639025,29.410421583103357,3,0.12452825907465832,0.527438565428962,405,Home & Garden,Referral,0
d425f319-4c98-46e4-8a17-bb096f4e0718,6,10.938235395367613,137.3736284836149,1,0.046703568242571394,0.19444802042769127,1733,Fashion,Organic,0
0d81ffd6-3f2b-4351-9265-68b1d96ac039,15,19.190029307841478,2.4935343091152915,0,0.22347721833998896,0.3282205680368209,630,Home & Garden,Organic,0
a96233be-02e3-4776-8cd4-f7662b5f0cfd,6,31.468188576662413,2.649672613521441,4,0.2860591885112098,0.20611432104314978,110,Beauty,Organic,1
efe2c8ff-e1d2-4e63-b013-f168d8524f9a,16,57.09499337783903,130.2268769020083,0,0.21041130190802002,0.6430637255201832,1642,Electronics,Paid Search,0
e357febf-c359-40f3-8b71-d18654693079,8,33.576600511515004,8.124765141786186,2,0.047337232142248206,0.2631454204158966,818,Beauty,Paid Search,0
5dc86c07-fa21-40bd-be90-ed10dc02cb35,9,39.33291173163341,0.12974643084511933,1,0.10290053257989577,0.4817045456274332,1343,Books,Paid Search,0
d915a76f-3806-4cd5-8cda-08c127eadb58,6,131.68987794528033,11.827635523639893,0,0.4390847939792028,0.5241205375241264,671,Books,Referral,0
1431dcf2-ad5a-454b-8ec3-9e7ee7e0d22c,7,32.479930042756315,104.19407884427282,3,0.11176616282518329,0.44865166570805176,1706,Electronics,Referral,0
2322c9e7-2d53-45af-be9b-1b921486e6f1,14,21.63042972096185,97.3860747537842,2,0.05175013057186597,0.24145026584450457,525,Beauty,Email,0
fece69ef-a22d-4b31-8438-a3697048624a,11,47.099375054697475,24.942947009283778,0,0.15731848242900773,0.18716615105786072,1209,Home & Garden,Organic,0
a525d2dc-78cc-466c-b9a4-3bf92f510e83,6,10.0,66.16280632071874,2,0.16436137536481019,0.6911369579208617,1504,Beauty,Email,0
4d682974-ec39-4462-86de-51ba27a1135d,12,10.0,42.46516434054014,1,0.25912804756959174,0.30580449963569134,434,Home & Garden,Organic,0
c28dca00-c0b8-44db-b318-642d2f1f701f,7,29.747887556034826,141.06556142827318,6,0.28685640415727415,0.10601114641894287,1462,Home & Garden,Social Media,0
a4ae7ea8-2149-4c09-9d15-a3547d6cf7f7,11,15.700295380831047,3.484668619607438,0,0.12113983989440447,0.43823766089932364,1446,Electronics,Email,0
d8cc4c60-b081-41ef-a2ae-fbfaa705fea0,5,20.356682847025358,100.65630173381017,5,0.16665952876018286,0.5315158083219652,1759,Fashion,Referral,0
80b6bda0-e02d-4959-be26-bfa57f51f725,7,69.95266192913935,11.223067614719508,1,0.22694623519188284,0.1601718760898992,1684,Fashion,Social Media,0
e2854a8f-a111-42fc-aa86-b108deef140b,10,50.450666514742466,29.817424041920734,1,0.23194207800881403,0.42139272221462615,709,Sports,Email,0
3ab8f423-a363-4392-b4b5-84e9a45e36dc,11,31.137720470312892,12.788411487875177,2,0.2515352314641263,0.4336073190824416,1078,Books,Social Media,0
ec636ba4-1b97-4e43-b3c8-8fbb5bac4266,7,35.38800266416195,72.763541881609,4,0.19090224297294617,0.1634939415759839,1688,Beauty,Social Media,0
49dfc28f-d42d-4aac-a06c-55e865cc9e7c,7,23.579747914211683,68.05303364697016,4,0.3598247141859246,0.5179393262030084,8,Books,Social Media,1
cfb01688-6173-4f96-b9dc-d3398aec8446,4,65.33139640412153,47.63079479362035,1,0.2361261252835399,0.1641108717776522,1145,Sports,Referral,0
2ac69d37-a581-4709-8b0b-7f88fa352de9,14,62.42921962579521,71.87209586089514,2,0.25289294647335,0.4729281749513486,393,Home & Garden,Social Media,0
42467722-4d5d-4936-8de5-973f862c342d,11,73.16713021093055,61.226582097003025,3,0.0945513077429023,0.310011693205816,1348,Electronics,Referral,0
4c05a61e-38a7-47ec-ae1c-9d6b88c4e045,9,70.52319034848423,89.88507839081244,1,0.12341726151128286,0.25133931095326123,1453,Books,Paid Search,0
94d0156e-453c-4933-a54a-6cffafd9d847,15,34.578721656382314,16.41938569923115,2,0.3459818377967146,0.30372382748748095,1301,Home & Garden,Social Media,0
e95d7703-dd12-481f-a5d1-270dda019ba5,8,18.94294599093309,33.61278254415781,2,0.2519632620934365,0.15082445515345885,1817,Fashion,Organic,0
709018b9-7ea7-4768-9c6b-33b80cd339b5,13,28.966977159990897,9.866059598785268,3,0.49928818207037196,0.15148540349667444,875,Home & Garden,Referral,0
81b2836b-a589-4543-9d66-b1a6e16dcf0a,10,36.353832510895096,33.68436762130674,2,0.1617357548058903,0.6038204758615625,1024,Sports,Paid Search,0
5cd47467-fe4c-45fb-9cfa-a5fcbc3479ab,13,19.313006139479903,72.57767615302642,2,0.08445213147158494,0.3565871826601339,747,Electronics,Referral,0
be817d91-d329-4174-91ea-4f774e8cb02f,4,121.9846630103581,70.54084179054813,5,0.5605274107707374,0.27216640266167486,1777,Beauty,Social Media,0
3e2a20df-4b20-45a1-bdef-e3706150f04f,8,122.4727961763251,74.15400663435375,3,0.28156082425822754,0.6364297467153068,1684,Books,Referral,0
af901f89-a4d4-4039-b940-9c917c81fd39,8,30.082563307378965,22.156745061677757,2,0.37619893211190997,0.4290670527791023,1800,Sports,Email,0
2a4a1281-103f-4b5e-bfc4-36f8ae30f763,9,75.54314863768528,65.12055855109932,3,0.1070335305084203,0.43001141823396727,1797,Fashion,Email,0
fa1fc37b-d74e-44b7-a426-b777f5993252,9,51.832492049943944,27.481308608185007,1,0.3211632203504643,0.4699383969043832,1634,Fashion,Organic,0
94b794eb-459b-4289-bdcf-d893bab20df4,10,22.258040351872758,173.47373730453666,2,0.12381166314445205,0.40940126337651594,1698,Beauty,Referral,0
97f68fc3-1c6b-45e2-a80d-22cf7848f070,8,46.04450303383488,25.23774303327263,5,0.3945669438677093,0.5003014094860793,219,Electronics,Social Media,1
021694e7-52da-4bed-84a0-0769cfab8dbd,5,17.82487789291926,55.43189573595502,3,0.05947740550545013,0.2331832439173845,317,Beauty,Social Media,0
68986883-1eeb-43cf-8db9-8669a302211e,10,16.37896164522658,83.21264326893798,2,0.1612311305307858,0.37902443754723775,1615,Beauty,Email,0
0389dd0e-a7ad-411f-afac-027aa4debaf2,13,48.49800875331487,142.12825611528564,0,0.37743990933304356,0.36241267181832465,1326,Beauty,Referral,0
010a27c2-a49b-4d56-91fc-341be3e554be,8,48.962096576647866,34.56758382238573,4,0.30159518425902276,0.7046949135054931,1596,Books,Social Media,0
94efb802-7be9-4afc-834f-94c4df088758,10,285.79364467163936,26.822722297027063,1,0.027716364345841484,0.38308961535659863,1405,Fashion,Paid Search,0
75627500-8a6d-44c0-b1d2-9ff2ab1e7f1a,8,29.242527647462538,33.73010098531461,0,0.1366830243073679,0.205230732908029,255,Sports,Social Media,0
977e9692-62c8-47ae-832b-610cf1d4dd14,12,21.689511664745254,23.466787181651554,4,0.2977445941326003,0.38636625868276986,1672,Fashion,Referral,0
acc1f926-ec2d-422d-82fa-964b0ad01ac3,9,69.28326388744918,63.665897456095706,0,0.33891090731740314,0.5099719668453353,1407,Books,Email,0
6ac9b18b-0fc8-4673-a769-6a312ab861aa,9,32.45825752852037,161.93065002592203,3,0.08096838786534744,0.6692602204339532,1042,Home & Garden,Paid Search,0
64654b33-737b-495f-882b-8465e1e4bd3a,10,19.72533268580977,8.085368984990888,2,0.061051494587639046,0.43947458773723114,972,Fashion,Social Media,0
9b2eac78-00cc-4513-987b-3a9197ad3516,4,20.72517937118783,49.38470115996052,2,0.08881745345484106,0.3353153482420439,1047,Fashion,Organic,0
5df203b1-c5e3-4ce2-8c4c-69d7b1cb1cf6,9,28.68500755476109,136.7606707931066,2,0.06640869112452147,0.2886957317759464,713,Fashion,Organic,0
d04a7b33-16ba-430a-b019-4efa54694560,10,76.98117102000957,6.329267735855621,0,0.379453422388453,0.5367156591500225,1466,Home & Garden,Email,0
bc18aee0-0b7d-4c85-bafb-997a385136dd,7,46.772750957087815,40.85715950609638,4,0.14209364866642032,0.3870622194074487,1659,Books,Paid Search,0
f9b81bcf-1501-4a49-af1b-cbe116a57dad,10,17.001236856023876,120.25095950821702,1,0.22437051257019092,0.15052341531576252,462,Sports,Organic,1
3769bb9d-86e5-43c1-b98c-5fc0a4a76a15,8,143.70672337905063,138.42704794898992,2,0.16876164082306955,0.31388730364176415,70,Books,Organic,1
00ade648-23b7-4834-ac7d-0dc16579fc9e,9,16.024136479653592,43.33629174990884,2,0.11622250597576424,0.2944464164912185,371,Electronics,Social Media,0
46a1cc66-7128-4a16-8881-7ccdbf3a0f54,9,18.359323886939304,1.5161075962827124,1,0.0977301825014743,0.3820506810173931,1382,Beauty,Referral,0
e18d922e-2265-468d-8bc1-325fe6688786,10,84.23591316869074,6.698758901179717,2,0.3336503131572083,0.5267915824676842,1584,Sports,Social Media,0
fb2f3940-bc30-4dac-b8c6-6e973b56a8fb,10,109.73283579286515,53.017324453983775,3,0.11112692774111395,0.43720683838050733,636,Home & Garden,Social Media,0
244167bb-2832-4e03-8a0c-3fc7cffa5fe8,9,43.940894555850434,7.933667575631798,1,0.19606141868863072,0.6906476150668426,278,Electronics,Email,0
1ade20ef-bc90-4e2c-8e97-dc103b1118f1,9,11.793048052820055,9.71005173851021,1,0.14406454275236974,0.3846504450985376,1566,Fashion,Social Media,0
eea0f9f7-0328-4069-a20f-7e125b6d9568,9,35.784630830664824,88.73540212333258,5,0.18233475394247506,0.18925462394808595,392,Fashion,Paid Search,1
8134579e-55d3-40a1-9bd9-60c97f483476,8,11.09338654501782,83.34398604409715,1,0.3927456731374922,0.5596162082174139,442,Beauty,Paid Search,1
6e8f5e0b-6880-47e3-81e8-7718c3a5faca,10,241.7238687748818,111.00378767410953,3,0.14373145456289063,0.26506612593685336,169,Books,Referral,1
b7f96287-726e-41ed-b6e1-ea27ddf5a8b7,7,41.6680378008248,6.705196787821551,1,0.08960796536867248,0.624289412025586,1661,Home & Garden,Organic,0
ce802ad4-2a9e-4be5-baba-787f85dd75e6,7,62.877937694490704,13.249640230884536,1,0.16069169876441314,0.21405062179955642,596,Home & Garden,Organic,0
a71012b8-da42-4996-ac1b-566f3feda34c,7,24.62542737146753,107.37183205812325,1,0.16309158304512378,0.3281176594906523,314,Fashion,Referral,1
8ce9d6ac-6152-49a3-993e-bb15c9b51a37,8,140.40537013511374,76.61145336849819,0,0.1787816750310882,0.35893577954730527,1740,Fashion,Referral,0
6be76123-90b6-47a8-98e8-c13ec53fd60f,9,22.153979183009582,98.38026001616977,4,0.013761862491091055,0.3742184462131493,612,Beauty,Social Media,0
206872c4-099c-4432-b740-01e9884febb7,11,16.658853928318024,274.80334213171005,2,0.0298314393212798,0.2716232154818754,1364,Beauty,Email,0
6ce6c920-6e9b-4c8d-bcb9-cec921e7282e,10,42.262827868400315,119.89674086329173,0,0.1431428123688102,0.3051735951338944,421,Beauty,Organic,0
e2a599b9-baa1-4f5b-8ad0-0afad1c10868,9,66.95705934647224,44.09608482190774,3,0.1371644648583114,0.22116406110527076,1326,Home & Garden,Organic,0
db613c89-1992-4d90-abad-62abad3893fd,9,181.80884527580048,22.330656772955056,2,0.3032732052421583,0.3241133864675152,424,Home & Garden,Referral,0
28a1064f-90df-4002-954f-9760b5dd54c6,4,120.4745209954189,50.59309372520066,1,0.22368155053990155,0.2989056746715209,1164,Books,Referral,0
a3a2431f-1512-4930-83cc-a23af0473148,10,86.1481003043147,61.06396114706937,0,0.11674653880772037,0.1464076345362212,805,Fashion,Organic,0
e0dc67a9-ea90-47dd-93c5-591ae8880ce0,12,19.141137519107424,24.506264032493117,2,0.1993226926657665,0.5843226080206516,1457,Home & Garden,Organic,0
bc181442-2e9a-43b4-949d-65b0024beecf,13,18.82014234805433,88.42550206420357,0,0.3117782815486282,0.22508226352125515,1333,Electronics,Social Media,0
07caf1ab-8a2e-4ae1-beec-2a2cc3a30846,6,16.407243228218515,5.840484797199495,2,0.16253008335817407,0.18183031392418234,1707,Electronics,Organic,0
adc6fb31-db09-4561-aad5-d2494c5ed7b4,9,29.355410726602923,90.68230585040511,1,0.5375503993922975,0.28457754587279455,687,Electronics,Referral,1
297a462d-6059-4f3e-8a22-8064bc202415,12,10.0,1.9512996851692568,3,0.2619206426659386,0.6015071614959977,1376,Sports,Paid Search,0
885c709c-8092-4b67-9723-3fae5fcb826b,13,98.72777504340564,41.34525320707275,0,0.32795389030628885,0.45012262234079636,1768,Electronics,Paid Search,0
485ade22-f10c-4e5b-8056-4925b681da49,1,14.589916588463144,118.58557866803574,5,0.2307454507077443,0.4937879319242851,614,Home & Garden,Paid Search,1
5e5d7e0e-80c4-4e24-9af6-30520023d765,8,13.217228563101704,5.428003781543875,1,0.05123520969794678,0.21455106001454438,529,Sports,Social Media,0
68aed458-21f9-4978-9502-03d99429f54e,13,23.934826598708245,43.756181161616055,1,0.10767132238120408,0.1528386744499585,1403,Beauty,Paid Search,0
d43d45e1-e36d-4b61-b86c-6f8faa79c965,6,11.314596013569062,10.417750321491708,3,0.21889487702198618,0.4768548342087392,813,Fashion,Email,0
c6cc2d4b-f18d-4e3f-9f80-8561ca75d0c2,8,55.447269747234564,135.12250231770767,4,0.053700341726009224,0.42839823964094226,728,Home & Garden,Email,1
0633d4e3-5af2-4438-9d72-43d2f10636aa,7,15.289742249235724,107.15100756251167,3,0.10771894354043476,0.3015595955702588,996,Electronics,Social Media,0
1640069d-7b80-44c3-85c2-e1996d502714,9,49.460551841619925,163.0108459755606,3,0.1662699912731859,0.23771344590386936,1707,Beauty,Paid Search,0
b04aae68-7783-453c-b45a-780efee07ed0,13,69.40123857737905,124.75801703387609,2,0.12814214581773953,0.39740931452760136,153,Beauty,Referral,1
6d8df107-015d-4f78-bfb2-912e6bc1b840,10,21.338523510564357,80.03425475705961,2,0.13340048432088353,0.22525451024188364,850,Fashion,Social Media,0
c861bbd8-021b-44d1-b9e4-06af953d2500,13,18.653569876210998,12.265873118962416,2,0.484977301213903,0.42277024417233466,201,Beauty,Organic,1
7ca9ebb4-ad39-4791-9d56-82b5d304a8b3,9,17.431283880052767,21.615390921395274,5,0.11336395208759134,0.5437522353015691,1612,Electronics,Social Media,0
fd17dac6-7663-47ff-8c1b-d60138628f3e,9,13.93249955132597,41.212631681015054,1,0.29296926826701053,0.2825509514792337,250,Books,Email,1
17b56522-9b9c-4b51-b429-330e948b23e6,15,23.65830029614636,53.33465736896325,1,0.35253283352565096,0.4202107601242137,164,Sports,Referral,1
0659ca09-86db-4d30-a959-66c007e5dba1,10,34.94951116675202,91.44610998947422,1,0.16338488259377099,0.15004673688368117,1758,Beauty,Paid Search,0
38e8ed7e-d8dc-418e-849d-ba4b4b51aa62,9,10.952713082749263,15.445440258970034,0,0.30054262049982755,0.20842634860550358,1028,Fashion,Email,0
1f86f8bc-74fc-4cf8-90bf-3da27ec36085,6,19.81433915296348,8.237041094132756,0,0.11321092953660462,0.2564284590404026,1507,Electronics,Paid Search,0
f95f6086-ae46-4d7b-9125-437f9c913bde,2,37.570579450012765,39.537519992575504,0,0.4109546450649282,0.5579630277683811,858,Books,Paid Search,0
d8ecd0b1-a0b0-408e-b584-a6ce997c43a3,7,34.04695971754405,10.307216060590171,3,0.28291201122527515,0.2745018904770385,795,Sports,Social Media,0
08f1f294-9b95-4c36-a5a8-77e8f870a1bc,8,10.0,70.99862541706133,1,0.1622226983010773,0.17156248955266706,1663,Electronics,Social Media,0
fd9d426c-8a46-47a8-a1e5-5c6a25c89b70,9,54.976480279994455,51.42909961294728,2,0.01710434373291851,0.1747732779488069,1806,Home & Garden,Email,0
4381d5c2-c427-4b33-9496-0cabd4cc9c8f,6,89.1891759227574,81.0806105175562,0,0.2994789561896796,0.3331606454922647,1129,Books,Paid Search,0
5eadd881-3e14-47e9-9d71-a0c1a78a497c,9,20.94472555970707,3.9322810459841486,1,0.08534808117139328,0.48421342969781406,1675,Fashion,Social Media,0
264cac9f-d297-4d9a-bdd5-fef67cc3329a,6,10.0,200.62819249208798,1,0.16903001515232577,0.032631856558248296,1574,Electronics,Email,0
cac12bc6-9eb4-4fa8-9dab-edf8bdd06ea5,7,17.96615736324103,0.00033220146392636744,5,0.24404995529951184,0.4918897898875258,993,Fashion,Paid Search,0
e6e60a80-5e5b-4c7d-b75c-9908b6e2bdbe,15,17.54720650681067,23.621893958832135,1,0.15901601872852816,0.44635868127365164,1717,Home & Garden,Organic,0
888c6ed0-5e6f-47c0-bd29-11cc13cb2fe8,6,86.47750033921405,68.2976197927336,4,0.26052030910003215,0.2599523334772873,384,Fashion,Organic,1
9b0d20d9-221c-4222-ad97-7e1382ee0afb,5,13.805700316829038,2.771563080632305,1,0.17681576303659877,0.6406417340836434,1614,Books,Email,0
22246dcd-f80e-44d3-9b03-4329766cf7bd,13,24.86776448592351,5.221746135846654,1,0.14184980786237156,0.4266205683262623,565,Sports,Organic,0
c6df852c-0940-4e90-8ec8-02ca276de07f,7,126.79723658939635,4.786857935693305,2,0.022882845372729048,0.3626833962711723,56,Electronics,Referral,0
63a2292e-e673-409b-9810-0b61431d97fa,9,37.66700258920185,52.266097871330565,1,0.29776134011604793,0.4662033504014946,1436,Beauty,Email,0
933c9b2f-8d72-4929-8209-dbba78dbb923,8,38.72471175765171,135.7587907763661,1,0.23212372241330806,0.5586555832018771,1697,Sports,Email,0
b8f087d0-4755-48b5-9964-65b7d1a7212b,4,30.540156454140057,48.639807099224896,4,0.4375677351043393,0.44988590078740953,396,Electronics,Paid Search,1
cfee8f39-34b4-4506-9c2b-57a72e4ea1ff,10,72.39587501941979,55.51555256455553,3,0.037919177430872676,0.5276705155934743,975,Fashion,Referral,0
800ec756-1324-4301-a739-2f5cbdbe0309,8,45.752247349854,25.479027138659045,2,0.08982779980954703,0.5217197787877434,1367,Fashion,Email,0
d9da9a60-8ea8-4c37-a1bc-94da0cd2cf48,8,145.88730055077164,1.135139978325337,3,0.17656506888652748,0.38538857788195846,605,Books,Social Media,0
2cc84444-7d36-4578-a8fa-d76e3cc9f21f,8,159.19522485440692,1.3111042437161238,2,0.12795576204649692,0.3633247827797162,268,Fashion,Email,0
fb549564-1f75-4c92-862a-0b979572ad7e,9,42.56249571440479,131.52166813927275,2,0.10927230489876241,0.2983799994832965,716,Home & Garden,Referral,0
71a933ff-0faf-49df-b022-065cfdb2b411,10,32.143790149099495,6.493372412544563,2,0.0794128774844861,0.27118543714240567,833,Books,Email,0
af449e08-e46e-48c5-a1cc-beb56c7d0159,9,37.74664653427594,365.0,0,0.20676277651434258,0.24336657810406928,1354,Electronics,Organic,1
f98f36e0-77d3-415c-9385-4b50146f5837,14,21.04905953291453,10.777938592537417,2,0.2604872189660885,0.5678007541672503,363,Fashion,Referral,0
17be9764-846f-46b4-8cd0-f92b46e1d4d9,10,36.855171460269894,67.36835645532622,1,0.12419575775803202,0.21408744651479658,1487,Electronics,Social Media,0
48a0ca1d-eef0-4181-b82f-d520e9248d05,12,10.447109673265796,178.50341596146336,1,0.37044431831569546,0.17067180744031601,916,Fashion,Referral,1
23ae7c09-6498-4195-ba8f-8282ca2a7413,11,18.734017467049473,26.992230701533483,5,0.25985137520686397,0.41601261504405085,1649,Books,Email,0
8e55f9c7-3ae0-4d6a-b718-90b7bcfabe17,7,62.12755202851922,79.55332960939296,4,0.1123409990259062,0.2907830856746,1032,Beauty,Social Media,0
7c77ede7-f9f3-4a09-be59-6afc6e5dd00f,5,50.92955997950299,25.926101897505884,1,0.11091315709934156,0.1599711566240388,816,Home & Garden,Social Media,0
e561b58c-1d48-4b00-b119-5abd5a00cd5d,9,29.909251049974323,21.8255175959015,3,0.13826812582483453,0.4806939982631882,524,Electronics,Social Media,0
8c9b7b6f-378b-4720-88c0-93a943f6c0be,11,46.29873168574775,13.52407206648115,1,0.24334735506525276,0.5683791161487385,194,Sports,Organic,0
e21c820a-ec41-4dc8-b0fb-f920b462fb44,5,110.49003007508286,103.20035343814901,5,0.15584166703177876,0.4238018456820732,678,Fashion,Referral,1
37c29f4d-d058-4f5e-9e33-c49b97f33939,12,24.32509609433473,17.854819019307033,2,0.1535548781851059,0.5839207013183706,755,Books,Email,0
312ee4da-c034-4d0a-a935-964fc0b93b02,12,10.504865166899286,19.97400315257338,2,0.2963929744258845,0.2741520736966865,1037,Electronics,Organic,0
748f5eed-3503-426a-a5cf-80a19950ff6f,7,54.69458542222784,365.0,5,0.3875946872263801,0.6275359135676101,1569,Books,Social Media,1
e6d25a4d-3c6b-48c7-859a-c848b4e75111,6,50.85630554471979,23.78827961089476,1,0.3959563511426756,0.31657925562835637,846,Electronics,Email,0
ca15042b-1d95-4e2f-8cc1-0e50177b6163,13,60.81016117223405,32.97133529498742,2,0.14886177099208486,0.4025920290682156,574,Home & Garden,Paid Search,0
6326c4d0-6e17-45d2-866f-5f0d68646491,9,12.707904677785042,276.64388390326286,5,0.2509037387322635,0.3239410137921042,1593,Beauty,Email,1
ce14be80-153d-414c-bc95-7dc614f2a0b9,11,10.0,27.65553077914709,0,0.27270678466699816,0.48835952955565676,1339,Fashion,Paid Search,0
9ee6f53f-787c-45f5-88a3-388249f8110b,7,40.93361122563614,27.356766740328908,0,0.12128292780391416,0.7932262589014398,561,Electronics,Paid Search,0
9b3ebedc-1d22-49f1-ac14-43095a2ba119,7,38.70454288241692,105.51612590560045,0,0.2951029221054462,0.29752676893884106,305,Sports,Social Media,1
45376dc1-53e4-4d24-a857-1667c308805f,11,24.884819844474606,22.431914254594002,1,0.2420864693572912,0.4287199793683984,531,Fashion,Paid Search,0
04f4db56-7ec8-46b5-aac0-68d1b2f420b4,6,105.36108860403037,15.977634609389717,5,0.24419756975339707,0.41979410985139876,226,Fashion,Organic,1
5eb973bf-f032-4f4b-9255-d080cbec3b75,10,32.85447025956777,33.016648355977445,3,0.3091037951632668,0.17734089653122942,1648,Books,Social Media,0
508e2ecc-3814-4bee-9dd6-4a71ce153b6c,11,88.66078120758465,72.36666544514398,10,0.3344898980650732,0.24379696652903002,1116,Fashion,Paid Search,1
ee23f395-9022-42fb-9288-5aad885e4c8e,14,66.85826195117174,2.652351862530316,2,0.17380184041516364,0.1895975977782209,1576,Electronics,Referral,0
62190a87-fd7c-46bd-96ac-6c6a5a57af1c,5,13.847126481982555,28.09624650329236,2,0.21995116440994572,0.46664135048310273,1497,Home & Garden,Organic,0
54a6b99f-5e23-4995-b7fd-a51a471c48a4,7,16.288419466680647,25.501347927756676,5,0.2963739101609087,0.38422737020235975,280,Electronics,Referral,1
8ab45e88-cdff-4146-9c69-ba9001238ec1,10,11.872567390112192,16.8478175411778,3,0.18144588179250742,0.3756935681878065,809,Beauty,Email,0
a874efe0-f737-481e-a73a-b5b430791b46,10,46.759109712485,63.72883797180732,2,0.05948447618953968,0.36223285207741923,1774,Fashion,Organic,0
c8f30379-3e3b-474b-bf26-7fe6f89d3f5e,10,35.81927727862865,20.54858026776187,1,0.1518852549269037,0.48127735305255476,427,Sports,Referral,0
86b2b9aa-f324-4538-ad2a-1c33c9504619,7,97.52172158482543,55.99577065980852,2,0.083696849722901,0.27056930903452076,92,Beauty,Referral,1
d086e44c-a4fd-4f9c-9ddf-46ecdb5e54cd,6,53.30692001118062,42.11152192780596,6,0.11274449488059785,0.23987314131170465,632,Sports,Social Media,0
c663bfe9-376a-459b-b700-43b515c3cdc4,11,11.723913852118686,14.691906232403355,1,0.18405724509030133,0.17804691783199975,932,Beauty,Email,0
b64af5bd-b376-4fd2-8a2c-f056bd7af9a6,12,22.88204228823129,18.60106456630352,3,0.24080791065139717,0.19987475072282265,102,Electronics,Organic,0
ea5a523a-0a17-4797-867e-615b21f578c6,10,10.0,11.223167726465707,3,0.1741523012667066,0.14269967214324425,779,Electronics,Organic,0
b0a84fba-f3b1-4879-adfe-aeab92d96a40,11,41.875388832542974,3.497752573777631,4,0.19767735820870067,0.2300290349291476,463,Electronics,Organic,0
f52cc3d7-1700-4df5-8d12-7fc48346a944,6,308.7706209824288,57.92704080333968,4,0.2609674328720549,0.3998526447961877,387,Electronics,Paid Search,1
83f03614-54e6-4bc1-a96b-d92d69eda77c,9,36.7689823414893,67.02894724793863,3,0.08645224136750729,0.4339613583599604,482,Books,Organic,0
8ea788e4-0617-47d2-ac03-92dcdef9d87c,7,38.898212387434434,10.891312137595499,2,0.41616851882253175,0.28424955083045583,193,Electronics,Paid Search,1
e4b41773-adc4-458f-9d88-a797bc4bd788,10,32.65983430431524,57.331898724915206,4,0.08086805854328138,0.30196576801278036,140,Books,Social Media,1
718ffa77-88db-4163-a572-4a324ab95535,12,44.02163806848896,241.32614511398958,3,0.03697987873222837,0.4225244231971219,1087,Fashion,Paid Search,1
6b22a9a3-7558-41ce-93cd-3bbeeb1516da,6,29.224648646286575,4.638921986086288,1,0.346806134114545,0.5384196185196367,1729,Electronics,Email,0
7ba6ec4f-05d4-42e3-bfa2-47a0e64678a7,12,54.286975213107844,40.44432112684905,2,0.13690819392665599,0.5342385915948152,1468,Electronics,Paid Search,0
2c8cc5ff-9e48-4f17-ba78-52c4deb0bd61,12,17.85111904993156,79.23898518518882,0,0.1720719969145375,0.21149801906103669,1522,Sports,Email,0
cf1862cb-3895-4518-8061-3cb5e4e65265,9,18.452865041393217,2.826074934676745,1,0.2048269123436952,0.34826960812832697,1341,Fashion,Email,0
76f8ba30-f5a0-4ae1-9446-35dfc021e479,6,11.775441830130298,90.37863669206355,2,0.10873004055180649,0.6495608021049057,1744,Fashion,Email,0
6f371afa-af76-4082-8e76-ed474b02c9ab,11,32.26487186574827,233.27272163999223,2,0.10650083523749893,0.2930409569984959,1734,Electronics,Email,0
79abb267-4e97-4b0b-ab69-c39b495d9ec4,7,13.67188189340411,5.559022207343281,3,0.10544752046303635,0.32074700145207263,1420,Fashion,Organic,0
53438991-8fe4-4676-be2c-60659ff3a177,8,105.85064715598355,103.63585003621495,1,0.28699330189198313,0.6267652779058296,1306,Home & Garden,Email,0
292f779a-d0cf-4dc4-9c75-7d8505fdfa08,6,23.45884275940283,28.54503495674558,3,0.05334735294171919,0.354036903255166,557,Beauty,Referral,0
5a2944f1-5e2e-4f6a-a04e-94d936f8a434,8,10.0,9.337239753741128,2,0.10967113711798362,0.6276693352252064,167,Sports,Social Media,0
f6832f97-cfb8-4d20-970f-c7f5bc766a0a,11,13.351911625810585,40.77752587494782,1,0.1018313752559097,0.4407952274037314,170,Fashion,Referral,0
6e2dc902-a315-4c3c-bc61-d550d2a9623d,13,36.89347412300215,4.452304616419051,3,0.2274395975624066,0.6743210585561558,1343,Home & Garden,Organic,0
38710891-6439-460b-a10e-cc0f3c7eb3ad,9,55.80614245986833,44.30140319851535,1,0.11029609062731202,0.5938628314571048,52,Electronics,Email,0
53cd41aa-0ead-408c-acfb-4498409f5844,7,43.95392317187831,1.1727950305339963,1,0.30209674931402075,0.41631415522450227,1490,Sports,Paid Search,0
cfaa39e2-a6b3-4821-b331-dc03546f1d65,11,17.152231687241542,78.25222142632995,1,0.05779723165046002,0.5198765281624792,669,Beauty,Organic,0
ac6bc35e-55a7-4b9c-ac6b-0ef064aa519a,6,20.968396341525303,40.16228689776463,1,0.0035698455116577117,0.2564851786486243,351,Sports,Social Media,0
786fbe63-b22c-4474-ad05-e64ae4074bfe,3,19.09311442220573,36.8534684332572,0,0.21228901199541242,0.6517252854476668,744,Sports,Paid Search,0
689fabbd-c741-42ed-ba56-70cd526715ee,6,52.10745921434937,13.103652868066392,2,0.1597680929411037,0.06065188592652574,1283,Home & Garden,Paid Search,0
b64164f0-965c-413f-a048-3a4b7b53f81b,6,36.344253668714785,26.89576402995094,1,0.22973850931616072,0.41373670158059994,502,Books,Email,0
ba400a22-11a3-473b-8ec3-54362b9eea8a,13,23.15191446417819,12.044000223034532,2,0.160443678623548,0.2328190637768148,317,Sports,Social Media,0
bbcd696a-0759-461f-a784-b4a81e3af404,16,19.539385091797186,79.76991690359135,5,0.003623098575370118,0.48845784403851394,1346,Home & Garden,Social Media,0
169dcdda-ae77-4108-b604-313f7989fe13,10,21.794289344510346,13.315555033371583,4,0.19219668215524643,0.20935970967987794,1607,Beauty,Paid Search,0
8fa58cb7-14a4-40b0-9cd1-a74fff437fb2,8,33.34104006574485,57.544586545226736,2,0.25842405105759325,0.39706846672201673,1069,Books,Social Media,0
950fc9e6-b09a-420b-827b-c9fb3286d85e,10,96.8009968449472,19.677544685973217,2,0.1950005885854956,0.534035204924903,956,Home & Garden,Referral,0
6044425d-5735-459f-9c9d-c71f9c4bf07a,12,38.446874043255576,64.1983755740544,5,0.2536084348548833,0.3587043738040046,1377,Home & Garden,Email,0
873d46da-8acf-4914-8e02-a9cd870d54bb,7,25.29775215033726,46.65109920337587,0,0.13296527863487625,0.2196043259503526,1337,Home & Garden,Email,0
15f78cc2-b247-4772-adca-6e5a229dd32a,8,23.768777446844997,33.040409704393305,0,0.045317681430807395,0.5080646730642343,12,Sports,Referral,0
b0cf4127-49f5-4635-847c-6e60caa95421,6,129.2198929803261,67.06785940464046,2,0.32175192261763147,0.13991592428182578,515,Electronics,Referral,1
2405faf5-7026-4db9-9a2b-c5586ab3203a,12,64.0574991300263,32.24271027481469,1,0.2847636474374783,0.2042700347679796,1700,Beauty,Social Media,0
97ed55a2-e137-4e0d-bdff-769e9042bd9a,6,72.45523254044384,103.34652149044622,0,0.02967906664969294,0.32401973626912517,1752,Sports,Paid Search,0
6d7c75a3-1ba8-4256-9cae-154561b6410f,8,60.21444579344691,78.47083398221565,3,0.40812673304364544,0.5080942658711259,931,Beauty,Social Media,1
8152434e-4184-403e-9476-55f87ae1abce,10,31.81848812977693,46.67513242351462,3,0.08044415006936655,0.11837160473052896,1022,Beauty,Referral,0
e131c2da-6cd7-47e3-a504-7301a8dcbb36,8,86.334453716446,125.76386398240332,2,0.2956847438182397,0.6539442022377915,2,Sports,Email,1
671f553a-6179-4d19-98ce-2f3a3e6ccdff,7,10.234346484259415,105.91703923170923,1,0.12250470573067926,0.28411975376170556,1227,Sports,Email,0
c0df6764-cbaf-42c9-a820-ca53fb396a70,11,114.52040760576655,45.536632082841514,2,0.2421652863527973,0.7365583881682267,388,Sports,Email,0
e1586a4f-8452-46b0-a217-80cf75432a60,2,59.962006623163816,4.254176265209934,4,0.37096041392104223,0.3725628346003354,234,Books,Social Media,1
cc31497d-a92d-4339-9ceb-73916f3cfd22,11,48.84832088147099,50.0821403907713,3,0.37934440574065287,0.4281502986290493,556,Books,Referral,1
d0d9947b-f2fb-4bbf-aef4-d4a906ba0cd0,9,18.072852322433935,26.334208500531094,2,0.03821515763734751,0.32396341362843817,1213,Home & Garden,Paid Search,0
98282dec-99ac-4847-a967-5ad274ade355,11,69.7395306377384,46.60646084880566,2,0.20191363989068464,0.6451838627969122,796,Fashion,Social Media,0
caa1b0e9-2afc-4695-a6b6-4f81e5a94473,6,82.76768901511456,62.499412010369596,3,0.27975028656800616,0.5664617673502698,637,Beauty,Email,1
feed4379-7f63-434f-a22a-a4271e9ccd2d,10,18.84924515160533,62.110972447761654,3,0.27158525601753714,0.7003245854339316,1326,Fashion,Referral,0
1d50404a-143a-4c36-99f5-efd164d2fa24,12,19.313761415307518,67.1639383892921,2,0.29180312507376854,0.5323027895286352,1485,Electronics,Paid Search,0
e17d99c2-8ac0-4b87-8f42-380fdc21ec2d,7,14.484989617502334,68.22908066058568,3,0.06893324139015844,0.7030599107959354,1586,Home & Garden,Organic,0
f2a17404-b333-4646-a2e0-5670323648d6,5,51.33596565685636,6.9436048391874365,1,0.4382360788933683,0.46152326017602907,812,Beauty,Social Media,0
475fddd8-9e89-46bd-b556-75f41bf8845b,10,30.614515944519347,12.770235429703776,2,0.2021938041377963,0.4442443358002343,1310,Electronics,Organic,0
37adb78b-767f-44df-ab97-32d3c21f4872,4,180.90765877136968,59.742931068171764,5,0.14369610420267795,0.412486009589238,1615,Books,Referral,0
43c8677e-fc46-476c-b24a-fe8685f4e7dc,2,10.0,31.472393021104093,2,0.24319645974817344,0.0922636678083322,1658,Sports,Organic,0
2d80dc35-5958-4032-adb0-1c6054ac912d,11,16.502381271176144,86.34416187059969,0,0.03589408870624856,0.3227196016031476,898,Electronics,Email,0
c323f13b-9693-4339-a417-be579a9ed53c,8,33.43557549912654,8.005663235084889,5,0.15244622862075424,0.5474604056417148,649,Electronics,Social Media,0
61c5f6ad-8ef7-4f7f-92b8-efb716f3e720,11,56.37405810131823,12.756182472669282,2,0.08424592838820168,0.10645213506473913,1642,Books,Paid Search,0
38ad7ce9-ba84-48ca-a3f3-434e29c054b9,7,54.36910944470545,49.049830623789596,3,0.17319113754087298,0.5292607599660323,477,Home & Garden,Email,0
a64ad4c1-e4d2-49ee-9fe9-ddf8ac97c413,11,35.4313589978481,41.67866035672542,2,0.38487749468883115,0.5283820648114107,1454,Sports,Referral,0
37b68237-c5bb-4725-b94c-b91fb55e91b2,6,43.899981104636325,18.587248711036093,1,0.21894492787055675,0.3426970889146597,1658,Sports,Social Media,0
4767e0b9-5af8-4946-9dc1-da57a3022fac,12,36.4064849539449,31.48971692803139,2,0.19823695057931362,0.2891619208620139,1350,Home & Garden,Referral,0
3eb38a4c-8018-4306-9664-f2e1058debe8,8,76.66861842236891,2.1364666112271644,2,0.28913780757233554,0.3978135055093481,1241,Beauty,Referral,0
a0a282e5-c1d2-43ba-8b20-e378e07ee2b5,10,21.221101251075925,2.2644864078881617,5,0.013830564344452368,0.6579167874593361,93,Books,Referral,0
6db0295b-25b1-4692-8b65-04446b8bd71b,9,23.233780610651866,5.984380720381345,0,0.052671950835746835,0.1659977169620595,372,Beauty,Social Media,0
d3b53370-4d58-4b5a-b0bf-0cb098dfccf6,8,57.48628429858371,51.59355395370954,2,0.48357429004575214,0.3961218807063608,1216,Books,Email,0
f72a04e5-f819-46b2-9d18-67a41021dc26,5,116.49774319479415,119.58104265374416,3,0.1188425566471484,0.2704421610150156,1433,Electronics,Referral,0
f6fa7ab3-58df-4779-8e58-d72055ac7da0,11,19.93747703067314,18.084412833596456,1,0.20374008662597837,0.49445507826851076,116,Fashion,Paid Search,0
62d78d14-65de-4ff7-9273-2c3bc9de4615,10,40.162994792204984,2.0717495183068118,2,0.1576785412805003,0.4223674821021001,35,Fashion,Email,0
62fb4de5-6779-4d01-a88d-98a20f006f3d,9,24.46536403200271,73.98908375417936,2,0.40629221937152726,0.29943367698824114,569,Books,Referral,1
