total_orders,avg_order_value,days_since_last_purchase,cart_abandon_count,product_category,return_rate,discount_usage_rate,acquisition_channel,tenure_days,churn
7,24.849458672949336,7.02392010459939,1,Home & Garden,0.18115371467149732,0.65114619701698,Social Media,1610,0
8,21.191171570832093,147.52327714653438,1,Home & Garden,0.40233205273375905,0.40599626705419906,Social Media,1692,0
7,47.54779906867341,19.405958015447318,0,Electronics,0.12303549796154305,0.403773376517743,Paid Search,634,0
8,43.80053900458134,51.42463999728949,6,Beauty,0.12635511524428428,0.28063491228158727,Social Media,911,0
8,21.878061646403417,7.476235965657096,0,Home & Garden,0.022809053727529567,0.3356161311290145,Social Media,1793,0
7,43.497270881467294,18.841000624735663,2,Sports,0.2971886292156575,0.46418499107417044,Email,325,0
12,10.0,31.046351062245204,2,Beauty,0.4240684480668922,0.2441964540188144,Social Media,544,0
5,64.60022710417735,40.05448287213868,2,Beauty,0.08566243990299761,0.48304436027967995,Email,782,0
9,67.79992168661356,0.004049995478585353,1,Sports,0.04851898808612939,0.20443404229340983,Email,185,0
7,22.08492073724522,131.70771820675287,2,Home & Garden,0.18030707154929243,0.4359904841657243,Paid Search,497,1
7,18.835558768888852,0.4622647482904658,1,Electronics,0.09823334532290214,0.1483646102799066,Email,994,0
13,31.626051385221363,89.1495308331218,2,Home & Garden,0.304894775690087,0.2912304949819158,Referral,417,1
3,15.989665301765866,38.158269412891755,2,Home & Garden,0.13270841927913013,0.34938895493030264,Organic,1252,0
9,18.106591196543842,44.525124478985425,3,Books,0.30080454362670783,0.37104070954254764,Email,635,0
13,42.36329144927978,14.011748672409606,1,Sports,0.05766353403769156,0.33738501300599094,Referral,164,0
6,63.259731708232096,56.09300309196717,2,Fashion,0.34367738249327645,0.47254626823409646,Referral,1395,0
8,42.70419906938727,46.231754046922966,1,Fashion,0.2995498401558855,0.1409171956047236,Social Media,1035,0
9,333.30670595024617,10.764569335603742,2,Fashion,0.4596590639188892,0.3885107291130438,Referral,1505,0
7,89.91546789694203,16.317894314453238,3,Home & Garden,0.33669122662100154,0.5839352565368161,Social Media,657,0
12,59.63844664078831,4.154807516979383,3,Fashion,0.4022876817632828,0.15940254484134975,Referral,36,1
7,57.93668074615036,4.114949833584085,0,Books,0.1412797400194412,0.2189138506577549,Paid Search,86,0
9,35.49554191240854,0.8322931569749027,5,Home & Garden,0.40613781551685396,0.0698055024054063,Paid Search,1451,0
10,49.58670494949868,14.944179231949743,4,Electronics,0.21201392761651985,0.4755925674774676,Paid Search,750,0
12,38.78665739080185,68.30257072764661,0,Electronics,0.06841668064297045,0.5200979572373994,Paid Search,1781,0
6,76.75901480783183,22.806738353662546,2,Home & Garden,0.3175643152800085,0.2657474319787496,Paid Search,1515,0
10,26.487911245885314,25.180012944141822,3,Beauty,0.07414612562771158,0.31957000511478234,Referral,30,0
9,25.37937190874212,8.487274578951311,1,Sports,0.2327855794218584,0.412620421374156,Email,1587,0
10,84.98328518110684,51.40645062278895,5,Sports,0.43956787604570735,0.17324723404711206,Email,389,1
9,22.91994284859624,25.126120302647205,3,Electronics,0.08115872149614325,0.3021746204512529,Email,887,0
13,15.549944074906774,67.67940179409308,1,Fashion,0.0715770073203896,0.2476123214815752,Paid Search,924,0
16,18.20136195329799,81.16216822071985,1,Books,0.21786350776144564,0.14389097750724816,Paid Search,109,0
10,60.27356556684033,52.72421836908545,2,Home & Garden,0.06295187970662064,0.46888763215513135,Referral,230,0
6,280.76238280125847,19.383596191773595,4,Books,0.15520811804553802,0.5582525641502406,Email,772,0
8,16.27853234514197,42.630761441291924,2,Books,0.05655589605382384,0.3743780769946544,Social Media,1173,0
10,55.485343961747795,17.41558789061751,1,Beauty,0.0225585924983385,0.3164654506897493,Paid Search,483,0
7,37.45053307508301,139.92876596300255,2,Books,0.1532435734960184,0.5021661239891766,Organic,961,0
10,81.65893106097192,87.2450417117794,3,Home & Garden,0.1506405863539464,0.267191243645344,Organic,692,0
6,55.09745150072991,40.75535546309816,1,Fashion,0.15535591744171687,0.17263983654955734,Organic,1150,0
3,85.81135135610712,201.93326994898018,2,Beauty,0.1980380984668185,0.5815066475220851,Referral,775,1
9,41.833964513301915,47.47940678846414,5,Home & Garden,0.13046278268415742,0.3481233957609269,Social Media,1554,0
9,16.98245599459344,23.897645808902624,0,Beauty,0.19255653527848063,0.5207715664609351,Paid Search,1795,0
7,19.220706960787997,6.020209386458887,2,Electronics,0.2823436509385036,0.5770628767014302,Referral,1666,0
10,39.2355991809375,47.082289710993535,0,Fashion,0.08228436512205364,0.2030583240627309,Email,308,0
4,48.11847472126833,118.1455853921965,0,Electronics,0.1387465576862901,0.2805438214990919,Email,834,0
6,24.352416000110463,120.91761347792658,0,Books,0.21536618222118284,0.6923357414488717,Paid Search,837,0
14,166.0099391009041,55.666444834372896,2,Fashion,0.0829212484878725,0.14743004617392394,Paid Search,1534,0
13,70.31446547088294,29.99693572666313,1,Books,0.16898656385845492,0.24072992644621674,Organic,652,0
11,10.0,63.040144656421504,3,Electronics,0.07649783562277594,0.060794520653546555,Social Media,1003,0
8,30.01442691501362,86.16447025829088,2,Beauty,0.29320470610165233,0.37383625402062187,Organic,1112,0
7,14.530153292949276,31.823424769076553,2,Home & Garden,0.08077590364960321,0.5615785961091935,Social Media,204,0
6,152.17422672800822,38.80492608554198,2,Beauty,0.1307879554782128,0.43424033820272234,Referral,1018,0
10,10.0,68.48172604747505,5,Beauty,0.09465969312727497,0.16773338700276771,Referral,451,0
7,46.2931282228351,125.56503383626065,4,Fashion,0.23469874005882058,0.4069536798562441,Social Media,377,1
5,36.54920803978405,93.92824106600213,4,Books,0.15202361652038868,0.4060074373708013,Referral,457,1
9,63.50544777504486,1.3587517300286835,1,Sports,0.05973779102965306,0.33366671633801953,Social Media,182,0
10,42.87156756554795,7.968859703250079,0,Books,0.4086060997402532,0.24979444907396559,Referral,128,1
11,173.3754978660767,114.94889111499816,2,Electronics,0.27276466273183114,0.30586895728742336,Email,1180,0
9,69.0164149053123,107.68204553116568,7,Electronics,0.18537111112817564,0.43848499656635437,Paid Search,1717,0
14,10.0,29.540528356501895,1,Beauty,0.06424807647690278,0.5184716564967474,Referral,1255,0
7,101.83694230916697,52.66429947468215,1,Beauty,0.14372164685674438,0.5794180794211321,Referral,569,0
16,38.959500758467826,141.76876391537894,2,Home & Garden,0.2512113188639704,0.12558153429056584,Email,612,1
9,101.97530845649774,145.5249605470986,1,Fashion,0.1824510742532353,0.41725291517724433,Organic,988,0
11,25.69603069205013,91.6971526589657,1,Sports,0.03429844348492246,0.8732884008100233,Email,1581,0
6,14.155967331626815,14.112128259367395,0,Electronics,0.33795053197243025,0.4792550191625909,Referral,370,0
13,12.16908082123318,78.62287821426146,1,Fashion,0.3138728074176505,0.28818947512624,Email,855,0
10,77.41006683569823,6.394904486171029,0,Sports,0.11818700152966087,0.487603171992696,Email,911,0
5,62.66121518985955,134.62414692918043,2,Home & Garden,0.27734908200285635,0.23968847972180282,Email,1699,0
8,20.623721655198334,9.691081381042489,6,Fashion,0.06418642133203238,0.5836614414103074,Social Media,978,0
5,10.0,65.14448372759975,1,Books,0.17690996305651066,0.328494704725889,Email,1425,0
8,79.81726604378392,56.533950877466566,7,Beauty,0.18442211861255714,0.30946335175109607,Email,161,1
8,10.0,90.00801810573829,1,Beauty,0.05421699761077838,0.41334330065183694,Referral,597,0
8,188.505827465858,48.121164953420646,2,Sports,0.12754314026771357,0.5297201915984634,Social Media,1116,0
9,10.419391136486702,3.6848651976966815,1,Books,0.32279485876112735,0.40640931128046887,Organic,1237,0
5,33.49048796152983,73.41916217422201,4,Beauty,0.2043510805364062,0.6090291114201848,Social Media,1615,0
9,39.80583024795112,28.988207220038102,3,Books,0.10513539137587848,0.21925116953218848,Social Media,1077,0
9,44.339723875954185,23.164901286417194,2,Beauty,0.25810816566182093,0.6500321273350457,Social Media,529,0
7,42.923819281461896,287.2990816865961,1,Sports,0.06678098440661695,0.16555991164599126,Referral,984,1
7,36.75784406852492,53.55441803217713,3,Books,0.2672382757084851,0.27597688874689874,Paid Search,1298,0
12,23.40011406142151,74.42141989242181,3,Sports,0.2631318773856969,0.11267082886684911,Referral,1431,0
8,27.69473102091461,44.834174802644576,2,Books,0.26978016795128834,0.6119485091138558,Referral,1723,0
7,19.659192249868415,88.17342278913853,2,Home & Garden,0.2364175976181836,0.2773626674314474,Organic,348,1
7,36.33209077207883,83.67719184845599,3,Home & Garden,0.14553341629374475,0.6579871385308579,Organic,1206,0
13,10.0,64.22705494882271,4,Fashion,0.1481726588067884,0.6229905180576459,Organic,366,0
8,42.62194347997493,365.0,3,Books,0.04572977542641633,0.49432043483281807,Paid Search,580,1
12,30.601910856219636,36.948232092497015,3,Home & Garden,0.137058403973194,0.22101665659833025,Social Media,261,0
12,64.9193631880279,73.48979830006783,4,Home & Garden,0.16021366223056643,0.19197904878765598,Paid Search,1410,0
9,25.973286836896797,95.90333947303859,3,Home & Garden,0.27210021595413264,0.25261268381963564,Social Media,1668,0
8,53.612526705256215,28.299632190601933,2,Electronics,0.10720995238357926,0.28535873109376975,Paid Search,55,0
10,51.50197668637374,36.65810072171845,2,Books,0.30976181199300196,0.5240158620020867,Referral,1484,0
10,29.628830219642772,208.75070242959015,3,Fashion,0.19309965512176952,0.7197951558006673,Referral,441,1
11,43.91719160903784,1.9694324660141245,2,Home & Garden,0.219422253130552,0.13504193173027718,Social Media,889,0
14,11.312032581370735,24.50477577655346,1,Sports,0.48776756675540395,0.15865792643639176,Social Media,1365,0
6,96.85861962016568,39.95678537992838,2,Electronics,0.316907075883982,0.6942960747718399,Social Media,925,0
10,21.403684110885106,0.08796403324487134,1,Books,0.2077151689447594,0.44056331054988274,Email,422,0
9,28.71292745375169,137.63363882589573,0,Beauty,0.02129514428768916,0.6282909891957097,Organic,1653,0
8,14.263903331995522,20.23288034733152,1,Fashion,0.11317937066372416,0.35956697173878277,Email,1083,0
7,17.911279375140655,17.880498871486246,1,Home & Garden,0.09505726049896558,0.16290507292548134,Email,1699,0
6,123.32591413853136,102.99673611096013,2,Sports,0.14905093668494604,0.3177462735770087,Referral,1545,0
10,36.977592625030304,19.542414668289403,5,Electronics,0.21642907700161876,0.06610637926672022,Referral,1599,0
7,26.11663453464975,64.31049742530972,1,Sports,0.06337283578708718,0.301686748885845,Social Media,660,0
5,26.00050078896128,103.39105744882093,2,Sports,0.2077478873557311,0.6874330925570469,Referral,1801,0
8,33.16791703740612,94.35074209417547,1,Electronics,0.10131322901614631,0.3834265387658374,Social Media,1555,0
7,59.02530144451854,91.38205599666958,4,Sports,0.14788445052817437,0.4547316961235101,Email,616,1
4,38.670260022001635,5.568877388970878,0,Home & Garden,0.13039890871436935,0.34062206009148044,Organic,1636,0
11,39.33662080671591,4.992916990601477,1,Electronics,0.11592547308853125,0.15791094288422267,Referral,1378,0
12,15.822953955971377,21.983609764545008,3,Books,0.1917831382777295,0.6495848243540481,Email,1323,0
9,26.179083173349163,2.1965952410219876,1,Electronics,0.4532842368763157,0.6012702454620148,Social Media,12,1
5,37.532843426590716,41.6404213894315,1,Beauty,0.2621837392722204,0.4235757402567497,Referral,42,1
6,32.299357259862894,30.129999886461405,2,Fashion,0.18337981425432182,0.2507173245135606,Organic,1268,0
12,23.743301915233324,48.85464023839175,0,Beauty,0.16990865747783557,0.2560049261700394,Referral,509,0
7,22.065081810706324,21.296746845609356,1,Beauty,0.03149895294684685,0.4041182796359191,Social Media,107,0
10,46.92035455408672,39.90321207674573,3,Home & Garden,0.18561488450509003,0.7484213416702772,Email,522,0
8,47.854144664803975,24.4550700734711,3,Books,0.1046342501044745,0.3476753097030374,Email,1529,0
10,73.07820182122705,13.030292078199164,3,Beauty,0.13698430686035135,0.19656659146351516,Organic,859,0
8,38.73048661958199,62.88085663058852,1,Home & Garden,0.4373879835652758,0.7904314773030553,Organic,1123,0
13,10.0,67.14774176820971,3,Home & Garden,0.3582719317244863,0.16738187699799972,Email,1461,0
12,218.46651485342588,106.04685417516022,0,Electronics,0.21605974039551393,0.35692600003952196,Paid Search,590,0
8,32.88309866146471,124.64746655248754,3,Beauty,0.10295594638379467,0.29653160028621256,Email,21,1
6,23.85471487959734,73.13745187299847,3,Books,0.047057057094251904,0.21493288810817818,Social Media,590,0
8,31.60993414284651,69.78868123538773,1,Electronics,0.1156135081613083,0.3400240375263346,Referral,1745,0
11,24.122011638339274,3.5007069770642834,1,Fashion,0.05658371471457091,0.2752594359607258,Paid Search,880,0
11,17.20219027459097,6.977148222490855,4,Fashion,0.27071676388055443,0.44063178887969306,Email,1040,0
4,54.14375818312779,100.45865669594099,0,Fashion,0.304452033668799,0.21988191586970257,Referral,1388,0
12,29.404948434723572,15.912296127981696,4,Electronics,0.46018798896441776,0.31748208737969746,Organic,210,1
10,30.82877193648981,26.362884510319354,1,Electronics,0.25234239693382066,0.6013386518155294,Email,1339,0
10,10.0,9.420099156758258,3,Fashion,0.07651516497627739,0.290374216436621,Paid Search,544,0
10,27.62743840444295,13.026108013399668,1,Electronics,0.12404787198666728,0.4104321432817315,Social Media,709,0
11,13.995184651782195,89.61065866145428,2,Sports,0.2523698948901455,0.39243067335045684,Referral,492,1
7,21.803071152636083,18.217275300725476,1,Sports,0.31443082209761547,0.20480786097614648,Referral,281,0
11,40.00578526026527,35.76503588924996,1,Sports,0.2715883509541818,0.2670905128863271,Email,660,0
15,20.27099013273273,9.869231189490657,2,Home & Garden,0.2060077930135135,0.23736878931799305,Social Media,173,0
9,22.63656980963496,67.97916449273583,2,Books,0.03371271539878182,0.554132626676889,Social Media,1541,0
12,35.7754443324864,78.17672245944769,1,Beauty,0.24383933366181862,0.4578278135660224,Organic,559,0
8,22.08258487393515,26.936091092439057,1,Books,0.3108629374723371,0.44763751840117016,Email,1193,0
6,14.235652767735,92.15637326906526,4,Books,0.19472019632810578,0.4871907075057357,Referral,542,1
8,10.0,16.45884160956315,1,Fashion,0.08435685126462666,0.37153871241014247,Organic,385,0
10,43.34800265081196,70.64060452046562,2,Sports,0.14818557107153482,0.4762183998429562,Referral,1302,0
9,21.906783210342923,78.55212891977109,2,Beauty,0.027230736099229297,0.28631819751822934,Organic,1139,0
11,10.0,207.76658254585317,0,Sports,0.1471838464420377,0.4317538743554455,Email,398,1
10,89.70531621784836,15.86306810692969,2,Electronics,0.05950158800620259,0.6227972551830564,Organic,1117,0
10,43.3983055535998,5.903787932122622,0,Home & Garden,0.07837652945387903,0.2307872033689335,Organic,10,0
6,12.802488641433145,18.312927045374913,1,Home & Garden,0.11020614655990163,0.2104039130853964,Social Media,323,0
6,18.845818201952774,7.865470109313955,2,Sports,0.07341951267252562,0.21583271005559915,Social Media,1328,0
9,76.48767171119523,11.157680578769869,3,Electronics,0.12608184274662093,0.1963991476009208,Referral,749,0
9,28.77932482132116,24.398253776925724,0,Sports,0.214564728413411,0.49786461735568,Social Media,372,0
4,23.695941272351714,32.06518193718024,1,Fashion,0.28547332644091183,0.2371917217370365,Email,923,0
5,60.37288761404488,140.43231343565012,2,Fashion,0.15808185065550082,0.4090987344851369,Email,849,1
9,28.95510400210031,13.060693668894737,0,Books,0.3025632201598265,0.5274076338833703,Organic,1157,0
10,88.564957082053,214.01877621609435,3,Beauty,0.19572812737206208,0.41682249647551767,Referral,133,1
9,23.803670860973746,99.69227399914162,1,Beauty,0.23887276078821135,0.3492210307227177,Email,1495,0
9,20.982831340837357,127.95605472296533,3,Beauty,0.18062098222702325,0.18364933930685395,Organic,107,1
10,33.55794128778117,159.08090476919762,4,Books,0.11681913403216324,0.5033898360717991,Referral,828,1
8,71.64633250354832,83.96063556549609,3,Sports,0.2920757601937721,0.4806856287160226,Email,1296,0
12,40.4315539912922,93.2912542483149,1,Books,0.14163974733912632,0.18629577304386852,Paid Search,629,0
11,35.97542666200411,34.5558099417194,3,Sports,0.3460927690362872,0.3094592267052029,Organic,1661,0
11,17.358647232678777,42.85614939321125,1,Home & Garden,0.08523448330084811,0.183512273459964,Email,1378,0
10,15.433600867187746,161.72470827918505,1,Fashion,0.44663913872327254,0.2190609225457127,Paid Search,778,1
7,71.70931028242153,28.51360225615651,1,Electronics,0.11818202193746705,0.5491311927743928,Organic,336,0
6,77.99727438423204,2.571135312838748,3,Electronics,0.07892249322339719,0.2549005507658381,Email,80,0
10,76.01084994608729,86.31955957664219,0,Home & Garden,0.17065008082546626,0.6033804806084854,Organic,1463,0
7,62.354786932055816,51.08041282241703,2,Beauty,0.1437543793808676,0.1628220612795125,Social Media,355,0
6,47.33326917000962,101.2037522850618,0,Sports,0.3819879761278401,0.3995548408730465,Paid Search,492,1
9,46.75717152003561,4.713460981831816,3,Beauty,0.09590080308859715,0.3055684863805637,Referral,19,0
10,36.85069928022612,58.249882403406836,5,Fashion,0.224091441853344,0.40228179220745885,Referral,34,1
13,51.91759415298987,17.077675505951934,2,Sports,0.34307850394490114,0.6056824697981525,Organic,421,0
9,32.02918422288598,140.14902940204746,1,Sports,0.10122152840832316,0.1469315504966203,Organic,1593,0
15,51.80138064030528,6.985957804442193,3,Home & Garden,0.04656312139420522,0.49088633105705903,Social Media,1425,0
4,68.99595283849273,111.11704791309111,2,Home & Garden,0.03868250223828793,0.1694789089837006,Paid Search,1405,0
7,12.107070649696775,5.563392364641012,2,Books,0.1682338882481146,0.32572403112087406,Organic,1509,0
9,79.60294819583117,1.5250598856962903,2,Home & Garden,0.2160005977016544,0.4378654092464566,Referral,341,0
11,31.618763240942933,16.077428070159034,3,Books,0.39546210438065615,0.3183114286931492,Paid Search,1786,0
5,106.33132077434824,24.301920797837308,4,Beauty,0.1535393608926087,0.06186468782692947,Paid Search,424,0
7,91.50310949620922,59.094858620398,1,Beauty,0.0582143963694358,0.7406618555999785,Social Media,274,0
10,14.518133088990798,8.474779829970352,1,Electronics,0.048203583070002866,0.35384923545391495,Organic,538,0
8,33.13227498253394,34.50371101899849,3,Books,0.15814410116806624,0.6730889779349782,Paid Search,968,0
12,10.0,13.709238384210487,0,Books,0.4356569167435383,0.4851285046145749,Social Media,227,0
12,24.316093502235837,115.98693601930795,3,Beauty,0.1499236857310454,0.0676177413305396,Referral,1348,0
9,44.017693852609554,2.760532134497673,1,Electronics,0.06925991951469186,0.5037515594865167,Social Media,678,0
11,65.2067797008416,26.397591591844304,0,Fashion,0.20520494260305702,0.14018669756513763,Social Media,1037,0
9,35.00142922665949,59.87837496028412,1,Sports,0.25010640792367916,0.5900438428215128,Social Media,1340,0
6,47.1912108435823,146.57167290805586,0,Beauty,0.28312520684692566,0.10545877466596595,Organic,1646,0
6,18.878997846908135,121.49421177363554,0,Sports,0.14549641961557178,0.3996018057004539,Social Media,1495,0
13,32.615399440987645,135.33751017143408,2,Home & Garden,0.03497860506885699,0.5294572644490161,Referral,981,0
8,20.65326204826774,3.894926325436461,2,Home & Garden,0.24222474447264916,0.3063208286367932,Paid Search,1808,0
14,41.51466558451616,110.30211365316782,1,Fashion,0.19046595695142918,0.07813105996391985,Email,967,0
7,100.66340283257267,90.8238264783853,0,Home & Garden,0.18606521309952964,0.543668370331274,Organic,978,0
8,31.640901373858295,139.6321268109998,4,Sports,0.3614311303623285,0.23206239531828324,Email,290,1
13,11.057664981903839,22.401044401092573,1,Beauty,0.18060516591808762,0.3353861744325767,Social Media,272,0
9,38.745747426462344,145.6651664233902,3,Beauty,0.13815046281242457,0.5938611619468185,Organic,308,1
13,58.22696696818085,30.914228923573262,1,Books,0.2506861827591942,0.1994168839626359,Referral,1080,0
4,15.888234173202507,60.32366085020376,0,Books,0.14777250980846962,0.42174329368470154,Email,758,0
10,89.43149597684753,33.1175049121119,0,Home & Garden,0.26156639077641836,0.10608502543133623,Paid Search,704,0
7,20.55138883356959,33.48011066673357,1,Sports,0.1864604023317554,0.4226146698093739,Referral,233,0
7,18.02593990904519,47.4637314804893,2,Beauty,0.15432762275397252,0.1355205204884115,Referral,696,0
9,10.0,26.396565264987778,1,Electronics,0.27695485766662065,0.4634300639300415,Email,690,0
9,41.060210601756154,94.42600398648598,2,Electronics,0.26852418446418497,0.5458215401392555,Paid Search,1133,0
7,141.56984727112425,60.24812224193131,2,Beauty,0.1816084161603927,0.45492578831076536,Organic,709,0
6,44.40712961945448,70.22372554218252,2,Beauty,0.10331089469044073,0.5443221026247048,Referral,764,0
10,18.405572448639166,15.762573861895925,1,Beauty,0.22994481439875963,0.3165798437229668,Organic,498,0
12,49.92759610536105,209.55000731253097,3,Books,0.07993843783378551,0.33476510538547366,Referral,240,1
8,62.820567188359654,64.7596638103661,1,Sports,0.04611345617377059,0.6001177033935943,Social Media,548,0
10,83.80831154252407,13.178670645947246,2,Beauty,0.14976738962793104,0.595894133878055,Referral,79,0
5,12.329789798250907,83.29543561383623,0,Books,0.3893462075994626,0.19853764905376647,Organic,372,1
5,114.71465866735227,11.44886659937393,5,Sports,0.33585779906056235,0.406485303220802,Paid Search,593,1
7,39.28162533416981,3.928971376068654,3,Beauty,0.27599573202247096,0.4284002908534828,Email,266,1
5,134.63341585124965,44.98983276901464,6,Electronics,0.12692874465332318,0.2326196211917013,Paid Search,1213,0
11,37.50486174445943,48.382171730675275,1,Beauty,0.13997100090524178,0.5361276324865075,Referral,513,0
11,52.53136550771313,12.566686670465979,1,Home & Garden,0.26117750740415563,0.4249006761965946,Organic,1123,0
10,15.503993826688756,25.69752533528679,1,Fashion,0.10822335085954794,0.4030737363626195,Social Media,1175,0
16,72.8113996831555,174.87048183265583,0,Home & Garden,0.14751929373896572,0.6440179142190561,Paid Search,816,0
8,13.991774455909926,20.128635402025814,4,Sports,0.02480731810584342,0.7086781301323974,Social Media,820,0
14,41.05952789467013,10.145468337280791,0,Books,0.27084654131033437,0.3059320462850936,Email,1061,0
6,23.46636640756574,294.068863576937,2,Books,0.08963312567681882,0.3793470726112992,Social Media,479,1
11,30.861705027686277,21.598440195368525,4,Electronics,0.14322718907882537,0.14888688794158875,Email,39,0
8,78.89988883016719,68.41363956871899,3,Beauty,0.30655212538399673,0.522861288459444,Social Media,1177,0
12,24.927758754499457,15.803581760141656,2,Electronics,0.3548638101291572,0.3371785660214915,Referral,1110,0
8,80.20132134160198,47.92662354774746,1,Home & Garden,0.07440229383033486,0.10732695527196463,Social Media,869,0
11,23.913167342927238,29.293183074424352,2,Beauty,0.1559761629195511,0.5881920014284682,Paid Search,1598,0
10,36.77156264094802,195.5494734717873,2,Home & Garden,0.014427172071239454,0.313516268322622,Paid Search,928,0
13,184.90711476511896,34.02321965542752,1,Fashion,0.026161901797296966,0.30643253486781064,Paid Search,554,0
6,36.50238470187545,52.64932910283052,2,Sports,0.18600291156794777,0.5408164525167224,Email,1302,0
7,31.165431804802495,173.77088324175534,2,Home & Garden,0.1565759672146465,0.5000998834560962,Email,1756,0
9,37.038500031904064,271.88340713825556,0,Home & Garden,0.24274047892690329,0.2561398680269513,Referral,1345,1
12,25.426714724952223,6.432290523291861,0,Electronics,0.20490419165914103,0.44966361359284995,Email,1658,0
6,14.863603966547164,107.86208157604447,5,Beauty,0.04350222845582665,0.2575136828813275,Referral,206,1
7,171.9697439722689,28.887320472856857,1,Sports,0.24193836241391467,0.4421100918816841,Social Media,221,0
8,23.92539907916549,54.20672121913664,7,Electronics,0.11293244256617374,0.2640529052212474,Organic,283,1
11,10.0,28.204833511986607,1,Fashion,0.18871724987785676,0.28506272197620436,Paid Search,1283,0
8,29.244013104948664,30.761261946642207,4,Home & Garden,0.30405683442825776,0.25692767423803,Paid Search,711,0
9,44.057634450386516,10.37965410014709,2,Beauty,0.13347946795711985,0.4176710215308523,Referral,872,0
10,28.04368622634404,51.025468770134545,0,Home & Garden,0.16912210179773002,0.5562852088285102,Email,478,0
8,31.848959780514445,47.47417794712335,4,Home & Garden,0.2884562864244365,0.3651272069099378,Social Media,1343,0
8,29.045909719196132,12.595561477508083,2,Books,0.0913495137892503,0.2845176587682173,Referral,1542,0
9,46.5454583582575,46.81786114645435,2,Sports,0.27374386980444365,0.1847735391443,Paid Search,293,1
12,63.763586719837214,216.9419388665536,1,Electronics,0.39139960038297705,0.25484584361706336,Referral,352,1
13,28.389767962024326,75.19158878981533,0,Electronics,0.06137088291789074,0.49165635131768237,Organic,620,0
9,262.8851063304709,39.349067549712274,1,Electronics,0.12217471860362707,0.6676157101088245,Organic,512,0
12,76.1506271578374,148.6763285190183,3,Fashion,0.18317860826499133,0.2853039152089098,Organic,970,0
6,32.97120822314671,51.384362766499066,2,Books,0.2335551902131957,0.35775974636121205,Social Media,1373,0
11,11.533459066644209,8.704875806916547,4,Fashion,0.2490193333077838,0.3141117232134741,Organic,1447,0
10,36.28549693420093,47.57933023211731,0,Sports,0.15186777021252193,0.6342950358635983,Social Media,381,0
10,63.50435707952431,11.97830216980398,0,Electronics,0.1739316171443855,0.3988104062894677,Referral,321,0
8,63.894937861089836,87.53315195935492,3,Electronics,0.18669515366062706,0.20587291631754126,Social Media,664,0
10,10.0,204.99245537364968,1,Electronics,0.03727917072453413,0.20910094937022172,Paid Search,270,1
13,36.317120198716445,26.854017578704088,4,Home & Garden,0.4069849228683796,0.27910189357673265,Email,168,1
8,22.545390739753206,34.247052809165055,3,Home & Garden,0.20316272718332676,0.31388478030906114,Organic,443,0
11,109.70083018322465,32.838637494863136,3,Beauty,0.08284621006170649,0.37888523171013977,Email,719,0
8,36.55958579107894,20.153542253320936,1,Electronics,0.019852685982038796,0.26432432905805,Referral,1073,0
5,10.0,94.8451864759812,5,Electronics,0.2532699836103428,0.26418506126807145,Social Media,1320,0
10,44.463187468889664,57.69742513909894,1,Home & Garden,0.2752056969404172,0.05084589260550055,Social Media,407,0
5,10.0,3.971693167999753,1,Fashion,0.22595157896028942,0.39223317364537874,Email,1494,0
8,47.46975031647585,109.50892492996834,2,Books,0.18837161139255965,0.26735096912309414,Referral,62,1
16,262.3707537915258,12.42796204363999,0,Fashion,0.1056390199284501,0.5792170870563877,Email,810,0
11,98.32486290777072,232.2274229852066,1,Books,0.08122817822689478,0.40046542110248873,Paid Search,1155,0
6,40.733967011585555,28.360091907807355,1,Home & Garden,0.14869807258385584,0.4687280161209186,Organic,532,0
8,19.53937571802638,57.49706211718888,0,Beauty,0.06506339825841471,0.43318804073982187,Organic,1248,0
4,91.77429288476853,4.861126260346335,5,Beauty,0.13944249684902074,0.5707739008740566,Social Media,1582,0
4,55.075904729850166,25.35636545986597,4,Electronics,0.39822980102582217,0.17611488251994895,Referral,164,1
9,26.7498152437775,97.27665069018215,0,Electronics,0.09144161003813167,0.35245854173859575,Referral,935,0
10,21.52020582501398,38.914352434791944,1,Electronics,0.09953618425814788,0.3817178208570194,Social Media,35,0
9,16.03235438253344,140.9827929798659,2,Fashion,0.16943267532973255,0.23503281225521405,Referral,510,1
5,44.68988372561829,51.35951440635989,3,Electronics,0.07748723018897614,0.31625280927331473,Referral,250,1
7,23.726424342919373,158.3440839128012,3,Books,0.2307151954358079,0.4720075301970405,Organic,1139,1
8,37.8745078188112,243.1112762070708,4,Electronics,0.1248146673176277,0.442398807210817,Paid Search,454,1
8,69.56171282092814,36.296592446761935,4,Home & Garden,0.4627660532175203,0.16449274816886367,Paid Search,516,1
5,23.257631235245142,49.96615497880722,2,Electronics,0.5350222473124298,0.29957847277730115,Social Media,376,1
6,55.483174962362185,108.07973824251778,1,Fashion,0.22683279512012466,0.1485546153376611,Paid Search,445,1
14,88.04634859816238,15.025721095663418,5,Fashion,0.22215338823161176,0.14772884576493908,Paid Search,411,0
12,45.428719613806706,118.66925652129818,1,Home & Garden,0.31736484935097853,0.45492644902449436,Organic,1273,0
5,57.954214398670814,53.77754336172063,6,Sports,0.40146742300884963,0.36349849124206324,Paid Search,1744,0
9,45.70060783023142,77.56827067420639,3,Fashion,0.049425609748170375,0.5541916905437813,Paid Search,895,0
7,33.54908625583557,4.993377030478276,1,Sports,0.1641841159413179,0.5648312639356946,Paid Search,1096,0
5,64.69673070539797,87.19419308950106,1,Home & Garden,0.26247256264681806,0.1804171920873075,Email,1493,0
6,119.98554962114429,22.332286416004944,2,Electronics,0.08150476924992478,0.07519980396427473,Paid Search,869,0
13,65.62738911284474,98.15685562498969,4,Beauty,0.21116291032089232,0.2848543794748171,Email,551,1
10,28.36353776141548,42.697312085764,1,Sports,0.21853707281677132,0.5173049626434744,Organic,1735,0
8,28.96330986934016,19.263108815119374,1,Home & Garden,0.34610654354388054,0.3455206112618932,Paid Search,1653,0
12,29.843142780448254,183.15047244456252,4,Sports,0.17504077761903655,0.47144761627316756,Referral,402,1
11,70.66441044655228,86.90611933630949,0,Sports,0.13941178932082718,0.27800019926943614,Email,1283,0
12,21.736834425894223,254.79134163694076,1,Electronics,0.16984785507475703,0.4151163052684619,Paid Search,1181,1
14,14.592424279046226,27.197749361748308,3,Beauty,0.054742843808134135,0.2794317167952153,Referral,1185,0
10,48.18938250009331,62.855699277418836,2,Fashion,0.04067271359627239,0.34479371156083316,Social Media,1516,0
8,33.69381768595638,56.74142353671178,0,Sports,0.08785790009947951,0.4523596506479019,Email,1230,0
6,108.31603587282788,69.79994386271618,1,Books,0.29741445474677164,0.46029920502399163,Organic,945,0
9,10.0,2.3441971920670834,2,Electronics,0.027442232975520408,0.32720127956569023,Social Media,1544,0
10,39.11350842749481,20.69488971879845,1,Books,0.031050711953785882,0.21713163813145064,Referral,484,0
7,23.975156152103313,144.03673633197235,0,Electronics,0.16676187302951628,0.429415637353532,Email,1239,0
8,63.321396932380985,33.08011574032363,1,Electronics,0.35349070201379523,0.31895657338768524,Email,1280,0
8,26.469828705633294,194.10592102603235,3,Beauty,0.049002366849395795,0.5037347524049046,Paid Search,1588,0
11,20.887682504701978,14.409995422191002,0,Fashion,0.018199967954346138,0.33710814707590614,Social Media,1821,0
11,70.01461866394308,357.69043057109093,3,Books,0.20318851874731964,0.5446462150892567,Paid Search,1017,1
7,92.12894137781194,71.75649029531434,3,Sports,0.06989598458424005,0.24348352230740175,Organic,884,0
5,30.626187475734316,89.87202772625304,2,Electronics,0.08922554245496149,0.266077194249525,Social Media,1096,0
5,31.099771615415378,30.336472814017746,1,Beauty,0.09915357764220628,0.4378989826592326,Email,1202,0
5,91.51148506167593,142.514586901499,4,Books,0.43684102700363375,0.20831132067245375,Referral,1301,1
10,83.68616955905195,47.3085445585315,1,Books,0.03362426753973713,0.6550838754737626,Organic,513,0
8,75.57613434768136,68.5422617646791,3,Fashion,0.3570366297910774,0.20688996594433642,Paid Search,889,0
12,23.99427587923023,5.97651017059526,1,Books,0.14524551225961055,0.04659634507778829,Paid Search,677,0
9,19.55488404396859,59.928303383756905,3,Sports,0.12749574766597568,0.34625040333200435,Organic,71,1
13,122.64757267521384,126.75706452625204,2,Books,0.278710560729056,0.41521512972387287,Social Media,1112,0
11,53.93440599996336,11.781570190428853,2,Fashion,0.17045081395507478,0.5450497209238749,Organic,1596,0
5,18.298470117263424,80.30191625634741,3,Electronics,0.1772829872689319,0.41673175582346184,Social Media,1681,0
4,30.414321579198813,1.543735640915286,0,Books,0.16951247828366772,0.6127367779157613,Organic,944,0
6,35.44483872450141,156.38624538251932,2,Books,0.31577630087033165,0.23254177934628792,Organic,1397,0
11,30.431653350930784,244.1806952545352,3,Home & Garden,0.35913163508720286,0.2341005581289453,Email,1300,1
6,26.211377692323023,26.23407331371585,2,Sports,0.19057314290714986,0.40174994603581726,Social Media,418,0
5,88.63097694391976,6.795083998485986,4,Beauty,0.11970691525343805,0.40774105709076613,Organic,115,1
11,50.537887760834835,64.47787503839913,5,Sports,0.28227623483813885,0.36543747772167284,Paid Search,1365,0
7,200.86831608236815,1.8173170838544048,3,Beauty,0.09012711956493294,0.31883225357044404,Paid Search,516,0
11,92.60166158923914,39.52315467739991,0,Beauty,0.25071531700391647,0.11710497781633859,Social Media,1003,0
12,36.93092477073093,19.029056755584136,0,Sports,0.27058450536923667,0.2583766914694386,Organic,956,0
6,102.89259454073706,38.471898217444064,1,Beauty,0.16329508401990997,0.6220502955938477,Social Media,1492,0
9,43.915234105613166,1.1066744940027013,3,Books,0.28135029099242354,0.35721891751363927,Organic,1176,0
7,229.20881785671446,3.1795062476150617,1,Sports,0.18869353267286115,0.17320746990647265,Email,1546,0
10,25.739973988125797,0.9662890828814223,1,Sports,0.11932710050447567,0.45541464335479936,Referral,1373,0
12,47.581114756409605,57.918124762589485,3,Home & Garden,0.14677138155186872,0.6083160248619272,Paid Search,1824,0
14,20.47975202122641,49.27150505431794,3,Fashion,0.1883969753383963,0.5212413190163908,Social Media,1576,0
5,24.413830548472493,15.928469659161342,0,Fashion,0.1384368328560059,0.4550958832391632,Paid Search,386,0
9,25.201020774014797,62.41660598721169,2,Electronics,0.1919404255724923,0.25961896675318186,Organic,1754,0
6,89.03142211438467,129.35720299762573,2,Beauty,0.09999235272784385,0.5662065254254655,Paid Search,621,1
12,39.11185419969533,19.487499741057306,3,Beauty,0.22012916152987788,0.2350231077115443,Organic,1109,0
9,10.0,107.02526654369656,1,Beauty,0.5563543928673662,0.5243604826149949,Social Media,1718,0
4,35.692018835889094,65.1730103203221,1,Beauty,0.1130617493417501,0.12056197415960618,Referral,391,0
11,15.193879026234036,2.064335124601039,1,Home & Garden,0.31069157168495737,0.612343978661752,Email,1564,0
13,23.276974693300517,28.21460948024654,1,Beauty,0.10137277714213398,0.5333998024776916,Email,1739,0
8,83.13777802554128,42.52699323010904,4,Beauty,0.12298206330183113,0.32118239165817003,Paid Search,1558,0
9,11.3048658773417,78.93879014266696,2,Books,0.15401550294267116,0.5764953926232985,Social Media,1495,0
3,12.397279290185232,20.307419189375874,2,Beauty,0.18140604462566637,0.016052688078291587,Social Media,483,0
7,10.0,243.52742751138402,4,Beauty,0.053189473656874826,0.18989976895431449,Email,743,1
3,24.28993142676075,69.22335391986087,2,Electronics,0.2531174807419445,0.24226834276607073,Organic,1387,0
12,10.0,27.990697013225372,1,Sports,0.07608109562246483,0.5486721620295097,Email,216,0
12,10.0,6.123627283030016,1,Electronics,0.2459582740862106,0.35083941711198724,Paid Search,1621,0
9,27.554356692568405,12.007219902930022,8,Fashion,0.04932448163770947,0.2548539926836893,Email,384,0
15,42.56228208308601,40.119891216018246,0,Electronics,0.07871429863224443,0.21025282680495155,Organic,1031,0
14,15.976191478820825,40.95562644511543,3,Electronics,0.05638157873595921,0.24542201694501978,Paid Search,192,0
3,44.207050351984634,87.5883852518618,4,Beauty,0.1170407657398907,0.2724874997559868,Organic,338,1
13,36.18111464111094,77.71631995961874,4,Home & Garden,0.07585206086064197,0.27275312513417344,Referral,1068,0
8,51.015099517787505,13.484167015269644,2,Sports,0.16372916133018128,0.22488882217270528,Paid Search,1158,0
10,14.403494475745033,54.22566647272541,2,Books,0.19719531297465984,0.15318081401231715,Organic,493,0
7,161.9298197730545,1.2502439547481945,2,Beauty,0.09776900827200206,0.42821111970788195,Email,218,0
9,13.310079703955108,30.504452918484496,4,Books,0.12315519704458991,0.3550006472798679,Referral,1003,0
10,20.078959027381888,86.66217048242336,2,Home & Garden,0.38980491890595925,0.2999321340748974,Organic,1534,0
8,49.997829464923356,30.600416867075108,1,Beauty,0.1733928752372371,0.5561836748885314,Email,368,0
9,36.38826941594856,108.32579546205076,2,Home & Garden,0.17170195824809398,0.542402225057149,Referral,1262,0
7,65.20493222865753,224.17157366632608,2,Beauty,0.16956689379476592,0.12266366242048449,Social Media,704,1
8,25.843749885731842,56.069207236903495,2,Beauty,0.13024673589229077,0.152668628977251,Social Media,1721,0
11,12.410722432340792,9.399514662475166,0,Books,0.09325956397707658,0.35703965068243176,Referral,151,0
10,10.0,28.650918240864193,1,Beauty,0.2806088529396545,0.3737238551999947,Organic,73,1
10,137.50898480222895,0.571716504578313,7,Electronics,0.3487287496469745,0.42984533930790403,Organic,227,1
3,25.987251761246988,55.38773209980656,1,Sports,0.05639013478357408,0.11332389749580664,Paid Search,1428,0
7,28.96487170586786,103.41303062241651,3,Books,0.18811916176771531,0.07914085251793315,Organic,1684,0
10,139.92591884051242,59.645420255971594,1,Electronics,0.37502286176308713,0.438111807788843,Organic,1501,0
5,22.338812335595325,92.53093711632263,3,Electronics,0.5873880200647308,0.7438424541249744,Social Media,1310,1
14,33.76394165217695,96.53745984907219,5,Fashion,0.30513442759773785,0.32231294163684776,Social Media,106,1
9,14.49727602967901,114.2336028445776,1,Home & Garden,0.17762417371203343,0.4147348121445544,Organic,390,1
12,11.59011317755955,18.60905976213051,1,Beauty,0.25322794841446467,0.5548712981943312,Email,1707,0
7,150.17803802208576,123.00159698126772,3,Beauty,0.37236686257054624,0.38095395011006644,Social Media,1136,1
9,151.85216007579447,63.695292761621864,3,Books,0.017136897965418712,0.5027399120990513,Organic,855,0
8,74.95114980819488,20.526230617581245,3,Books,0.12817151933439713,0.4945883008759907,Social Media,1190,0
12,72.96723030182028,261.9442338032391,1,Beauty,0.05157827649157944,0.3256322302599536,Organic,326,1
9,60.55152997452165,179.963209074431,2,Sports,0.2844508278407978,0.2905896994029582,Referral,1629,0
12,18.330421394312605,51.26109844315163,4,Beauty,0.07349515821615356,0.46190831006051697,Social Media,1198,0
3,41.78690442475696,111.17025636984869,3,Beauty,0.3463532600128111,0.5600206133394828,Organic,860,1
6,22.13091812151298,18.18760285412378,4,Books,0.09499356509092952,0.2834270439964039,Social Media,835,0
6,10.0,32.27505891130451,4,Electronics,0.30663314390893537,0.24800347992515182,Email,1501,0
7,81.0783311965095,12.198379061115583,2,Electronics,0.3133036365062247,0.29882932559908115,Referral,562,0
13,51.61023712944258,44.05098220547473,1,Sports,0.24541080740673052,0.5027527626803737,Organic,251,0
6,11.544678328702728,41.11091090151446,2,Electronics,0.4582646332813641,0.5583786634398592,Referral,339,1
8,24.822982285597604,14.35738407945308,2,Electronics,0.048808630254005475,0.22025021324972646,Organic,148,0
8,76.84207258007258,67.03133103965303,1,Books,0.3668169136848838,0.3764483757991898,Referral,927,0
14,36.802000044749015,7.519529463632856,2,Home & Garden,0.12432215096857294,0.3392861781943535,Referral,1236,0
10,10.0,3.8205864386073514,9,Books,0.19422065194250968,0.15305427823805315,Paid Search,1704,0
9,12.546600226220425,29.158710036768348,2,Fashion,0.18673878545943334,0.28539681228262537,Organic,1370,0
9,146.324586680005,31.64014796211833,3,Sports,0.18626152725905976,0.3024532486217303,Social Media,1064,0
5,34.90702872967516,23.116865553556178,2,Beauty,0.14436973335167141,0.33442667382327806,Social Media,1576,0
11,77.23195314806287,17.900047283413,1,Electronics,0.136521301647831,0.5387535378226499,Social Media,1628,0
14,144.12353332144062,24.819788269653184,1,Books,0.074795980445259,0.36857221921345384,Referral,1300,0
7,22.9407662489002,10.702801415655633,1,Books,0.04906599698385836,0.5560067674187116,Email,103,0
10,43.888012050163674,30.995781461383533,2,Beauty,0.22263420960570368,0.4560362942762834,Social Media,533,0
10,10.0,140.9827237782725,2,Beauty,0.3805190179870446,0.19471149532812543,Referral,614,1
10,20.375891486984997,15.249180888753555,1,Electronics,0.1213268623604878,0.2581560516192694,Social Media,1820,0
4,52.48877696518531,69.20649784328657,4,Sports,0.03781152274612676,0.3724960464218554,Paid Search,847,0
9,28.39837176557552,9.17400345872605,0,Books,0.1460559413866233,0.23273400452428464,Referral,1390,0
10,47.53680215260324,26.208674446160124,1,Home & Garden,0.18837414737449884,0.4782147480319921,Organic,1485,0
8,69.67918782393632,23.24349559887968,4,Beauty,0.05642465235259448,0.3655394973655159,Referral,1192,0
7,51.8423762456992,165.90523436291465,2,Electronics,0.22577785994677496,0.2678718419357093,Paid Search,34,1
5,43.148954173587825,33.515095027112366,2,Sports,0.16332434268087487,0.31287708682448984,Organic,36,1
17,38.57823456729728,70.36122939980893,2,Fashion,0.09106087708210323,0.5044763951199301,Social Media,1494,0
12,21.019183918223945,55.348007215689265,4,Beauty,0.021912264063757878,0.5686521527149621,Referral,1349,0
10,15.816254793722038,9.121282175025723,3,Electronics,0.2100037744672307,0.38730060842330327,Paid Search,978,0
8,97.95336537578208,168.34684497854485,4,Fashion,0.22314875202956955,0.6638431721740917,Organic,454,1
14,62.42281466772993,25.466885276786066,3,Electronics,0.15058753445345663,0.26735573464923423,Email,159,0
5,17.613867961948873,2.7474563949126813,1,Books,0.2997944447466474,0.6820196757475983,Referral,300,0
11,34.857717517457885,21.438540710254223,1,Sports,0.3152115486052762,0.34454378816747067,Referral,1059,0
9,10.875209225582582,24.535299836621537,4,Home & Garden,0.10346443262150935,0.3654740493392283,Social Media,996,0
9,22.59401239240176,5.839924955366202,1,Fashion,0.06600933132539945,0.5665524799051096,Email,1717,0
6,50.83385266355511,58.05147426805856,0,Fashion,0.28510533675078237,0.1322996573098242,Social Media,1747,0
10,40.77882825878393,25.54902724604488,0,Electronics,0.13201509754033863,0.46706020958570144,Email,1051,0
6,36.32911176456779,59.514966150541454,4,Fashion,0.1820795322301935,0.47192716554732494,Organic,1535,0
7,16.33167500301434,0.40580302757901593,1,Electronics,0.4579363594875383,0.406704286955887,Organic,1482,0
9,13.885426830379037,241.20455851857255,1,Electronics,0.265220868403639,0.13394859579755938,Referral,1373,1
6,70.80915738345999,11.217113430970743,2,Fashion,0.07307229187308088,0.5234117544621628,Referral,798,0
14,128.36597521846298,64.61063451411884,3,Fashion,0.0738983216425225,0.2235595525932388,Organic,711,0
12,51.4169693036426,75.48131001582117,3,Books,0.21565317858152253,0.3914559600007259,Email,482,0
10,28.851426210798113,11.29615373269968,2,Books,0.2619992191225336,0.18975418355309168,Social Media,1710,0
7,88.23702763961468,7.107574909641777,3,Beauty,0.08238930171455953,0.673052925563152,Organic,1522,0
10,16.88243669127591,9.933331541910956,0,Books,0.2607481813520817,0.3510589705161365,Organic,324,0
10,76.89568720697007,17.00692321231387,1,Sports,0.2542418733983728,0.6545821534082945,Paid Search,461,0
4,20.546786642686225,11.052111903453525,2,Home & Garden,0.2892291414645876,0.5689774908131222,Referral,1061,0
8,21.369920092245255,67.25136838881262,2,Books,0.46931528865261035,0.2767304819659805,Email,755,1
9,25.375058201663524,32.769885985739684,2,Books,0.2298180578814152,0.624874735293758,Social Media,391,0
9,30.54024085146585,46.30436372941047,3,Electronics,0.0429198147889241,0.3144232646678831,Paid Search,1444,0
8,68.85140143720717,2.9096301797087953,4,Home & Garden,0.08794194595390022,0.23412788314972646,Paid Search,3,0
7,11.664319896633145,118.50444319413461,1,Fashion,0.16041058827580332,0.07277371054781136,Organic,627,1
6,20.41907826743229,11.221106023122331,2,Sports,0.09125283050566126,0.6183821855080853,Referral,1696,0
11,39.162494145186784,26.791508931465025,1,Fashion,0.2001191451664709,0.08563415257754958,Organic,1388,0
6,51.741501984435075,4.477053614864355,5,Electronics,0.05642006872737517,0.356746897452581,Paid Search,732,0
9,10.0,8.82605470180368,1,Sports,0.10802227451473195,0.5906188472374568,Paid Search,1695,0
9,17.596140950348286,65.7608338403785,2,Books,0.05296717651420989,0.36383749411719196,Social Media,1644,0
9,10.0,70.77378995602973,0,Home & Garden,0.33793812942263934,0.3163637121636394,Organic,96,1
7,18.924023923733213,67.79976616340578,2,Home & Garden,0.14333381668296627,0.2167281439604884,Organic,234,1
9,23.339115132801993,48.196045392197576,0,Books,0.3496355423830661,0.27007475413880805,Email,707,0
8,49.51130288062922,182.84890538645317,3,Fashion,0.24660383048482085,0.4146632429753891,Social Media,1696,0
11,10.0,42.45633131962658,3,Fashion,0.1628725287003138,0.17558996091558982,Referral,1540,0
8,55.84694829705365,35.806112047596976,1,Books,0.22215469062067883,0.41638259785905785,Organic,88,1
9,22.032407796595546,17.064890198430657,4,Books,0.07164276723824213,0.7217046783152659,Organic,935,0
10,25.211011375138312,6.24498187043007,3,Home & Garden,0.11194599468769023,0.22607105678903908,Referral,1314,0
9,72.02667085987886,47.6649553991578,1,Fashion,0.3375718492600372,0.2832994417452629,Social Media,504,0
7,97.11642161347866,22.690568530264766,1,Beauty,0.288258417412985,0.32394927301279164,Organic,1318,0
10,19.607409663196716,44.54344513218566,2,Sports,0.10928368798881116,0.22198406051416578,Referral,675,0
8,19.501978549686314,13.849308096136246,3,Sports,0.09237156727306707,0.4064732509089529,Email,500,0
9,24.943721862482708,109.27352340168638,4,Electronics,0.38447630523661164,0.0840603313096544,Organic,717,1
12,19.425296533614837,365.0,4,Electronics,0.0918348745127707,0.6153231198925169,Referral,1735,1
8,10.505804329568335,23.35219895297937,6,Electronics,0.25417367040744715,0.27686709443109403,Paid Search,1652,0
10,32.29338724710218,110.83415173380124,3,Fashion,0.21880154942596972,0.615935145223925,Organic,1668,0
9,19.53127476026793,123.80754217300822,1,Sports,0.06799486725497322,0.26523673093644723,Email,1674,0
7,35.81206769202846,332.404822705897,1,Fashion,0.15025075339825697,0.456393585174754,Referral,326,1
7,129.92446335637416,25.17872214774246,3,Books,0.20263652762848858,0.3266211522019959,Referral,1635,0
15,30.43156182085307,84.64540286698764,2,Home & Garden,0.24512716596943723,0.4347546217382097,Organic,388,0
13,18.091416461661016,15.589152636055534,3,Beauty,0.05408089211640137,0.2689222290605202,Paid Search,1529,0
6,26.634870880392544,58.81712426219563,1,Electronics,0.09523150471917022,0.43863907250606654,Referral,989,0
13,36.70644386692921,73.21478413114379,3,Books,0.24562224279757086,0.31024707220964703,Referral,438,0
9,29.009665247636242,81.08359921414242,1,Books,0.34205121775017655,0.5809954853093582,Paid Search,727,0
8,21.10978507281853,13.928951481969733,1,Beauty,0.25371495429955515,0.5853594505550305,Email,791,0
5,10.0,113.31958066399102,4,Home & Garden,0.0232556272986144,0.23547204028711222,Organic,1338,0
6,54.978068600915805,32.784252133907806,2,Sports,0.2633155979270751,0.18515057121506512,Organic,1106,0
6,16.20652231386149,14.629061602838627,0,Sports,0.13552666757700868,0.25327722673954023,Organic,1490,0
5,106.69571232612546,46.9227809580552,0,Books,0.03673590477024932,0.40295854405347786,Social Media,724,0
8,24.651898782073236,119.42307253125392,3,Home & Garden,0.20316260418482715,0.5576128597104643,Organic,1357,0
10,21.90653190599894,204.83491228611535,0,Sports,0.3359103559877285,0.49315257767689025,Paid Search,1447,0
8,22.71003641550416,82.74907326662503,1,Electronics,0.36983551157718525,0.35433725978474634,Organic,116,1
7,37.34326857338862,0.3383252524035493,1,Fashion,0.23224684876079416,0.25586012107678885,Email,686,0
8,16.55789030986403,8.68079341298533,4,Home & Garden,0.19928179279939198,0.38524816165973386,Social Media,1617,0
5,19.294935739257657,4.760386405908829,4,Beauty,0.15966623030932173,0.35124048779275774,Paid Search,1286,0
10,54.48277728281163,6.402601750094467,4,Books,0.3782745391332308,0.5904533025765804,Paid Search,764,0
11,14.670327429969872,28.976574689696612,1,Fashion,0.365157493828209,0.4782010536281,Email,334,0
12,51.345750420388846,24.794111363941248,2,Sports,0.20742756259335962,0.2791850758526087,Organic,177,0
12,64.19794931277036,7.240970397279026,2,Sports,0.0125268399454944,0.11626942257411609,Social Media,419,0
9,56.49272678577125,128.34402908377143,0,Beauty,0.3303238168120705,0.5431064400356447,Social Media,447,1
11,39.920912081823474,57.337388983818656,2,Home & Garden,0.04019993929244475,0.5282072540937293,Social Media,677,0
10,10.0,95.51453942299578,3,Fashion,0.13122289727024689,0.10584872400846046,Paid Search,323,1
9,12.571437307507695,27.869870168907017,1,Sports,0.167048034566307,0.23047350980712566,Email,267,0
4,11.197598017079729,31.681970983248366,3,Home & Garden,0.030311384644281736,0.24102208909260434,Paid Search,1540,0
6,24.46633131086918,22.930221933084038,0,Fashion,0.13474493265296278,0.43117751805032406,Organic,456,0
8,33.95353249038601,34.62076881651359,1,Books,0.08072855956295574,0.6157097757849591,Referral,1025,0
8,12.770457999252992,56.55458084430327,2,Books,0.14411075984411223,0.6069391983712629,Social Media,364,0
9,28.84273467960661,40.75276399001987,1,Sports,0.27409698862542237,0.1930445949009438,Social Media,897,0
6,57.24632943489161,109.17880604734347,3,Home & Garden,0.2558430607788034,0.26126905087934393,Social Media,505,1
8,14.894905727457322,138.23866490320756,1,Electronics,0.09372935900980614,0.4884457337519536,Paid Search,159,1
8,17.20558191905966,38.05691683159281,5,Sports,0.3226463604005777,0.4701588956260453,Social Media,1792,0
8,85.18007960826785,16.44631775196439,1,Electronics,0.3404997233275412,0.41359218784434815,Social Media,836,0
8,15.770795255179813,174.23560581363077,0,Fashion,0.23877054368203338,0.4834519291030399,Referral,717,1
11,43.54609852460574,79.69027718776611,0,Home & Garden,0.17127887514686654,0.4298481212169159,Email,364,0
8,89.24668379142206,61.320259600405144,3,Beauty,0.11954946810071099,0.31471445866046643,Organic,904,0
10,12.86878479391779,82.08693217665127,0,Sports,0.06344263097352473,0.4052915215410756,Paid Search,1159,0
8,13.662493532683596,4.7414094908498905,5,Books,0.32203420931438576,0.2856106759111885,Organic,556,0
6,27.517306784562965,4.201296518329823,0,Fashion,0.14311208935221315,0.23326420373170317,Email,877,0
9,34.95565425962728,9.971822486612561,0,Beauty,0.5048292476600393,0.4250253041235296,Organic,433,0
13,19.820485799165308,9.571473316780164,1,Fashion,0.11186480516624854,0.5727651591834445,Paid Search,963,0
5,160.29662924638407,32.75303011406634,2,Fashion,0.4808997172987471,0.13137234406436343,Referral,1436,0
10,50.95287910595509,10.276066458988055,4,Electronics,0.24466822021859078,0.20362162455568544,Organic,110,1
8,17.401391746291843,115.66532742955641,1,Electronics,0.13419657252023673,0.21847360516273673,Email,945,0
10,11.10275934499054,51.77878112832637,3,Beauty,0.2359465631843557,0.15184436474259624,Paid Search,729,0
11,31.487730412387176,27.55682182074168,3,Fashion,0.19853771411775545,0.40816509870996104,Email,136,0
7,47.04340290058479,4.329894138173653,1,Sports,0.128092308941035,0.5602002202372288,Organic,1716,0
12,144.36771440488917,53.64648516174185,0,Electronics,0.07219765787509239,0.2369635258332192,Paid Search,474,0
7,35.18612448508647,7.434068177435336,1,Home & Garden,0.03028735407607664,0.5368874187939597,Organic,1030,0
10,27.267317660611948,81.57219401901915,3,Books,0.3329462683455217,0.4836104239431,Social Media,680,1
10,15.161237663410928,97.39946209377351,0,Sports,0.285583792049532,0.2856245507634701,Paid Search,495,1
8,44.53636784762742,47.112624296735426,0,Beauty,0.1363095724158134,0.40054706984816174,Organic,962,0
8,74.69054343980076,9.723108844380386,1,Beauty,0.14126798841622734,0.6842610938453916,Paid Search,1257,0
9,10.0,92.7491298831291,3,Home & Garden,0.361434503699041,0.4488028528247679,Referral,1433,0
13,35.15451387069462,22.075229692380894,2,Beauty,0.3146895888658234,0.5850312412120164,Social Media,1157,0
8,14.641800636034034,15.112117350070696,1,Beauty,0.05847959092395085,0.7116724957298983,Email,960,0
5,11.178076927128377,38.15574542546127,0,Electronics,0.28156556116400366,0.4890688721665603,Organic,1418,0
8,128.40479143377428,153.5619666485412,0,Books,0.29094945382921295,0.4253220030723564,Email,944,1
8,67.3455708845876,21.17577161308396,2,Fashion,0.22402345516871633,0.28277525902410383,Organic,1777,0
8,20.38953871297312,141.59918926957724,2,Books,0.06513122899392797,0.238609740385693,Paid Search,961,0
6,29.102432052874057,3.3087777492341552,1,Fashion,0.042693552115561514,0.4431272083193091,Email,579,0
8,25.691804944952906,5.2331446055478095,1,Beauty,0.19117916527636722,0.09502791596772264,Social Media,815,0
7,13.456985111117904,71.95126130361612,0,Home & Garden,0.1974129569295096,0.5370309208816867,Organic,894,0
8,21.48509516605427,12.68717879549447,2,Home & Garden,0.0864727804713106,0.6859226009563729,Email,518,0
8,62.00259636297085,22.84231229393221,1,Sports,0.4139713186044356,0.4304347185874428,Organic,290,1
12,21.059547726737442,8.79685765999132,0,Home & Garden,0.33238029369256905,0.555033237317501,Referral,787,0
11,48.00104739238666,24.230330094383607,1,Electronics,0.06492017581709263,0.28423477891895943,Referral,1637,0
9,21.19049033095707,19.748589092957225,3,Electronics,0.053718050617348724,0.12530267953578572,Email,467,0
12,12.840981840804629,79.98515579617316,3,Books,0.17444362906758504,0.5814147527635621,Referral,660,0
8,86.10134724333334,72.6444167647562,4,Beauty,0.2694297695503725,0.18824901410271958,Social Media,1383,0
12,10.0,185.96854773953692,0,Fashion,0.2708660080460099,0.5657095869284822,Email,151,1
5,138.1011248193323,77.33300558639654,1,Beauty,0.30066815960758,0.5129283220773367,Paid Search,1505,0
7,73.57869330988721,71.2107689848746,2,Books,0.20340435577274327,0.5088926156927059,Email,1314,0
9,38.327609986006706,71.09020219411904,3,Sports,0.3396839410321748,0.5623438080405495,Paid Search,1003,0
13,23.180155146737896,128.71819356057784,4,Beauty,0.41883687951844495,0.42093302780619246,Referral,383,1
7,24.671518927011338,21.078794859845235,3,Sports,0.203155492391521,0.3924935897014554,Email,170,1
7,38.93798509370646,21.408392229559077,2,Beauty,0.29415700896807406,0.2538778910099427,Social Media,423,0
9,38.390838662370214,81.10518469849423,6,Electronics,0.04332389460955771,0.20366688102531422,Referral,1389,0
11,15.373721508637272,15.581072186586647,2,Sports,0.5989066200829621,0.1695117383340682,Referral,1703,0
10,34.960734690367765,145.83874861249808,3,Beauty,0.27183923381502334,0.27971087265628586,Referral,1346,0
14,40.73013061261055,45.914914507028826,1,Electronics,0.07731252184733456,0.46527576525193787,Paid Search,963,0
9,26.035913019880518,21.411205714212716,1,Fashion,0.20634202770639534,0.43600658747333276,Paid Search,1735,0
12,198.61106241433671,89.79332648119686,3,Books,0.14687818045697162,0.3506611571988852,Social Media,1512,0
11,29.74975629754631,22.465954888250963,1,Beauty,0.38933275683523355,0.5175457545392878,Paid Search,1197,0
12,10.0,198.26327297424183,2,Sports,0.29713841123956014,0.6764389835409957,Organic,70,1
14,14.757660447351103,244.4344448530229,2,Fashion,0.03590746356504262,0.339282430154967,Organic,525,1
7,58.13816177310291,65.94006540841175,2,Sports,0.35083816859577255,0.5239889763324831,Email,563,1
13,18.579507050105082,7.237511804489179,5,Home & Garden,0.2458548288227901,0.3987945710551289,Referral,634,0
8,14.953830846576098,18.327048325397463,1,Sports,0.1612039364598937,0.42468823788781845,Organic,711,0
10,101.11807135947288,43.46798842330285,0,Fashion,0.291251728668556,0.29042179485443365,Paid Search,1714,0
6,37.93333274520108,114.40899071658204,2,Sports,0.2808309023299459,0.182600152792195,Social Media,1354,0
9,20.471325230469308,12.265674472938422,2,Home & Garden,0.15015890768084553,0.13555378174503593,Paid Search,1263,0
11,10.0,6.615915389749609,1,Sports,0.24838132423083387,0.4563631469207999,Referral,778,0
10,54.3949251265435,4.643809075031836,6,Fashion,0.3255918373754744,0.3376648680004329,Referral,616,0
3,33.528171027336874,42.43081864044072,3,Electronics,0.12673091544556583,0.4739097252723092,Organic,219,1
9,93.74643181409999,129.61357566380607,2,Fashion,0.11821851229692529,0.3376926905142959,Organic,828,0
8,13.79513350838965,2.5969538195921884,3,Electronics,0.14209413566969364,0.42062907518452886,Paid Search,375,0
5,24.56702444356205,14.31991862743811,1,Electronics,0.1392833361396398,0.607116755956494,Email,714,0
9,42.05152170112838,70.90470403050548,2,Books,0.23520864456879453,0.489195296874964,Paid Search,286,1
14,90.44634232202868,104.87492592658396,3,Beauty,0.22189053627405955,0.2066312339372882,Organic,628,0
6,40.72229171995081,98.82824014149318,3,Fashion,0.1084630476469708,0.13440358369790772,Email,79,1
5,18.803592383718136,92.24603079849541,3,Books,0.05578985042324318,0.30024509896789775,Email,11,1
10,93.52353233729548,8.341918787881182,0,Electronics,0.22562504405105954,0.48583431820504164,Organic,1587,0
5,25.794814740962444,30.373929611808737,2,Sports,0.18472320219449556,0.35742551414289125,Paid Search,1170,0
7,38.24540526667969,250.96955153464137,3,Electronics,0.328919852994062,0.6956846334763706,Social Media,1072,1
9,60.372746386639506,269.981467217132,1,Fashion,0.03731156604203044,0.39081185338898616,Organic,938,1
12,115.64885899442282,55.34266198907437,2,Fashion,0.164968990496739,0.43943320220660353,Paid Search,1326,0
9,44.483058162852075,74.1210397754187,1,Fashion,0.03171417860566197,0.26604074777473025,Social Media,1343,0
5,262.38845446209757,181.30461474520038,2,Fashion,0.034388155016249415,0.2509501162117125,Referral,1706,0
7,30.826093028914432,35.862350878614286,2,Sports,0.27695581984667217,0.23781198269739467,Referral,446,0
10,41.881864585732025,8.831179293843915,3,Books,0.21825104684380753,0.3649546115995329,Referral,1433,0
10,20.187869324444048,66.3289476538655,1,Home & Garden,0.09743192529103356,0.09146091275503045,Social Media,1808,0
7,42.86573322408825,193.2862034211184,1,Books,0.13150490777280788,0.6331935077086629,Email,53,1
11,42.00211325923565,71.68217296051004,0,Electronics,0.14812514004174906,0.7533301084944021,Referral,683,0
7,76.44429560533331,97.57097800173001,2,Fashion,0.046441432417331376,0.37530199934908304,Referral,796,0
5,47.25749539821275,32.96866552837077,2,Fashion,0.12920688242616485,0.14856179309088738,Email,1500,0
5,21.71947106104337,6.086303312163821,0,Home & Garden,0.0904139327430791,0.6085309595669377,Social Media,26,0
9,40.65503207126611,11.0990160451836,0,Books,0.3323286256638688,0.40483846422153524,Social Media,1092,0
10,19.338634996611958,243.26646989799815,0,Electronics,0.261201248006767,0.48487236105280435,Email,1629,0
11,51.39778730625701,40.77647315139953,3,Fashion,0.2224225806220054,0.8542427843360955,Organic,270,0
14,21.17176642094492,0.7256053027082912,5,Beauty,0.1088907196856522,0.35460346629674117,Email,211,0
12,10.822184674564344,186.55728438166548,2,Home & Garden,0.15392708639500458,0.1512591462432026,Paid Search,1824,0
9,13.408858313975479,41.32300998005958,4,Home & Garden,0.11211262227561558,0.32894402696287484,Paid Search,1507,0
12,12.935841642215523,108.57160600559217,2,Beauty,0.04375582244474939,0.22547475883850224,Organic,1273,0
2,21.705133300235882,47.70523210532263,1,Electronics,0.11130115478453993,0.41122913197491023,Organic,728,0
15,16.8131878098617,6.435223978114607,1,Home & Garden,0.3558812352915193,0.31046959261146534,Paid Search,1558,0
11,32.53497828507926,57.359548454790236,2,Beauty,0.20647681727817238,0.19699380264380717,Email,1684,0
10,24.201796459186216,357.1410069825161,1,Home & Garden,0.09978619755268263,0.1468634774910639,Social Media,1336,1
11,50.04616552018542,2.121329203585963,1,Books,0.2485586126556484,0.5149785683402491,Paid Search,727,0
7,44.97837178915623,110.63151276965597,2,Fashion,0.4196032376350646,0.3792332956183611,Email,1065,1
13,25.556243315703803,16.110488027138476,3,Books,0.3298701181095469,0.2562843030855935,Paid Search,180,0
7,89.46568053958148,30.039273760510817,2,Home & Garden,0.11913910389464218,0.19009744694061295,Social Media,289,0
12,15.78166590390749,27.980732821863427,2,Sports,0.14389048388339754,0.2605527212106232,Paid Search,1429,0
8,74.08071128880962,137.43772787397896,1,Electronics,0.25456569075835805,0.31007355137127235,Paid Search,54,1
8,37.52192634800242,42.129603144327916,2,Home & Garden,0.3219641891380363,0.4362352468284974,Social Media,90,1
8,24.154857975287328,35.562749592056214,0,Home & Garden,0.14188532320351016,0.5047580826448534,Referral,927,0
4,81.73951229212155,102.23319372386489,2,Beauty,0.041455058927473844,0.2610846350650695,Paid Search,312,1
6,51.71367201737072,3.0086142378670613,6,Books,0.18498278241920502,0.1576534669696542,Paid Search,536,0
8,14.006386468434114,5.425444970779085,0,Electronics,0.1907756668461161,0.1419327892272779,Paid Search,728,0
15,44.308852291409345,1.3156510374331487,1,Beauty,0.07791705526776008,0.3898470350091142,Organic,953,0
10,44.27355383040229,69.88183786957461,2,Fashion,0.3006504308424627,0.48641904042749595,Organic,518,1
5,74.1364491233157,44.74430685856378,2,Electronics,0.10744244423632528,0.18501720860358362,Social Media,882,0
13,52.89386676927649,125.25912982320298,1,Home & Garden,0.18602469444232075,0.5571571989780904,Email,677,0
10,56.00962428202003,41.41303697102261,6,Books,0.1890351618776119,0.31375797276161105,Organic,148,1
6,23.263732275477704,15.04781220444681,0,Sports,0.13110371304100546,0.3190936973220504,Social Media,1582,0
6,28.0008655642112,98.13070593950435,1,Home & Garden,0.3628039266298242,0.1936621997490044,Organic,514,1
8,27.06628454788785,20.915931826507126,1,Electronics,0.28649168688699617,0.21534193031299306,Email,1112,0
14,10.0,164.64220508264376,3,Beauty,0.08009475789262693,0.6395070596352013,Organic,1040,0
11,92.69588790682882,17.294844961880322,1,Beauty,0.13531228748309188,0.5242394956289321,Referral,364,0
11,13.526767938835764,11.015228445116088,4,Electronics,0.1073985149847649,0.6470771418491441,Email,55,0
6,41.0576474898069,40.79301097032276,1,Sports,0.10061759544262412,0.4654412749489238,Email,1564,0
8,25.40957702278553,3.1101402533675055,2,Electronics,0.255951813389031,0.2457715549306701,Organic,908,0
6,27.364567264771072,2.225470790499877,1,Beauty,0.21591864239205916,0.6776256570688719,Organic,756,0
12,56.94204095958837,41.11247225766365,0,Electronics,0.1928302185424402,0.49230132699532014,Paid Search,1392,0
8,17.738655616183582,14.53246346089318,3,Beauty,0.2715138815177774,0.3650634320514915,Paid Search,61,1
10,47.71586093141152,0.5637989365454429,1,Books,0.13852060298674704,0.21281706600993552,Email,1396,0
8,48.08149075182528,21.063465971605506,3,Electronics,0.2624509317167601,0.19931391405201868,Paid Search,746,0
9,17.805798986653272,38.93258754756426,2,Fashion,0.12066876275245134,0.34722617719975435,Paid Search,1007,0
7,68.64376480983556,30.081108688797993,3,Sports,0.32630111737271533,0.28646351960285776,Paid Search,1373,0
3,98.88362557083549,8.734119289801615,2,Home & Garden,0.1907259485560601,0.2648291392627088,Referral,998,0
7,167.29848237170626,52.00359886861943,2,Sports,0.17123994802568632,0.40072281421172457,Paid Search,113,1
7,26.852903755100908,74.34139566462298,0,Beauty,0.23439257699397775,0.2635960889404572,Paid Search,1329,0
13,38.58633845551586,67.5354260852172,2,Home & Garden,0.0910694292934632,0.5554568994180993,Referral,1435,0
6,40.51818665928665,30.028950053771442,4,Books,0.12563280756834702,0.33390355840487385,Organic,843,0
6,56.4083303405001,8.881896954577181,2,Electronics,0.11652185495839179,0.4010074196145788,Email,801,0
7,134.13299343623487,41.52727523904452,1,Beauty,0.08191008639130373,0.32618791380204326,Social Media,460,0
7,48.88458455412033,132.6724608766118,3,Home & Garden,0.447466685694033,0.25076496230593553,Organic,1175,1
10,49.961251985357265,37.94828713044882,3,Home & Garden,0.2172054770141164,0.2012875416933157,Referral,1609,0
13,13.79441471108562,13.0655630500806,2,Books,0.4897124545842832,0.28816206557872204,Referral,1197,0
11,170.53065159786465,5.860295949885412,2,Beauty,0.1049569580309974,0.17899426405496027,Email,1407,0
6,22.640174614705163,172.8656646986517,2,Sports,0.2239098446282445,0.240637514780955,Paid Search,1528,0
11,10.0,81.52294831038638,3,Beauty,0.1443591530463024,0.7621060045433437,Social Media,413,0
13,10.0,22.522374794613043,2,Sports,0.09275841989757069,0.5606664762269975,Social Media,734,0
5,42.95106285891676,21.003448086161963,1,Sports,0.16995405517577322,0.2864291354750292,Social Media,796,0
9,11.959298230450877,135.3526753608177,1,Electronics,0.1712982512898834,0.2867497829898952,Organic,1020,0
9,34.57144667321458,11.72938560233384,2,Books,0.5690881596750251,0.5103241986371699,Referral,90,1
8,10.016185172978258,45.94788416521015,3,Home & Garden,0.17620171251050917,0.6870930951423473,Social Media,1074,0
7,42.2681141088831,75.00189990182884,1,Sports,0.3878593534590203,0.23431888438530887,Social Media,162,1
7,52.009176206312254,30.28965408383508,2,Sports,0.2876306712856438,0.5585738010194637,Paid Search,1472,0
9,38.117336818251324,2.443216390585822,3,Sports,0.03874986392800546,0.13757024477437263,Organic,1757,0
10,18.97140497584664,15.507501617266461,0,Fashion,0.28741379056717786,0.2207080023899308,Referral,529,0
12,66.87663664671759,139.24991598403483,4,Electronics,0.2728985533618422,0.23838200530965967,Email,925,1
12,24.059001444097863,44.429293534378125,1,Sports,0.5085088749955435,0.7066008479735727,Paid Search,1502,0
7,28.48321649282587,101.38724513852598,1,Beauty,0.3967026143242237,0.4207055146729836,Paid Search,574,1
9,22.026424029703026,48.673363816397,1,Fashion,0.17901515438977156,0.49606251184403893,Paid Search,288,0
11,26.726806617790267,172.51939675128378,2,Books,0.1406487776927105,0.6270610384474339,Social Media,1349,0
7,147.9684587747059,143.90221300149983,0,Home & Garden,0.17705400590175155,0.26795577326010883,Email,1274,0
8,32.984540474508485,39.56975248479551,0,Sports,0.25623529798258027,0.41868910901305073,Organic,1040,0
7,11.992705505673872,22.98764992248844,2,Electronics,0.09473072534666037,0.3268524224128023,Referral,1723,0
9,15.37280197226214,55.22828563074004,2,Sports,0.3825787523407423,0.4372990011388795,Organic,1743,0
9,26.550616575237253,67.41507368960345,2,Electronics,0.4766993178634926,0.12470314795719357,Paid Search,1572,0
14,17.536558876353634,41.39176588587976,2,Fashion,0.0670150853631902,0.5901860743859794,Email,535,0
6,70.79068943451901,103.65384753774397,2,Electronics,0.11505392202148812,0.29799641870433,Organic,412,1
10,10.659449969434581,12.151102346210987,1,Beauty,0.04362505093921869,0.32330497425985977,Organic,1525,0
9,30.106664911526607,24.425049840489173,2,Books,0.12007178681332836,0.3458527759531202,Paid Search,1189,0
12,74.32960926355436,69.57369613780772,3,Electronics,0.24660575085272776,0.24201053889425977,Paid Search,723,0
8,20.003852923207184,16.99621834830009,2,Beauty,0.148483325436403,0.6756660336878522,Organic,748,0
9,47.05169677897902,34.77247752245609,5,Home & Garden,0.202030453944826,0.5699411539685606,Organic,1557,0
5,32.06402756412891,199.0117268724321,2,Fashion,0.02514579047866076,0.36899427201463375,Social Media,298,1
8,32.28994882908578,58.99007476259671,1,Electronics,0.10922178352641743,0.4384281600923704,Email,1722,0
9,49.87473669457917,178.62315145888127,4,Sports,0.054765003575463024,0.37546593980576665,Paid Search,1155,0
13,10.0,76.90339251732469,4,Books,0.05202038351156035,0.3017322570853943,Referral,1444,0
9,86.72043786384582,77.38639009339121,2,Home & Garden,0.26326664214511697,0.34465451083688237,Referral,677,0
8,10.0,53.76828608108767,1,Electronics,0.2046191036572417,0.4642614077887379,Paid Search,1071,0
10,82.16527301663427,9.203659593102389,3,Electronics,0.29792377353598315,0.3757596860933515,Email,1368,0
10,46.86212467828613,44.00244749024903,3,Home & Garden,0.2339684631080874,0.2997181807233754,Referral,794,0
11,48.352248444935455,17.47460041497384,0,Home & Garden,0.26900750143028923,0.3709957254093627,Social Media,890,0
5,120.50024770907184,365.0,3,Electronics,0.10288957017269194,0.3234096661005454,Paid Search,1062,1
6,85.35010007612564,18.633459298794936,1,Sports,0.2774327770675684,0.26399152286586225,Referral,116,1
11,63.51906408685043,15.735352010556536,3,Sports,0.12688377883267654,0.3068066786151231,Referral,1575,0
14,26.163794277688215,58.67132557311493,1,Sports,0.32095542789530723,0.216922218090968,Paid Search,1581,0
14,24.814521455701595,42.917287112579245,3,Electronics,0.3431858200519577,0.4836112787849415,Email,514,0
8,64.92165372348191,1.2950510908457797,2,Fashion,0.11353670671089759,0.2895250882942947,Paid Search,1605,0
9,47.57359106295803,8.323538122088443,1,Electronics,0.2913916725014538,0.45685724947861417,Organic,1360,0
7,42.1375115351342,99.97412971044808,4,Fashion,0.2796010607612342,0.27769982194581955,Referral,882,1
11,31.64067094564811,39.66310232866666,1,Sports,0.0625221498837129,0.15855254923161272,Organic,635,0
9,23.897035700137245,9.470514078256837,0,Electronics,0.0804333766738929,0.13515812035077876,Email,729,0
6,10.891696177607958,37.55652140254621,2,Beauty,0.0726318635704241,0.47259106785215294,Organic,975,0
11,55.41475763698214,17.513381370803927,0,Sports,0.20114425493069754,0.5225773799140618,Email,753,0
14,28.63568625595223,15.184585781739148,1,Electronics,0.09653763565525243,0.19130384367766765,Paid Search,767,0
4,27.184683483791037,189.8139554057348,1,Sports,0.053026912944119466,0.18567793222177223,Social Media,371,1
11,10.0,26.96732638362018,0,Home & Garden,0.2148060007437512,0.617194519799432,Social Media,1292,0
2,35.66468896372588,2.8526160814652015,4,Beauty,0.27857563693515003,0.4277404002141744,Paid Search,1112,0
6,11.126173018395148,211.05040231648434,3,Electronics,0.08797443804477263,0.18330700729787383,Referral,1810,0
11,23.38970980436457,95.03778262792498,1,Fashion,0.21999838838888752,0.1908608856628932,Email,258,1
14,62.43726918863293,17.61503175340228,1,Sports,0.2184132363350929,0.6770567422820223,Organic,208,0
12,34.834964727700076,31.54537545115455,2,Beauty,0.28186614794644216,0.30887547396731724,Social Media,942,0
7,30.43813321541479,118.95612990673291,1,Beauty,0.3756773815985625,0.17545139537653867,Organic,278,1
10,18.517322402224114,26.535232259730414,3,Beauty,0.04489688430049408,0.4797607987142415,Organic,1114,0
12,21.36954724956592,50.27706654158854,3,Books,0.1657201167750117,0.5155182178411867,Organic,358,0
9,117.71785449929436,45.92460681508882,3,Fashion,0.1303050275846494,0.2517192611985638,Referral,881,0
7,61.79291427613672,30.779132144721913,1,Books,0.011854358530452235,0.36617018590423794,Social Media,1116,0
5,22.881343056462658,61.21611586559155,4,Sports,0.5108191626262628,0.4763817395495903,Organic,836,1
11,30.4344902505409,38.46639398154029,1,Beauty,0.08358990970577049,0.40679621640692853,Organic,584,0
14,40.3611177768552,1.287545999839041,9,Electronics,0.15275422972536445,0.5896375098602178,Social Media,1427,0
7,47.014996499673636,101.04422687662274,0,Electronics,0.09664422160213905,0.4952547674958371,Organic,1559,0
7,32.47748747320447,7.205156454375393,2,Electronics,0.11253168854696032,0.35479029730718936,Email,508,0
9,10.0,37.427334810117934,2,Books,0.34219268729471364,0.3096766946037819,Social Media,1484,0
9,32.291904838837816,52.03586301126093,3,Beauty,0.12204194830505401,0.2789936314643918,Organic,715,0
11,30.753627623474724,73.34981001805207,2,Sports,0.33786654537762556,0.5713293796278014,Referral,890,0
8,171.71555911595917,31.739022842655995,5,Home & Garden,0.20799968162183902,0.4305854718190932,Email,423,1
9,285.26045402060794,79.80584161761544,2,Electronics,0.06936464980559476,0.535694526150458,Paid Search,1142,0
9,55.35304925105825,8.448905650274302,4,Sports,0.38212069241520974,0.642773804614034,Referral,185,1
14,19.26514821137004,63.582919491055755,0,Home & Garden,0.5871340946941447,0.5951580627052309,Paid Search,1080,0
9,57.00921154526967,105.03898434008026,3,Home & Garden,0.2621024629574484,0.4660852060793798,Paid Search,1806,0
7,10.0,132.13397120264494,1,Sports,0.4106414227430226,0.12100620796818584,Organic,1375,0
10,21.625105998453158,51.98813685102708,1,Electronics,0.06714103638249697,0.5842177217912672,Email,1633,0
7,10.0,22.51610689711538,2,Electronics,0.10726891481161528,0.34890892716203054,Organic,847,0
8,51.441351778807736,10.701434349092237,1,Fashion,0.13718396302575314,0.5186892328039944,Referral,260,0
7,12.571887259302713,25.438407914155942,0,Sports,0.02799269836806127,0.25053636223621667,Paid Search,527,0
13,26.322078298058916,46.58838483101663,1,Beauty,0.06795404620078373,0.6467143352236827,Organic,90,0
5,31.966592690904903,13.114009231920395,0,Home & Garden,0.4261153697003233,0.27956009759091055,Referral,916,0
8,32.35785381093247,182.84036527520726,3,Books,0.2976229919212447,0.17974359105729662,Referral,1185,1
7,22.684989956930664,136.46051996063272,1,Books,0.2795401532565829,0.6829943542684559,Paid Search,775,1
11,43.352866463867926,2.010751115937848,2,Beauty,0.32886020936767707,0.26464168536418536,Organic,1028,0
4,12.141264891539763,49.52694922541617,0,Electronics,0.15289234335520083,0.16077574284137439,Email,585,0
8,133.14297545202612,93.44170069771768,1,Fashion,0.04845582850612012,0.6523215800434955,Referral,157,1
7,14.479704844563392,16.89340900618578,0,Beauty,0.03739466060723942,0.3281804096289599,Organic,788,0
8,34.18401428219936,44.52716696005059,1,Books,0.17213656369607064,0.3689337366736665,Email,1000,0
6,54.5965371312434,31.251737624123656,1,Electronics,0.13951234742078966,0.17666223542781095,Paid Search,1793,0
11,57.178209027462984,13.130140429770387,2,Fashion,0.17851006266529293,0.2295741174411827,Email,634,0
9,61.57699861961475,57.22980344575607,3,Books,0.04698831676899946,0.2670571351027351,Paid Search,1237,0
7,10.0,303.9578650386935,0,Home & Garden,0.15015365996235025,0.6020546843141827,Referral,1501,1
8,15.896300541198707,27.274965650222068,2,Books,0.1798907381471674,0.6443780580675725,Social Media,612,0
7,36.91752164386971,48.22850431307639,3,Books,0.11165821771228153,0.5247097561475295,Social Media,1697,0
15,48.66368804629148,23.836842855004438,2,Books,0.046319361618581495,0.3433818695956981,Referral,619,0
10,90.53193366191367,125.70919567617499,2,Books,0.1394021540212003,0.42682464673737924,Email,1769,0
8,21.950389157763688,119.97251176487092,1,Electronics,0.128120176348485,0.3234500606281732,Social Media,4,1
9,16.054750790817096,11.817371283857684,0,Sports,0.1423511577637909,0.23833978594646016,Paid Search,1157,0
9,21.381717514000773,138.1244379613381,1,Home & Garden,0.11805501707465411,0.5820309880932565,Referral,1441,0
13,201.8542107923517,9.857727646741235,0,Sports,0.12441192826714845,0.26929989282802297,Organic,511,0
11,109.98482742597449,6.018395803233434,4,Electronics,0.2798863111427394,0.4777771028408829,Social Media,214,0
12,28.916328146881174,63.49452536474273,0,Books,0.5328595930691584,0.38990318501005433,Email,45,1
10,92.55869278542247,29.256251019883802,3,Fashion,0.24831815275342523,0.397601072249701,Referral,136,1
6,20.947350168484682,45.395973469043106,1,Fashion,0.2322667071762329,0.4121606924816804,Social Media,991,0
7,71.0664169329819,63.43165942520338,2,Sports,0.16202078725689986,0.6897524258233683,Social Media,1531,0
9,10.98867318800022,3.2570597504118415,4,Beauty,0.39898609471738633,0.4231623496338934,Referral,116,1
7,44.0441365002958,20.799502751906697,3,Fashion,0.09778656030057552,0.2941392708514772,Organic,207,0
11,74.85672401447455,37.071954274032485,1,Sports,0.11384798395226729,0.40796764832147586,Referral,10,0
11,25.50037807308419,18.60281139638581,0,Home & Garden,0.2804239056078407,0.46716949433975774,Organic,515,0
8,54.09450241804083,3.012667605513171,5,Fashion,0.35582386651509934,0.2933872659966183,Referral,1681,0
9,21.131271146200234,5.439912895817926,4,Beauty,0.4106015827943147,0.07711305770839155,Paid Search,504,1
13,42.21750382398494,97.09294009371224,5,Books,0.20871152342723245,0.33442376284953496,Paid Search,805,0
9,22.528126466588958,145.4084392792475,1,Electronics,0.09286707999847074,0.4995992522365086,Referral,327,1
9,63.7717467434541,9.908988110011512,2,Home & Garden,0.13720114738424893,0.32001964844177944,Organic,213,0
13,12.043268523326951,17.201909962423294,2,Fashion,0.054518606145417016,0.5434260395525211,Social Media,333,0
6,14.699684760777796,63.376184184445485,3,Fashion,0.33041979157061596,0.36732973928082674,Referral,384,1
7,94.11967610663417,185.10237484427415,3,Sports,0.16468196455268883,0.22733196859320987,Social Media,238,1
10,10.0,21.365339150166285,4,Home & Garden,0.23363538461561842,0.483579802247926,Referral,1444,0
9,19.829944924978122,115.94975443790113,3,Electronics,0.31062811218647496,0.2124601322594445,Email,871,1
14,29.557449143810395,42.316179035400545,1,Electronics,0.24280874372669628,0.5242278797663728,Organic,985,0
6,43.921601040771876,188.1805965081525,1,Sports,0.08143872166122658,0.17646731971570773,Email,684,1
9,22.595591494603937,8.78891596865825,4,Sports,0.12505084062515778,0.10313885766651526,Email,385,0
5,13.455546605476288,218.22824354046114,3,Sports,0.03139321323684574,0.4110574436657099,Organic,172,1
4,88.32510046876911,34.89405442168567,3,Fashion,0.042053533561520355,0.47794329170758393,Referral,139,1
14,76.90771801124261,183.37786162085652,1,Home & Garden,0.16088099041654255,0.5330332868609723,Organic,338,1
7,24.448482514082897,36.825813136829005,3,Electronics,0.1959927526502929,0.17071943887180685,Organic,1551,0
8,10.0,45.31184117983406,0,Books,0.3964693553126035,0.19642822973725726,Paid Search,395,1
11,42.306235181679476,98.01615537094318,1,Electronics,0.2418543086037745,0.18581398274078129,Paid Search,648,0
8,38.29810559174909,76.94385112627427,1,Beauty,0.25593239428056763,0.3601027201099653,Social Media,1045,0
9,19.42096243889263,57.992440626063754,4,Home & Garden,0.049522430533809704,0.3021410808681766,Organic,933,0
9,10.0,32.37202970182245,2,Sports,0.32740700038021137,0.3776885857744246,Email,1215,0
8,26.649133334019027,94.33961753005433,4,Fashion,0.15558820600215978,0.36041525856750156,Email,355,1
9,61.14478869089937,177.65473524355414,2,Electronics,0.1863372868990766,0.5685409147968294,Paid Search,956,1
9,68.97429290553882,0.5915604543201628,3,Books,0.31968494472321424,0.5465016780461771,Organic,1401,0
10,31.96534420225052,53.1813612486812,1,Fashion,0.07718467402120482,0.2565393522906598,Referral,707,0
7,20.110081697906857,120.58639008604831,1,Electronics,0.12855795340864312,0.22483254676903183,Paid Search,1773,0
9,59.59494602634651,63.52529200522071,3,Home & Garden,0.12599095107833244,0.22866102712437905,Paid Search,1055,0
12,13.334993944037535,96.8155692775471,1,Electronics,0.11906039973477424,0.26292788579302023,Email,1231,0
13,11.202860933023592,135.26262237822908,1,Books,0.10153959521331862,0.2603349574038597,Referral,838,0
8,30.85292758692465,83.40634070299566,3,Fashion,0.27982719908465264,0.5097305495634986,Referral,1565,0
10,114.10939717276638,75.74219232905133,0,Electronics,0.07847115388237502,0.3501005142360961,Email,824,0
7,117.58503022268631,200.71039196784852,1,Books,0.11187643062196309,0.3941844870781011,Email,1719,0
10,11.53952073732344,119.56706311742694,0,Electronics,0.29552860450817386,0.1344497028323373,Email,561,1
6,23.340585060978807,101.36664486091334,4,Electronics,0.046113499265188485,0.2962662433970854,Referral,1580,0
14,232.08800323801728,5.421967101718607,0,Beauty,0.2869102575388827,0.32909017922023154,Referral,1167,0
13,19.09192254982743,16.38967140858023,0,Sports,0.2522643919305891,0.1892990068896844,Paid Search,1458,0
9,121.0000871576273,48.81809552268834,2,Books,0.20520737496427374,0.17840508624668971,Social Media,69,1
9,72.29886651481091,74.18151755423342,2,Electronics,0.21410261776302875,0.3017018267782614,Paid Search,506,0
6,85.85728900820037,21.67669365149081,3,Beauty,0.2301441147236064,0.5661304222138829,Organic,1546,0
10,23.18059163119704,5.878479047367083,2,Fashion,0.06805260121936993,0.48050099053998124,Social Media,581,0
4,23.73597403690707,22.3594785583946,1,Home & Garden,0.1648373685609565,0.4047864089488694,Referral,1300,0
9,15.982702470430983,88.44964257978593,4,Sports,0.16839596210144078,0.20173883089500394,Paid Search,1810,0
11,62.74413750415508,125.9301990868901,3,Beauty,0.15005510676026415,0.26450329285913987,Referral,324,1
9,10.0,146.4444169708562,2,Sports,0.12353887347888225,0.7009687946282425,Social Media,762,0
14,29.057587575542012,28.572571963330283,4,Sports,0.23941345939851655,0.6441842405775401,Referral,302,0
4,122.4346622917365,27.964385024795146,0,Home & Garden,0.018493924312048257,0.2111855292457964,Paid Search,282,0
10,53.28378193279584,31.3240618817845,1,Books,0.14965603169638858,0.2748941948259913,Social Media,1155,0
5,73.85552543177498,28.277977185184678,4,Fashion,0.051730619218704484,0.30652806715961195,Paid Search,350,0
13,10.0,65.8321862733736,4,Home & Garden,0.2552434856404324,0.1985642733244569,Paid Search,881,0
9,14.950333456957283,26.62023754036924,1,Fashion,0.0813398129913029,0.3366177220539014,Referral,1784,0
7,85.39821367813163,1.2332234787429825,1,Fashion,0.06972522278328412,0.2809972287516744,Social Media,608,0
9,36.621151174581186,34.68469355486869,3,Sports,0.21639286567447666,0.6505049386644105,Referral,1594,0
9,14.41524906379369,15.227924374334435,3,Electronics,0.17962537222587513,0.5804196027496469,Social Media,723,0
8,54.6587234841898,1.753812489159261,2,Fashion,0.10897052354161989,0.13274503187411435,Organic,480,0
10,21.60992806648772,38.18820079055538,1,Fashion,0.3811953358816031,0.23933368989566345,Organic,614,0
10,252.1558348190367,13.836875348624304,2,Fashion,0.14529917758581212,0.5091995819323594,Social Media,233,0
7,53.475575887975005,36.1700751478184,4,Fashion,0.042899031212583524,0.34883654118217367,Referral,1239,0
6,15.830057902029193,19.523035265814137,2,Sports,0.04039318323859071,0.3542547476379572,Email,929,0
8,67.00827687739014,55.536369706661176,2,Fashion,0.03865205795285923,0.3385537849184633,Social Media,1120,0
9,120.51987215400612,281.81993933752676,3,Electronics,0.10068964318438106,0.20144414340116593,Paid Search,553,1
9,32.95808154978045,47.54251505096926,2,Beauty,0.12158595651471214,0.3750781058608501,Organic,1192,0
8,17.915271091212013,62.459544750867366,4,Books,0.2577160345437845,0.3769972817392209,Social Media,301,1
9,34.31069849225392,151.00298095222783,7,Books,0.17291218816485937,0.11959430034594477,Social Media,1191,1
6,20.282579620002195,28.10433451048439,2,Fashion,0.4518091139868472,0.20065570510196726,Social Media,148,1
13,26.93288554028294,10.930782395872143,1,Sports,0.042383163565256815,0.24128662184035063,Paid Search,731,0
8,10.901771570326996,19.943804929076805,2,Electronics,0.12244702007852183,0.3222597168522861,Referral,1113,0
11,66.69780075110687,30.929684500564562,1,Electronics,0.01732437237343461,0.5359036454610621,Email,1561,0
6,13.20475182345072,62.141237826094375,3,Fashion,0.07391439378311059,0.48172256270967584,Paid Search,1482,0
9,53.86761936779407,0.27591520443741596,2,Sports,0.06700528573471161,0.42089880596003887,Email,962,0
7,25.964232269100993,115.19597995615666,1,Books,0.21616169089426848,0.7490992558691912,Organic,1612,0
7,39.57989007976024,4.748694896842658,2,Beauty,0.18830689935011097,0.11555819730119334,Email,923,0
12,22.651733716989177,138.54948824293132,4,Home & Garden,0.0826781404279316,0.4568671070673508,Email,944,0
11,38.74391414215197,179.06917036616505,5,Fashion,0.2123541145094491,0.2529168711296575,Organic,1315,0
10,46.81100981452451,276.9301677135518,5,Fashion,0.17603231070797554,0.32848467136717163,Paid Search,1602,1
10,25.010827266903302,99.4893928378753,2,Fashion,0.2250589480409834,0.5646740052331679,Paid Search,1100,0
10,10.0,9.178968539048869,0,Sports,0.3301546698185939,0.1963912893547213,Organic,1723,0
6,43.36324976948401,73.48463084105578,3,Home & Garden,0.17847451772982337,0.7301441394364797,Paid Search,425,1
12,45.27085167757484,13.638228386851898,2,Sports,0.1933743475038018,0.34879463685430395,Referral,1686,0
8,10.52557483317118,136.45609102333745,5,Fashion,0.06647658144162306,0.04557820946452592,Email,405,1
7,15.106679153751431,22.841016611000995,1,Home & Garden,0.1147275615017273,0.2529797765635069,Paid Search,961,0
6,25.07226140461288,23.742410451538902,4,Electronics,0.20039744059956716,0.5224084877024001,Email,1452,0
11,10.0,149.80901078473335,3,Electronics,0.17265527247950654,0.8132846452477391,Paid Search,1463,0
9,58.34215451781201,0.799162873612991,2,Beauty,0.31835299439814513,0.12327493566607317,Email,508,0
11,22.397643013527592,12.937772500760966,4,Home & Garden,0.12750117163155875,0.5693251502163592,Organic,1799,0
10,41.71481661390274,32.88385387794676,1,Fashion,0.26109022135383025,0.40385284628213636,Organic,148,0
11,14.15662885237652,72.38285555351493,4,Sports,0.29202733628498956,0.36192669837156577,Organic,64,1
10,166.33283563054988,62.573542766404024,3,Fashion,0.23747868663530575,0.6515878097934005,Referral,1535,0
10,10.628387071481631,66.41292085717058,0,Home & Garden,0.48046697721685083,0.33857766221344754,Referral,1494,0
12,22.225074965333963,127.22682738840058,2,Beauty,0.06213195019138137,0.2942994805084801,Organic,1301,0
11,86.4241362691054,7.740298838184994,1,Fashion,0.09942375650203847,0.08589285031907877,Email,1552,0
8,13.20331086231593,44.30897281964553,0,Fashion,0.06786685213646364,0.5162917776904334,Organic,251,0
10,35.61670505006582,77.5633645812177,3,Electronics,0.20810480942429208,0.22541072659794228,Organic,175,1
10,54.67871159525492,60.65561141675249,2,Books,0.10753265859069552,0.4026263304257284,Social Media,1769,0
3,10.0,35.68658715245459,1,Sports,0.15058852336011722,0.48624106770482395,Referral,1139,0
12,19.396171691091496,1.035763988969755,1,Beauty,0.0611846978508255,0.5394357656573201,Referral,1678,0
10,38.556725848928565,3.7413991900795374,3,Fashion,0.5598676173373663,0.7999673929593627,Organic,1654,0
6,47.59160593585569,7.597863414824461,1,Electronics,0.5151303153401203,0.12082550667875497,Organic,1192,0
3,17.15280145141467,25.225078581486777,2,Books,0.08944935595013805,0.3358558630815944,Social Media,1147,0
7,144.3807489586784,7.510223360181648,1,Electronics,0.20996920270293723,0.36515273820032507,Social Media,657,0
7,48.65501617032051,33.31615772962784,1,Fashion,0.1654179425059161,0.3133266800569627,Referral,272,0
7,61.64066473563387,11.807771971095057,1,Sports,0.10922515819934098,0.22133318317397838,Referral,1253,0
9,58.814669968448285,90.62069312294959,4,Books,0.18178444319095063,0.21366673824738927,Referral,1492,0
8,10.0,123.10380067749827,1,Fashion,0.02507658075520648,0.29735499842855045,Referral,994,0
8,30.210330828071733,29.623117975156234,1,Home & Garden,0.03646252001094003,0.48827683037760355,Email,93,0
7,32.68806931022351,42.9642885864808,3,Beauty,0.17051010205977357,0.32127279468469105,Organic,265,1
9,27.0182508934108,184.0933285805224,3,Beauty,0.02068745965996175,0.1890551378762215,Email,186,1
10,39.093898682084046,46.00862501937126,4,Fashion,0.15755572574785665,0.3630764259877436,Paid Search,1200,0
9,10.0,318.7841282799526,2,Electronics,0.07670510706657518,0.37828508739598177,Referral,1031,1
8,36.688696508201886,9.198231867041548,0,Fashion,0.17623669038386955,0.3610889966408309,Referral,851,0
13,25.980535435064965,118.92862021538208,2,Home & Garden,0.14767587929981638,0.6772350406693134,Organic,992,0
9,10.0,41.25412645122894,2,Beauty,0.3727006137955707,0.27350869143128814,Referral,504,1
7,46.42964971994954,1.3785630454143838,0,Home & Garden,0.18266860372827895,0.2881931894004364,Referral,1468,0
10,12.871852882953103,215.0126898364713,1,Fashion,0.2585884425942446,0.5445777602684639,Email,600,1
8,24.424409058957163,201.22660313566857,2,Home & Garden,0.05727066262916397,0.5646313378062824,Paid Search,1176,0
9,27.01737950751099,28.999518868109107,1,Electronics,0.21176364970314882,0.6603606286030194,Email,713,0
10,10.0,184.93242981752888,1,Home & Garden,0.17979856726575982,0.6143801654303674,Social Media,132,1
8,10.0,9.119854921106638,4,Beauty,0.14818220894611636,0.18735217608434226,Referral,469,0
8,51.2287280502924,68.38671200626891,2,Home & Garden,0.19840950203405425,0.3559634377246965,Email,1761,0
7,20.428795985132084,12.78632020847201,3,Sports,0.33839431167355644,0.15383709700497827,Organic,348,1
8,24.183599718400547,16.993300994438574,2,Electronics,0.22475513009087092,0.30502067382817777,Paid Search,192,0
11,35.102532669977705,90.66723656886387,1,Beauty,0.1961984594123112,0.23910018440694797,Paid Search,532,0
11,10.0,28.427022001443312,1,Home & Garden,0.14957052542989077,0.35886337289293985,Organic,1602,0
8,23.898976912571005,0.4291814892757598,5,Beauty,0.2508938533482861,0.1873851929141231,Organic,559,0
11,30.310819778111206,32.0905463655618,1,Fashion,0.3162387462131514,0.21198107278058217,Referral,762,0
7,135.86042870682124,15.53163159330325,1,Home & Garden,0.23137397850839841,0.5675759662007,Paid Search,566,0
9,15.859468116254027,68.99368702946192,2,Books,0.15767005203187304,0.18452421685078196,Organic,1804,0
8,62.24658440847922,12.973703230488603,0,Books,0.2369971970417953,0.1849954743426792,Social Media,1824,0
8,33.067942939981904,110.80596870471844,1,Beauty,0.14702975279364974,0.2636631105989415,Paid Search,881,0
9,13.350154211766181,18.644188651098332,1,Electronics,0.28165606315549,0.6391165506659909,Organic,1432,0
10,19.9583388326117,29.9563825808742,2,Books,0.15177286735642262,0.35638456046991285,Email,402,0
10,66.221917572427,21.23246307557443,4,Books,0.09124537608320347,0.16787032288559364,Organic,683,0
11,61.657593261105085,61.95655536989125,1,Home & Garden,0.4995321577316359,0.4169775821384026,Paid Search,1240,0
8,21.84072337282396,6.3992505396056085,2,Electronics,0.36991509500356556,0.04646496010764388,Referral,523,0
5,43.59662639545222,39.0166847025438,0,Sports,0.3257192801829657,0.23376917172491074,Social Media,410,1
7,14.445576492026543,24.428924847383687,1,Home & Garden,0.19105492576772584,0.292425580110226,Organic,1683,0
8,28.753329160517648,129.32130806356128,2,Sports,0.16530357022922082,0.36173320091333905,Paid Search,446,1
7,23.48414470865227,4.574781458614221,3,Fashion,0.35360052861299623,0.3201174989638178,Organic,109,1
11,69.78519019645002,106.20988278392741,1,Beauty,0.07603329830416529,0.30920968298558016,Organic,1370,0
8,47.955527127896985,11.012332155246252,1,Books,0.26260760471711864,0.6562733400578915,Paid Search,444,0
16,19.28150243560753,5.564933318143829,0,Home & Garden,0.12268979152560998,0.45789046759335317,Email,822,0
6,20.880283290126783,13.563080850756478,1,Electronics,0.13618150304072843,0.15105709661258648,Paid Search,204,0
6,32.35472399617156,6.498757598616269,3,Books,0.11940094709607016,0.7097695255481912,Paid Search,125,0
7,29.106762429125705,44.16127026434545,2,Fashion,0.41389062227197126,0.18668431021052942,Referral,840,0
9,26.47977416808452,266.4554248401162,2,Beauty,0.26860758959746456,0.5794547047472829,Organic,615,1
14,24.989012208519416,2.095822549671528,5,Books,0.0981633821310746,0.48396523684240694,Organic,923,0
9,99.81810538111351,37.09667167958008,2,Books,0.0492278993463054,0.34495257660898837,Paid Search,1762,0
7,23.068401335204033,29.272493994986256,1,Sports,0.03641621362818403,0.47984847862902313,Email,744,0
14,42.09735710902386,24.895156779121116,0,Fashion,0.27160210861985074,0.443732126200663,Referral,1100,0
6,230.01283240481106,24.19577701731665,0,Electronics,0.5261627671965842,0.3994161540805919,Email,179,1
8,16.82404067341002,135.23498567315508,1,Books,0.2216796412153094,0.3627100044982748,Email,1616,0
7,38.63559009255641,1.1495104798880285,4,Books,0.06820451637178662,0.47560549812436564,Referral,1470,0
7,40.26859137269321,89.47700004986359,3,Beauty,0.24364307449182376,0.4740652846961515,Referral,953,0
8,32.82276594502015,17.496038706817238,3,Electronics,0.15376944756401026,0.2262330155798801,Email,335,0
9,34.222563817375494,29.00191905896276,2,Electronics,0.13703450645141735,0.6151231613724759,Email,777,0
7,16.392310868729677,32.69914075676955,1,Home & Garden,0.24169271605810333,0.18981092908447575,Email,543,0
10,44.1271617729553,21.80745255127768,1,Home & Garden,0.052308614624831794,0.3562369703211513,Organic,1814,0
8,10.0,5.893751038421126,1,Books,0.3925028996059482,0.2638004817480488,Organic,896,0
7,139.52863015039466,7.284708999510121,1,Home & Garden,0.2295294713073791,0.22218063694269832,Organic,771,0
7,130.37715291919085,21.24052073073596,3,Books,0.22133155834475055,0.2789623460492389,Organic,309,0
7,25.447424348004777,103.49397402433848,3,Electronics,0.11688093473427122,0.20502446293832619,Referral,437,1
6,76.81510956783255,8.675724327956308,3,Home & Garden,0.12992914239720316,0.1279483710661441,Paid Search,1298,0
8,26.18808948935601,81.4367248633271,3,Beauty,0.1994430232315568,0.6290661250634174,Organic,976,0
5,33.376365262227544,20.453978660609092,1,Fashion,0.12563041095043767,0.4457484864328565,Email,654,0
13,19.206556187398967,128.97378390608017,3,Fashion,0.3037783766131921,0.1896849085382926,Paid Search,542,1
7,63.80411124179862,33.55144261469211,3,Electronics,0.0621852213091303,0.42176503237670726,Organic,367,0
11,20.800329642534617,11.30448106394779,1,Books,0.40012042679080023,0.3227987397195005,Social Media,62,1
5,62.06137944402322,255.4589108071139,2,Fashion,0.029895577562471118,0.29400172172427963,Social Media,1783,0
9,32.02013698377367,11.661305599244121,3,Home & Garden,0.21025558620760731,0.33400093735455133,Referral,1374,0
3,32.661694503834745,50.307002058323775,0,Sports,0.07920801566137414,0.410151158176684,Social Media,1693,0
7,10.043665852545411,50.53872553411575,1,Books,0.04986599583311458,0.04275963736572478,Referral,753,0
10,34.739647865420096,27.990675394143604,2,Home & Garden,0.19856330470067066,0.5495145422138771,Referral,1586,0
7,13.241119327107272,181.55737821135256,2,Books,0.1568751361087548,0.3524149904079781,Referral,468,1
11,34.78810622669196,111.4257304639896,1,Beauty,0.5852357627386313,0.19801738550790177,Paid Search,930,1
7,156.30584153436584,106.25375987951804,4,Beauty,0.14982484296474044,0.4698712596924771,Paid Search,370,1
9,10.89557928413457,219.33117314263475,0,Home & Garden,0.2587488249811206,0.559894936011744,Social Media,1406,0
4,29.443573235061262,36.650840328078374,1,Electronics,0.11330578125135385,0.22992901532869642,Paid Search,908,0
6,19.917561048973877,6.134308698866371,2,Electronics,0.21096327351017807,0.4742883219108504,Organic,979,0
12,14.407448961162267,87.00670545496949,1,Electronics,0.17665540238302743,0.1142149448838157,Referral,1568,0
10,17.584306323348066,28.76083635391999,0,Electronics,0.040406549413559305,0.6100300841020254,Organic,1349,0
8,107.41053818435165,12.668834127924972,3,Home & Garden,0.2933779747692799,0.3416794791909476,Paid Search,1763,0
9,132.8457662532438,39.61145634650243,0,Fashion,0.34126996513518004,0.7198367364334524,Email,740,0
5,14.33815337102749,155.99395647128287,3,Home & Garden,0.19614373297496407,0.28292498413600564,Paid Search,842,1
13,45.637391598094844,11.277952732186813,1,Home & Garden,0.520306188690419,0.20915598291253393,Referral,1123,0
12,15.87594942286245,113.30896965691954,0,Sports,0.19144365798751461,0.255046010484714,Email,827,0
7,19.246727080522597,32.49822159741103,1,Sports,0.15348534489898308,0.344281937166062,Email,766,0
10,10.0,8.826669578758052,1,Beauty,0.15459897330208738,0.19285443410542458,Referral,622,0
15,182.2652008945144,113.18358505674414,0,Home & Garden,0.11204829196985681,0.6452304649783566,Social Media,1518,0
9,79.73071175675787,209.63892076011064,3,Electronics,0.2346895593215825,0.3741994773208747,Paid Search,974,1
9,19.661296545457795,20.65689918352297,2,Sports,0.23092885235703917,0.25627416655368973,Paid Search,1108,0
7,41.59048607325432,21.704368524057806,2,Sports,0.3284138033007828,0.6119563472404349,Email,373,1
9,24.04710636846163,29.711506606725568,3,Home & Garden,0.03212207171346499,0.09468944623986393,Email,460,0
7,70.58105126739703,100.96258411205882,2,Books,0.31727249323839835,0.49894711571397005,Referral,620,1
12,25.20381025651243,0.6283101311991627,2,Sports,0.0801177098962154,0.42596278803711857,Referral,849,0
6,28.33733766077693,15.212806220241054,1,Electronics,0.21490901817477204,0.7550161080805279,Social Media,81,1
13,19.498887686940794,73.43008746872198,4,Beauty,0.16479374781659847,0.27784982484359844,Email,1621,0
10,53.683968023335105,31.216149482772487,2,Home & Garden,0.024160150390086774,0.13994444072423873,Paid Search,1649,0
12,193.9232929234216,24.055133536657024,2,Books,0.05610084474304809,0.6003355548593307,Referral,1207,0
7,26.37964674922176,123.47625182505006,2,Fashion,0.47984948919448533,0.34614729890312373,Organic,577,1
10,26.13867722157415,149.57675520322064,4,Electronics,0.16057754951836614,0.375582240816144,Paid Search,703,1
10,32.45607127537445,177.37479476859312,3,Electronics,0.26435273142402355,0.5002306050754701,Email,1339,0
10,40.77899804855423,19.092644582531182,2,Home & Garden,0.2167599840020899,0.3218664090779223,Referral,523,0
10,26.070862618269697,146.17563630129814,2,Fashion,0.14350314708027218,0.407718184986147,Referral,1111,0
8,24.19608672190746,80.1282170856961,1,Electronics,0.06026162094491361,0.3834997598003123,Organic,1654,0
6,35.375493735854455,10.049387485182692,4,Electronics,0.5671385534570935,0.49959565682243334,Social Media,749,1
3,10.0,56.53806959650976,3,Home & Garden,0.2538464382055103,0.3271812738473173,Paid Search,1071,0
10,21.371948529760033,1.6012674855766136,0,Electronics,0.29297088293269213,0.19867832006687178,Referral,1694,0
7,10.0,73.93784220184932,2,Beauty,0.10822541517382088,0.20732224105341743,Social Media,622,0
8,22.328469626526083,79.35806614653669,0,Books,0.25750540768789454,0.5161950340701094,Organic,1386,0
6,15.508556023019661,0.0,3,Fashion,0.026640285490026037,0.12328343457325755,Organic,1378,0
10,54.684774865067894,11.362586944463457,4,Sports,0.03549610568153667,0.4632791919569858,Paid Search,1694,0
9,18.390394629023547,59.37201208751609,4,Sports,0.1835030602884059,0.22613130094191067,Paid Search,1567,0
11,24.71943783369158,11.823457382613498,1,Fashion,0.09185634890767841,0.35186234325320226,Referral,1366,0
10,10.0,175.8529718576512,2,Beauty,0.11517873160452652,0.15894748905689224,Referral,1162,0
10,75.03212857295749,67.43777986500291,4,Books,0.12246924241713161,0.6111119754809257,Paid Search,440,0
3,13.885985452862156,6.010827189601588,7,Home & Garden,0.11605919440414647,0.17489587080503854,Paid Search,1224,0
7,22.507831210336033,12.423828811424285,1,Home & Garden,0.06560804926567518,0.713640658550331,Referral,505,0
8,61.71194881933939,65.34231346908494,1,Sports,0.48759893966482876,0.07175738274408297,Referral,803,1
8,61.89718181313185,38.85263921022618,1,Electronics,0.15778350183343723,0.3462978835117387,Referral,1295,0
10,13.617464195824928,79.97606012968448,4,Fashion,0.12084150207462009,0.4765405631240575,Organic,1232,0
7,50.47897814342503,19.776013295608422,2,Books,0.08217385132398611,0.31638413320127906,Email,732,0
7,13.210567763447722,64.36220703925093,1,Home & Garden,0.20468419681755928,0.23887007913842584,Paid Search,334,1
11,39.878926875391734,11.685040858278162,2,Fashion,0.5196379310065676,0.38894816053507164,Organic,884,0
11,17.682832457033133,47.07763703248099,2,Electronics,0.19826581625127343,0.5127199798035258,Referral,493,0
13,14.700918443387488,189.91952274460385,0,Sports,0.3955400003341761,0.3235919037763996,Email,466,1
9,34.062565859747274,59.36754011126018,2,Electronics,0.22271281493564615,0.7142386022815592,Email,597,0
6,18.563332088125318,3.0771945596544965,1,Books,0.1316350778381344,0.3123089252631279,Organic,1289,0
9,166.47818164941728,269.30799856178237,3,Beauty,0.016419950450963366,0.60444475287249,Social Media,908,1
9,20.20194136786086,10.23778610902825,0,Beauty,0.1612714965060924,0.3127371685850967,Social Media,681,0
9,12.761525329272299,75.9655969858594,3,Sports,0.17972547330146307,0.4041119785479127,Referral,1643,0
15,16.133751793212234,45.62521122003528,1,Electronics,0.08045499488707455,0.4916200328034064,Social Media,1290,0
3,32.65818174170646,20.919063676709555,1,Beauty,0.16847472327624222,0.4693275681856148,Referral,903,0
8,36.21913095119521,11.710584601783545,1,Books,0.0851021164401162,0.6464645395659713,Social Media,769,0
8,42.419891851017255,11.739171732547414,3,Beauty,0.1304181882510564,0.37385811872202496,Organic,1494,0
6,68.66277402155836,117.28481078221517,3,Books,0.1063892521132489,0.2848167164506986,Email,316,1
8,10.0,123.77277388962594,0,Books,0.16678686520717392,0.29851486086783596,Paid Search,1212,0
9,71.21688592574374,37.545634327350655,0,Fashion,0.08297828587893996,0.39443682216904574,Email,39,0
9,15.940726170271628,6.563548848618186,1,Books,0.39428930038513704,0.1419502392148369,Social Media,13,1
13,45.664552431859704,129.33536464597543,0,Home & Garden,0.19151888979088194,0.534242158174153,Email,1700,0
5,131.22104626923525,40.05069426727868,1,Books,0.06351873945622785,0.4507985900134059,Social Media,938,0
7,17.485819416890347,34.656658467280394,2,Electronics,0.10446781770342997,0.35278135079775186,Referral,575,0
9,16.915970962844963,31.389787567028073,0,Home & Garden,0.11371074241581604,0.08345541607428607,Paid Search,1450,0
10,14.593466187218155,27.24915608260096,1,Sports,0.2644121532058582,0.45590590702075473,Referral,1797,0
7,25.269791229502406,44.79356144221035,1,Beauty,0.26955235215473705,0.4017257379135523,Paid Search,63,1
12,91.13144481205968,55.66252418569228,3,Beauty,0.08283060388387387,0.26904110132474934,Referral,70,0
7,13.579443369438337,37.690148263528805,2,Home & Garden,0.4441826590982983,0.43292110293811364,Referral,1560,0
10,22.30915843953204,136.1769733717621,4,Electronics,0.17199976364896816,0.2953898903650128,Email,1016,0
13,72.28315798914826,22.933740726474817,2,Beauty,0.14828688298307646,0.2646166556866802,Paid Search,1611,0
8,54.55236435854864,51.809354115850546,0,Beauty,0.14312359349043627,0.31205948078002904,Email,1268,0
15,22.203001060948086,21.39654706866076,5,Sports,0.13621144435562657,0.4593410658241695,Referral,859,0
7,27.97369129196621,83.98710286590793,3,Electronics,0.15419180701091342,0.33607958619567735,Email,295,1
10,68.90180993249307,6.463204455564419,0,Electronics,0.09422930765701222,0.25611939572630943,Social Media,712,0
9,117.37934587113591,12.54696858253028,3,Fashion,0.12313927738426515,0.4643477908505782,Referral,1436,0
11,129.12874480708038,96.92778461836166,1,Fashion,0.10051246358696608,0.04428058253298831,Social Media,427,0
10,99.86719392165266,12.141484079253377,2,Electronics,0.10600290655332407,0.3955967709048908,Referral,1300,0
6,19.37439310832882,58.96928956340104,2,Books,0.1510472101932821,0.2122175977669955,Social Media,452,0
8,141.86873343350175,210.88236402895413,1,Fashion,0.10920801925642576,0.2053174343515197,Social Media,846,1
11,18.336595239919404,44.40056958831232,1,Beauty,0.334169559808638,0.2752539988261021,Referral,156,1
7,10.0,12.4507153344608,2,Electronics,0.23290366084853054,0.4638760551139633,Social Media,830,0
8,36.2300624492736,23.200754472199872,1,Home & Garden,0.19485914963004572,0.4450894512210708,Paid Search,1118,0
9,107.87500701405376,104.05181421854658,1,Electronics,0.24514485781488368,0.24278100535332056,Social Media,1028,0
7,56.311556170339244,26.000486236319876,2,Electronics,0.33603739087101026,0.3431435725319044,Referral,742,0
6,31.219146881717297,77.13513242074569,0,Sports,0.24636156415504354,0.15984799990251472,Paid Search,675,0
8,41.80811639400028,90.1292717789295,1,Fashion,0.27436137042292447,0.4098939843981395,Paid Search,503,1
5,50.68883180079956,41.73094066359245,0,Sports,0.04585078530201302,0.43696286202658813,Paid Search,1400,0
13,37.264973441626246,91.73050483978325,2,Books,0.11820043609628927,0.3017876735158046,Email,1428,0
13,26.146468088439814,22.867104928803307,3,Electronics,0.21142264065860608,0.487197139927872,Paid Search,882,0
10,18.309211701934668,43.56001651590789,4,Fashion,0.282119006860475,0.44260315751274554,Email,698,0
8,36.22891275408317,69.6085071703374,1,Fashion,0.24119201058735498,0.5683569401136098,Organic,1163,0
6,30.02287692621097,11.040645567542521,2,Beauty,0.12315796339522506,0.43305257918149764,Social Media,1018,0
6,33.21115730821165,19.18108161555445,0,Fashion,0.058199354496706296,0.2769077681095001,Email,1218,0
8,76.46212846950272,63.33947921432169,1,Electronics,0.20294973055632853,0.5325315877793787,Referral,559,0
7,27.163924725645085,63.91531396254149,3,Electronics,0.07392121404318809,0.7680457613593689,Paid Search,1438,0
8,28.036160796069765,40.79048336596547,0,Beauty,0.18635512418995012,0.556955709515064,Referral,578,0
10,38.54894449779344,95.25628699256492,1,Home & Garden,0.11540070935616575,0.5210332614699401,Paid Search,764,0
9,270.61217741408524,39.473161845985075,3,Sports,0.06299805987197775,0.5057123415790148,Referral,242,0
7,13.825060096822893,127.88061432972623,0,Sports,0.2910063989540231,0.3652103736001661,Social Media,1561,0
10,79.32083297117039,79.88642703418428,0,Electronics,0.2770041986808365,0.4102826831590104,Social Media,1176,0
9,26.07052384323502,22.673465092435904,0,Books,0.1647737351691199,0.21884857670873523,Organic,430,0
6,31.53851353363509,30.176805470835312,2,Beauty,0.11380949277213545,0.4505177190394885,Referral,1554,0
10,11.59146088133693,66.10062225158393,2,Fashion,0.3359281095756777,0.19582289401787456,Organic,1286,0
7,149.06318554536284,134.91571897249338,3,Electronics,0.21247703677531588,0.4181140304429335,Referral,807,1
9,39.568315046914215,11.81264766444572,3,Electronics,0.11842158956431854,0.5338387346926856,Social Media,1806,0
7,56.09584781712893,43.37477364087705,1,Electronics,0.2816913193014127,0.5358073636323045,Organic,616,0
8,10.0,7.587179116642452,1,Fashion,0.12102473364171878,0.8105779402342066,Paid Search,182,0
9,19.80996723905833,19.664857465488804,1,Fashion,0.5697118208067862,0.4489165801193689,Social Media,1338,0
6,46.0616663393522,69.4981757716673,2,Beauty,0.18120680112933113,0.5836129213493209,Email,1381,0
9,29.11396146373689,4.855336954299386,0,Electronics,0.2911914212167728,0.2678772959490829,Social Media,108,0
6,47.33941038823603,65.14625038841199,2,Home & Garden,0.4461331125148485,0.4768455211866498,Social Media,1495,0
10,178.088392998714,138.64376263674532,3,Sports,0.18442611212808935,0.7866377243698356,Email,1416,0
12,49.58510875081604,209.147091556511,1,Beauty,0.03488087408565332,0.4012375818592289,Referral,1696,0
9,23.127072997225696,14.649177767347489,7,Home & Garden,0.07860973236515575,0.3684163575310674,Email,217,0
7,19.66639486356937,82.91375250536201,2,Home & Garden,0.20878004391791627,0.3697139643785228,Referral,1096,0
12,17.95238949566932,156.5225293007168,2,Electronics,0.20518798019673692,0.48031037864988596,Organic,401,1
8,23.52086353907409,5.748992995344939,5,Fashion,0.0748507387561103,0.42457329821355755,Organic,729,0
11,24.32769253885955,32.06854666445577,1,Sports,0.2661174200710316,0.1975721479305338,Organic,484,0
9,36.42050911146118,151.10266883316655,2,Home & Garden,0.22667082172401704,0.4282165607677383,Email,820,1
10,50.534626026729285,13.598040521865416,1,Books,0.13265353033937105,0.5768707312500216,Referral,206,0
8,46.91620631745617,162.86886551054997,0,Fashion,0.5293029093334137,0.535386254286989,Paid Search,554,1
8,36.80704939537109,44.94396257471721,1,Beauty,0.11926734146616194,0.6026270654591355,Social Media,130,0
13,38.89759683319975,6.314503531989533,1,Fashion,0.2112256577982895,0.2909941135995336,Email,898,0
4,251.77577584297921,35.85683791112306,2,Sports,0.08332683936248722,0.3398404552038735,Organic,542,0
7,18.579428240143386,23.6947664127417,3,Sports,0.09793460598241825,0.38881690061919316,Paid Search,1077,0
10,32.15337847758375,19.894205792423147,1,Sports,0.10799305458414402,0.39100243127350065,Referral,833,0
9,10.0,46.78450311293276,0,Electronics,0.23174570995254085,0.5431609374571249,Referral,445,0
9,24.377708570338054,39.651567952352565,1,Fashion,0.12482647703437318,0.47505014532150935,Referral,188,0
8,16.134491399214408,39.46299841892626,2,Electronics,0.13444984104425117,0.8315846182463201,Email,1375,0
10,18.469398261601008,5.536242473761294,1,Electronics,0.2574508644008679,0.6387786809872577,Social Media,1155,0
12,12.824899069591718,97.26579094447236,4,Electronics,0.07205060268855042,0.1959162310536883,Social Media,61,1
9,11.2267906415552,39.401893158608495,3,Fashion,0.13332261083621824,0.29573952505184903,Paid Search,1805,0
8,36.51953609170819,103.19061089064755,1,Beauty,0.28127887784851935,0.11102925049838003,Organic,1172,0
9,58.455540236685316,104.43933897780813,4,Books,0.47360114650267987,0.2607526664466022,Organic,378,1
16,17.863784285256695,22.887514323331555,3,Home & Garden,0.2864770511943251,0.22336764175198787,Organic,1534,0
15,10.0,0.26134658659633925,4,Fashion,0.16266887018138498,0.41875246429155694,Organic,1609,0
11,36.1931232080584,145.31298882692343,2,Fashion,0.2692126005338297,0.2010856430914592,Paid Search,1047,0
7,48.21002866926632,85.80090644943871,2,Sports,0.25167537900272746,0.3187259716548978,Paid Search,1616,0
14,56.768658735907586,6.807053064917864,2,Home & Garden,0.2818527514331652,0.20023393142653487,Referral,54,0
5,14.628702828590983,72.5847731078629,1,Sports,0.18298932347546001,0.4089649630606187,Email,1724,0
5,20.3945727278179,1.2135870683445498,3,Books,0.08314183837177815,0.34233091991845155,Social Media,105,0
8,13.62766090428535,1.6890980438736354,4,Beauty,0.20592034097004352,0.285394372293908,Paid Search,1172,0
11,18.330810967376394,44.77050687364262,1,Electronics,0.5332050534985555,0.29322471662643745,Social Media,631,1
14,17.605026140288373,6.058039408178285,3,Sports,0.2587463147525013,0.33281158865657795,Referral,72,0
7,22.024890202145095,200.01768915906936,3,Books,0.18660209290797733,0.5926598600976931,Referral,1696,0
11,27.081493502563635,134.5635149799756,2,Home & Garden,0.3282221421634824,0.4077298279988355,Paid Search,247,1
6,36.29735695290525,62.957112904971936,1,Electronics,0.04319805433755746,0.6678213310927884,Organic,1558,0
12,16.83704110011062,3.9497353344765833,0,Books,0.1409188800399149,0.3590101961735747,Email,603,0
7,29.612912350302587,23.567913322797864,0,Sports,0.2550522973849451,0.7194776764048663,Social Media,1352,0
9,16.03124669030741,27.886447417617582,1,Books,0.31863995114563265,0.2964557182720067,Social Media,464,0
5,10.0,39.33719354520264,0,Books,0.1095886816585875,0.4467818218978346,Referral,1065,0
9,51.03384107537399,11.100516750271213,5,Electronics,0.06610236036507541,0.24310712468298662,Social Media,1459,0
10,19.48718017971182,51.69560336886284,0,Fashion,0.25953167612458233,0.2151296661576471,Organic,1033,0
12,10.0,34.33766745009807,2,Books,0.146316813335614,0.4024958588225782,Paid Search,560,0
9,51.85259512828755,176.58493226795727,2,Electronics,0.2654620834945041,0.44985193012859515,Email,426,1
9,27.09490725117093,165.1156392397197,1,Beauty,0.18187727482786972,0.17927585921998673,Email,319,1
10,47.572226527892674,50.00996366357792,5,Beauty,0.23245955448013855,0.1631691282881354,Organic,1530,0
14,46.27915272353123,62.02837864641997,1,Electronics,0.19893352546385693,0.2718395393715434,Social Media,1115,0
11,13.797932988362344,8.895835195064592,6,Home & Garden,0.25149832446348275,0.559456111000561,Organic,928,0
10,69.71294051629303,15.163861438408055,2,Home & Garden,0.04997439157978242,0.2973091139178429,Email,456,0
9,10.0,138.58589087274518,1,Fashion,0.10782120845181051,0.2756100434158089,Organic,792,0
8,24.101330848828045,72.07178430465115,2,Sports,0.21076488013277014,0.6305503360332163,Email,1131,0
13,22.857832407733564,12.60106910900491,2,Books,0.08333197817602563,0.30475606978895686,Social Media,132,0
3,17.79131355195609,50.66755642957694,2,Books,0.38868077344403795,0.5138356957324548,Email,658,1
7,88.30967108429948,163.78210013638983,2,Electronics,0.2186897935853768,0.6756607632970573,Organic,437,1
7,42.140038180492326,25.402878495307284,1,Electronics,0.34056351200281126,0.4586431171496554,Referral,1180,0
7,10.734870261747902,12.334456105675415,2,Electronics,0.06724895761143017,0.4880755212590972,Email,1106,0
14,12.052127256940487,170.8648903323312,1,Beauty,0.4362241169819292,0.4689064170318533,Referral,547,1
7,185.5606766644669,37.1119289372184,3,Home & Garden,0.10975199105130456,0.18423547461326317,Referral,76,1
7,22.612583826949848,32.398996251126434,3,Beauty,0.0335315655007497,0.5889302760879235,Referral,334,0
10,17.516808750492373,18.683020957842956,2,Beauty,0.09091974346410646,0.3647648302123099,Organic,292,0
9,83.52660386002586,133.30749262246877,2,Electronics,0.45337327865112226,0.29134195094081605,Organic,1037,1
15,10.0,112.09903446795587,4,Fashion,0.18111905654135033,0.3010873963863069,Social Media,309,1
7,100.44479931054038,30.94932506240207,3,Electronics,0.20272028213352078,0.3787692561896332,Email,880,0
5,17.491438714513606,1.865499285234207,1,Sports,0.16338420856435734,0.4382074690977825,Paid Search,1121,0
10,49.99461434130374,35.50602908693262,0,Beauty,0.20763363547848987,0.5234777301274386,Referral,1605,0
8,22.575901143229967,11.969870893523607,1,Electronics,0.32431192412422816,0.39522866295804043,Email,447,0
9,10.0,9.240426318496054,1,Books,0.20330445591026228,0.31097504201906584,Referral,340,0
9,38.19765223723862,29.962843224083844,4,Books,0.37097879224032604,0.5613823678534784,Social Media,317,1
11,70.68525706395222,6.260124964760571,1,Electronics,0.2175749454580932,0.30698852212007394,Organic,658,0
7,10.0,189.44498523359982,5,Books,0.13738855578208337,0.4887229453260469,Paid Search,1185,1
5,13.136662444285255,2.9223785133454885,1,Electronics,0.2132194910573263,0.1502920539157961,Organic,1226,0
11,89.14955573855131,30.786656727401834,0,Beauty,0.06873100427742508,0.5548573251829811,Social Media,385,0
11,45.517609574496745,10.654564611246274,1,Electronics,0.12746751578096702,0.2245982048678152,Social Media,240,0
6,47.99991803200553,70.04135205440816,0,Beauty,0.17989016613808767,0.2990851146830125,Referral,819,0
8,69.73538727701033,4.925432382004702,6,Home & Garden,0.17991387703484832,0.5351134367902955,Organic,258,1
9,48.14806427466296,47.486042974196046,1,Beauty,0.2121779984455883,0.496015377343787,Organic,1483,0
5,37.262044262370054,88.99514861482076,6,Home & Garden,0.32768926149579763,0.2925750531277822,Paid Search,153,1
8,80.8756516548533,179.81578146910792,1,Books,0.11885031562018414,0.5882888671601871,Email,1372,0
13,24.23781490494039,71.944601187677,0,Books,0.2763125387179433,0.6397832169886651,Social Media,78,1
9,32.67918136355554,6.2877576785564635,2,Fashion,0.20782873416067388,0.5302467839837547,Referral,1472,0
7,64.11539224298667,5.561173803541236,3,Beauty,0.38927594214714517,0.41688897406727515,Paid Search,1144,0
6,17.9592304149388,78.91617619130913,3,Beauty,0.06997492557592365,0.17425842592801868,Organic,589,0
9,103.5355406113891,14.549476408490673,2,Fashion,0.4103934504190768,0.3768673650724763,Referral,740,0
10,41.807492458687896,35.56980703762136,2,Electronics,0.12474960043377316,0.290381111347869,Social Media,1229,0
5,13.208830002718527,225.3552858364302,0,Fashion,0.08652472698911226,0.5719120899963445,Social Media,339,1
10,28.364317769215745,102.85684652712244,0,Sports,0.3407410978660666,0.18052778102175981,Email,1624,0
7,10.928463051544282,112.47978527152607,1,Home & Garden,0.20952644509258633,0.3212072816992858,Organic,881,0
12,35.471045945348195,118.2976411670357,2,Beauty,0.30191133632428224,0.5017788175169718,Social Media,1387,0
10,24.45797700864896,57.98329608607292,3,Books,0.09441910659074125,0.31764931052045037,Referral,925,0
9,16.580645097985528,81.7391854737008,3,Fashion,0.0715849497445566,0.452974014569394,Referral,825,0
9,10.0,26.67989089865206,2,Sports,0.1352198382521903,0.15180380535517646,Referral,857,0
8,17.576763583115273,365.0,0,Fashion,0.05221572268675527,0.5735916217178796,Organic,663,1
8,28.66051077708358,19.678766414649495,3,Books,0.12492619050644456,0.27282068222605255,Organic,1337,0
8,24.591460476907386,53.496970577079765,1,Fashion,0.2954793306735579,0.4128967105903831,Social Media,1544,0
8,10.6320918280683,19.882296994685472,2,Home & Garden,0.20767521473640513,0.35653899585397314,Email,1559,0
13,33.687648323919305,7.131813064983807,0,Beauty,0.1743750514167484,0.3245754855377344,Email,221,0
12,15.052934065630234,50.302283287245395,1,Fashion,0.1311555304945909,0.27287003514687885,Email,1389,0
8,69.23538278377562,26.156882022502916,0,Sports,0.10954422695625596,0.26196524217786954,Paid Search,365,0
5,77.89046531060927,52.51170101249394,3,Beauty,0.1805381289025088,0.32311773044928566,Organic,23,1
15,26.959540137734663,49.078895479576914,2,Fashion,0.10433847327387798,0.44523932641134456,Organic,503,0
11,116.85113402816921,46.88680776078236,5,Books,0.21703054168455632,0.1686892228305684,Social Media,535,0
12,29.58386678666105,7.895502014444203,1,Fashion,0.29588135293769635,0.5074806341980291,Referral,1478,0
6,11.700220372465902,34.808481522459715,0,Sports,0.03975122459899508,0.5095057755482839,Organic,1355,0
14,85.4714289071648,100.28005623723742,4,Fashion,0.3293649195261087,0.3158847292849148,Email,155,1
9,120.45685185033956,22.71275671268153,1,Electronics,0.12511493825144354,0.37089229047254696,Paid Search,595,0
6,73.38341345963656,35.2010389563289,4,Books,0.036764071093032924,0.5336435002404026,Referral,459,0
8,17.97390654580768,40.85315037688565,4,Electronics,0.18920830549777498,0.33738104379512757,Referral,1087,0
9,12.325981845803746,119.14890311285275,3,Beauty,0.25201203578739145,0.3893012207218242,Paid Search,988,0
11,25.022191981270574,63.957050181200835,1,Electronics,0.08434246788880875,0.2158078512180939,Paid Search,1239,0
6,240.11668317921163,6.335134781457751,0,Beauty,0.026784750254977428,0.379630022995401,Organic,1662,0
6,12.916362825335712,120.22487188975988,0,Beauty,0.0652703548487026,0.049320310140812534,Paid Search,769,0
5,63.85431041714878,107.05104527478198,1,Books,0.0701069204022841,0.18008170834632473,Social Media,1197,0
6,30.752529311750383,84.05914045866486,2,Books,0.09721196616291905,0.4035374584793226,Referral,1676,0
13,70.4794905379043,37.64808566770627,4,Sports,0.4371534696677182,0.551676263867939,Referral,989,0
3,12.085536084146907,85.0164440708475,1,Sports,0.3050479913005191,0.2150886140280971,Email,563,1
8,27.123455769852043,39.090616706471565,3,Sports,0.21076497025267174,0.4376824228325958,Organic,735,0
10,16.144190440663795,80.05025051445503,4,Electronics,0.13022333842467193,0.30313696438690996,Email,1377,0
10,16.896040367713265,127.27091995776121,2,Beauty,0.18425169439727138,0.4628767138359436,Organic,1314,0
8,59.69894998021475,132.73263448438368,1,Fashion,0.3045056915188236,0.2568907482572524,Organic,1366,0
11,13.528017394376446,36.37179148544858,2,Home & Garden,0.37461787869127544,0.33788353876751814,Organic,1356,0
9,41.75818311452922,117.68572180276391,1,Fashion,0.16688200571531503,0.17066073334941737,Social Media,1679,0
11,34.62653903167998,6.418868390118324,1,Home & Garden,0.12510353880597436,0.1828668654383429,Paid Search,1394,0
11,15.439911346190057,6.443048207035936,1,Home & Garden,0.20054983380837926,0.2757694532562568,Paid Search,1561,0
4,18.35355252484109,47.679831841913966,0,Home & Garden,0.2312719653018152,0.37689700701762413,Social Media,1047,0
5,43.256434186212,63.30638401017951,2,Home & Garden,0.08520924535419783,0.42442776963606516,Email,1175,0
8,32.45617904607975,9.962834162610434,1,Books,0.15719917961858174,0.5610075175015928,Organic,1766,0
8,34.145663354626805,38.34000284269662,0,Sports,0.1794151144023419,0.4908707466060112,Social Media,1588,0
9,27.492641158343623,5.946980920883617,2,Books,0.2815796999311873,0.392410375427575,Email,1418,0
5,26.105380189039828,55.29319611873704,4,Electronics,0.36661666859488284,0.4697612047114901,Paid Search,1251,0
10,32.54911911239149,115.9002165766596,4,Books,0.34884407593513744,0.3541306062575526,Referral,654,1
14,104.72750763060753,80.28202617627815,1,Sports,0.2826182391525348,0.09130929259826291,Organic,1000,0
9,50.56534121527176,28.517041796526488,1,Fashion,0.0655172150063133,0.357024606926124,Organic,101,0
10,29.8232531106463,304.9323566844166,1,Sports,0.22813217356834872,0.13775323709876564,Organic,760,1
11,13.936714617256662,65.24876514421072,3,Fashion,0.486576370007933,0.3824318985577906,Paid Search,205,1
6,23.68343391195642,101.32459471592365,4,Electronics,0.09177905222306906,0.327468794431171,Organic,1330,0
7,15.860072307046678,66.46476219059424,2,Home & Garden,0.15927248492220086,0.4673139091312693,Organic,1628,0
6,17.50927901666649,272.90636130663995,3,Beauty,0.368555538498222,0.19670385864120798,Paid Search,318,1
11,10.0,103.34288210225968,4,Books,0.10716346469387551,0.4108054638621793,Social Media,449,1
8,32.81764151237721,43.966096024467696,3,Beauty,0.3500736139661326,0.1106166585370689,Email,1564,0
10,173.15405878613822,27.425676651374303,5,Home & Garden,0.1580499684627112,0.3217102797340453,Referral,1069,0
12,38.742422906128695,68.7714539330625,4,Electronics,0.2393599584709613,0.5415618984632898,Email,1074,0
8,59.259476490579516,53.52835576594655,2,Electronics,0.1890080817225954,0.4559653926981554,Paid Search,1027,0
9,71.36722780578971,59.549919147069076,2,Fashion,0.2364176000950665,0.43393232661166664,Paid Search,399,0
10,26.32821671029784,25.205350185935615,1,Fashion,0.10111436034517422,0.41230921867871706,Email,444,0
10,27.77673087494754,33.59343370084447,2,Beauty,0.10024216152661669,0.265662316960759,Paid Search,1733,0
6,10.833753791639412,48.999834960342795,1,Electronics,0.17499713198954744,0.5622748754738897,Referral,1320,0
11,38.765545204667895,109.68676352763427,0,Sports,0.152798101628362,0.6212595594613814,Organic,165,1
9,34.62969058987012,86.35865390638362,0,Home & Garden,0.16617155874387154,0.1462627363670326,Social Media,407,0
12,16.69405113940114,7.5784270167582966,3,Books,0.12744496403158265,0.47653679994398873,Referral,1144,0
9,82.99948575201617,16.906314318408388,1,Electronics,0.23390546034609688,0.43723949003471685,Paid Search,518,0
6,17.79098506612998,1.6211691430484305,4,Books,0.027592691598377475,0.6894920611121446,Social Media,460,0
10,323.07971300878074,0.47954534715539265,6,Electronics,0.3082966294692295,0.2757201819919137,Email,370,1
10,45.73011406630473,15.245203683504576,1,Fashion,0.3354822856666728,0.1537812613456465,Organic,339,0
10,32.54102138719088,96.3629042017405,1,Fashion,0.19827716057482134,0.42756915642064963,Email,1119,0
6,156.20257218266457,141.07354075091317,3,Electronics,0.1911652853642881,0.38407728527213675,Social Media,1653,0
11,10.0,29.831969545732218,3,Books,0.3535747443231297,0.3112729535774137,Organic,659,0
11,26.33825701863037,49.6965984995883,3,Home & Garden,0.4115337062347092,0.23243611221521193,Email,222,1
10,23.409976141403195,73.46126675200858,2,Electronics,0.3195169220825312,0.446986994606289,Social Media,227,1
9,28.648199302243004,183.37570553971338,3,Electronics,0.2080603942788805,0.40775149996551696,Organic,1704,0
9,39.68202962128831,146.4641149115837,2,Sports,0.16056687435778869,0.29199211448985235,Paid Search,965,0
11,27.981333601476752,3.533576662701963,1,Electronics,0.4256617039838307,0.687147978842177,Organic,851,0
11,101.5754269496255,17.11437093219188,1,Beauty,0.05253628651920357,0.30382488747237524,Social Media,1625,0
4,46.91318536629039,3.023593171758085,4,Fashion,0.15184651237513197,0.6553140573131178,Referral,925,0
15,48.77371651265418,57.51157677895331,3,Sports,0.13330232631928723,0.5379145723415719,Social Media,877,0
12,47.93647288155131,74.3746137471167,3,Sports,0.1723365090866852,0.2321282109776863,Referral,1691,0
9,11.813936491425666,22.11473776102097,2,Fashion,0.10909629402976281,0.145121350772901,Email,866,0
9,38.922516523078805,115.38809061012006,0,Fashion,0.47024126484892065,0.3028853446091168,Paid Search,714,1
9,40.01175719279221,36.177852848152554,2,Beauty,0.2838536488077517,0.4732271650376665,Organic,1061,0
10,13.471200021943977,365.0,0,Fashion,0.4453101366046117,0.4407632146178289,Social Media,1783,1
13,67.27575908202658,0.023986349261908662,3,Books,0.11405296300331065,0.17075137407482335,Paid Search,1759,0
14,10.0,6.957637154237428,5,Beauty,0.14525347050449283,0.5486043174331374,Referral,1415,0
12,248.58043168034627,21.554400391359312,5,Sports,0.0666321069967078,0.6082632102639403,Referral,911,0
8,32.13599777755479,1.5503134101779978,1,Home & Garden,0.10386990450404676,0.5529211776449652,Social Media,1608,0
8,16.703839957815912,91.48911452355334,2,Home & Garden,0.27829987314092347,0.3060978465066133,Referral,765,0
6,54.28145248243609,3.2529138319012247,1,Beauty,0.10185789113843759,0.3527669660414321,Paid Search,1168,0
7,54.648565808046584,82.93327205319237,1,Books,0.022019698556960052,0.26949271775240746,Paid Search,328,0
4,170.18589815186283,3.2400357993894744,2,Home & Garden,0.07199535899065576,0.3783200219651199,Paid Search,1207,0
10,137.7914034711585,17.479503175521316,5,Sports,0.25438035984418267,0.11243159967762917,Social Media,504,0
14,11.42876857331529,110.43561438069327,2,Fashion,0.22803386179053897,0.4833278818948303,Referral,1408,0
8,26.68130797391103,181.07289928643814,1,Sports,0.20000167767743077,0.23720182613037938,Referral,756,1
8,15.995005569172054,32.12004532145757,0,Beauty,0.1923917143766509,0.6024328168884149,Email,727,0
12,59.962786177371925,210.27152647463356,1,Books,0.08880620465464108,0.48424520895609907,Organic,1362,0
7,102.71977014551955,59.151460261865545,3,Books,0.04225583763914531,0.44824535577732716,Organic,776,0
10,11.550534249633502,32.25432068393135,2,Electronics,0.41045482105845554,0.23917093914579227,Referral,1303,0
14,31.482642821955388,97.41261912539726,2,Books,0.24881178880002716,0.3891969522383689,Referral,1560,0
12,19.97553582649269,21.001414247373678,2,Books,0.15277940421378342,0.11895746287335145,Paid Search,250,0
12,65.07574886929727,18.538122948310782,2,Beauty,0.5986404399141102,0.37289097425112727,Social Media,874,0
9,45.9515861067372,64.12241846190824,2,Sports,0.3708937880556157,0.28867580107764046,Referral,1724,0
13,84.83018025654978,29.705735711683282,1,Sports,0.025463778181482263,0.43816619209465835,Email,1482,0
13,23.64495564768111,8.765258307447418,0,Books,0.13200695649814653,0.19859356946165282,Email,1776,0
16,30.164948435873303,4.158704750812738,4,Sports,0.3324919329462874,0.4614733308624306,Referral,1570,0
5,45.39000740144439,93.02560290056,4,Sports,0.095770544576998,0.348544363880175,Organic,566,1
7,26.65988135315282,67.60417692058,2,Beauty,0.12285982929737274,0.15127185198515414,Social Media,327,1
6,42.06437693658518,31.841114071015337,2,Beauty,0.03702685232150683,0.662454409318545,Email,385,0
9,91.47985074305313,135.93333470914325,2,Books,0.16497895156286482,0.39861396359112694,Referral,396,1
11,182.52329772329637,31.74515521311119,0,Fashion,0.046657170981628804,0.7390059832746896,Referral,139,0
8,22.406147799162145,74.33362455129384,2,Books,0.020298432924381698,0.07840439285857789,Paid Search,1654,0
8,184.5695775021805,143.88980016025937,0,Home & Garden,0.02498317398754244,0.21525154802344476,Email,917,0
4,22.157274533249925,110.22378649555372,2,Sports,0.08272595113046392,0.23797283107991798,Paid Search,185,1
11,66.36310469240091,42.93642474052359,1,Electronics,0.14525270187656497,0.4123125805790478,Social Media,1392,0
10,22.297691335123524,68.48549938358917,2,Books,0.1829784973495568,0.34736262684899066,Social Media,594,0
9,14.531601791394166,32.031918306568016,3,Fashion,0.05047701236617463,0.060697132076694846,Email,130,0
10,88.07430278704778,62.510756390535704,1,Fashion,0.3219804744413358,0.28689844953642574,Paid Search,347,1
8,31.838624828034018,17.868182090008805,3,Sports,0.21403046313520516,0.6158500598599043,Organic,1200,0
8,92.49907705937369,34.22839296988393,2,Books,0.053437037909998916,0.4524182342592772,Paid Search,1449,0
11,60.437588458558366,14.1088489851223,6,Books,0.31427318545907734,0.45142384450408446,Email,463,0
7,46.01149759851634,2.33598631818686,4,Beauty,0.23528070237572668,0.39965259759988275,Email,1053,0
7,51.46617419910671,53.282586346740025,2,Home & Garden,0.10114742753599126,0.33383793909045334,Paid Search,2,1
9,79.11597663862192,119.89574028226124,1,Beauty,0.15516752967437195,0.5664010906149233,Referral,508,1
12,69.48830864327822,1.5546651669956952,2,Books,0.15018708505618436,0.3431969596352645,Referral,332,0
9,23.959770366411927,13.091580086651323,7,Beauty,0.3405337537533128,0.22862557049122545,Organic,140,1
12,46.448656695471946,36.991734030739046,3,Home & Garden,0.15191247941144337,0.45432063023913355,Organic,883,0
9,110.00131383856198,65.77832412629765,4,Fashion,0.26796327541712384,0.32511120101967383,Organic,1151,0
11,34.33730449706449,11.268697927190715,1,Books,0.20747177109496512,0.2393839380661078,Email,85,0
7,22.303104119866074,3.5019258894640695,5,Beauty,0.2120191902196163,0.13753365567759704,Email,252,1
9,20.143733401963758,43.91935789568756,2,Beauty,0.43412324947130254,0.14525954224159043,Referral,1701,0
8,65.32164446227507,102.45934422954163,3,Sports,0.06442437983002786,0.48777922332266826,Paid Search,407,1
8,27.32111625181063,2.1522381969924864,2,Home & Garden,0.07216983644215404,0.24312677222492732,Social Media,1387,0
4,44.24702031373655,25.788798596503945,3,Home & Garden,0.15716757264861467,0.44603665407861925,Paid Search,1364,0
12,26.299472661886735,65.35205658129473,0,Sports,0.051880097409575054,0.29466527151396754,Referral,587,0
8,84.70346637634243,8.406918709237482,4,Electronics,0.12837505162604182,0.28377905646318574,Referral,373,0
7,37.344032687167214,16.147069709345217,1,Sports,0.460723341701531,0.38044813720177967,Referral,445,1
12,103.80720835633178,46.006673040618,0,Home & Garden,0.3304574181979719,0.4449731758696039,Referral,1033,0
3,100.80976910631244,183.7529746950616,3,Sports,0.33762360397208624,0.4646855057540808,Email,696,1
8,30.860716512509818,20.325270273346273,1,Home & Garden,0.12570172969850335,0.20792090153029646,Organic,904,0
10,96.22364735732455,40.11048445331436,2,Beauty,0.09617536462407761,0.6648723133077337,Organic,1481,0
9,25.274215047035895,30.642624130696994,0,Electronics,0.20544121952648198,0.3519128757434528,Paid Search,917,0
13,40.973174872042286,136.61309462505113,1,Books,0.24755374172665465,0.4480651504357145,Paid Search,1816,0
7,17.747311611594085,4.47629233422098,1,Fashion,0.23361834288405056,0.5478690245313899,Referral,1215,0
14,53.24181644909178,50.103052495988585,1,Electronics,0.12754010061451304,0.13512748180890655,Referral,379,0
12,42.141671772326006,112.29481477587919,2,Books,0.07104459158033131,0.607305722521605,Social Media,912,0
13,49.96681667936201,265.961702092951,2,Beauty,0.21652748888059722,0.3210010977294869,Organic,1484,1
5,11.155112413839312,71.98400768746032,3,Sports,0.20063942731303708,0.6646889860305687,Referral,399,1
15,10.0,28.67590409114746,1,Home & Garden,0.3015714039671878,0.6578244216239761,Paid Search,1331,0
5,13.3817959339706,31.843779330667942,2,Beauty,0.29187059051934255,0.6243634410099383,Paid Search,62,1
13,49.3676286297787,26.002458072354415,6,Beauty,0.06464473847382382,0.47020661925100254,Paid Search,1720,0
6,56.75606294287543,55.52187144073251,1,Electronics,0.1325733450915827,0.284841223711022,Social Media,1210,0
7,81.73394783434928,80.6874455103182,0,Sports,0.16434170821238436,0.4603928501724858,Referral,297,1
13,23.96012681815877,102.7106888547273,2,Beauty,0.307096835903563,0.41884164614550523,Referral,1595,0
10,39.13094609721089,32.33222465978045,2,Books,0.15723714928533164,0.31915805671452124,Referral,150,0
11,18.90032302146615,75.67673304599191,8,Beauty,0.08487433898407463,0.31000206993432,Social Media,741,0
10,98.88103402703855,148.77551414812004,4,Fashion,0.2674210341046476,0.2182684631849528,Referral,1345,0
9,18.774894967092163,152.16552542531628,1,Electronics,0.14214144781699325,0.3943510199741976,Organic,1710,0
12,85.01458489806178,73.04962869616219,4,Fashion,0.3172356955081919,0.1458657123608171,Referral,637,1
8,27.084192735418846,60.784982383337514,4,Sports,0.2910492544672752,0.20863100588595115,Referral,1515,0
11,116.7688670244465,45.49649017939561,2,Books,0.18730053889279324,0.4088171187504226,Paid Search,359,0
8,38.33510786346854,12.1414894388796,3,Beauty,0.11298446070965004,0.40462006993192334,Referral,65,0
17,37.67022125305152,7.917990383390602,1,Electronics,0.27500734858792203,0.30500384777807205,Email,53,0
8,18.11492000191634,39.89819567557545,1,Beauty,0.08080262458932916,0.5552632760199594,Social Media,1201,0
13,187.46902991623023,10.421513231009095,3,Books,0.3804283410994119,0.2928472399428652,Paid Search,282,0
6,73.16027789658564,51.62297545279587,2,Home & Garden,0.23470105888276302,0.13312043377439903,Social Media,92,1
8,49.8772490356962,62.257138399502644,3,Books,0.43103522677251654,0.17765517697790545,Email,1782,0
12,40.11072268182229,44.74423861524323,1,Books,0.16580849924803467,0.44796778226538264,Paid Search,442,0
9,19.519490478072488,2.226403812223538,3,Beauty,0.14562012377769715,0.4132990368767535,Paid Search,844,0
12,56.74779698543616,3.5676753010538738,4,Books,0.22654823511449307,0.5566467230121775,Email,1119,0
7,31.394662664463354,7.217701249058271,3,Beauty,0.3692611685081702,0.329751105047607,Email,264,1
10,34.674908880198174,10.009040206037337,1,Electronics,0.24962153412791296,0.3767145179089793,Organic,652,0
8,67.54380967737546,275.6099955650588,1,Electronics,0.21613453192578078,0.46170170995215953,Paid Search,1182,1
6,41.577623507831355,25.340962426068018,3,Electronics,0.11907535312077139,0.4298832871586959,Social Media,1167,0
9,33.59981674473778,20.716414688657043,3,Fashion,0.18004582447946157,0.4478986256609978,Referral,1536,0
5,104.4301710401343,3.220924652259924,1,Beauty,0.24740954137178942,0.7138454564305952,Email,798,0
5,17.199903001414825,60.52416561460425,3,Sports,0.3157643944065793,0.1592948854425358,Organic,1624,0
5,10.0,63.366070960695644,1,Sports,0.2778759860826889,0.4600914610789708,Email,1245,0
13,17.517525320547914,11.574954405135381,2,Books,0.22930688264136564,0.5539670962841914,Social Media,1026,0
7,37.39860665872601,150.97755396086362,1,Fashion,0.2884746908091892,0.27685817938676577,Referral,214,1
10,57.72209811956934,96.71452171687812,0,Sports,0.04377440408230423,0.4255566956791396,Referral,1049,0
9,18.259926097332816,15.706772837859557,3,Electronics,0.2572329319932494,0.5596724768218693,Email,1085,0
5,500.0,39.91438223706735,2,Home & Garden,0.1779847061533104,0.37607436732635796,Referral,1385,0
11,38.31068210961305,36.79264047510149,6,Beauty,0.1578418562005487,0.19318189295462593,Referral,1312,0
14,37.39082130790176,25.7105557996562,0,Home & Garden,0.28411746421898426,0.25965763031910705,Social Media,967,0
8,11.802275994139505,102.10461185984266,3,Sports,0.36857054670155626,0.5007675514083575,Email,1082,0
7,10.441215877975283,6.942464214184868,3,Fashion,0.16665122020004003,0.6402431439435095,Organic,1409,0
12,10.0,32.20084429033904,5,Sports,0.20409932048188018,0.19999313943777391,Organic,642,0
7,99.19972097385954,33.52024278722841,2,Electronics,0.0704965859825574,0.21345459361433697,Paid Search,247,0
9,87.35329526881722,37.94859834429508,1,Fashion,0.11530233299170575,0.623285265568707,Social Media,1595,0
7,33.07699153800983,118.54814656320323,2,Home & Garden,0.20449437211981727,0.32045927725560697,Email,1761,0
14,12.529309807280478,14.766837012718579,5,Beauty,0.060063766499920276,0.6688849396218247,Referral,784,0
8,26.52214358605862,6.5168263399564665,2,Books,0.17866587308905849,0.4073285276680348,Social Media,1807,0
6,103.24972205559311,57.710003388611696,1,Electronics,0.2531278543473224,0.3853286132787638,Email,589,0
9,22.12428984896864,11.45760792289231,4,Fashion,0.2552164727134962,0.15006473448726224,Email,122,1
6,16.092700353125768,4.6732874080302595,3,Books,0.12818445567312606,0.11087655351180355,Social Media,1045,0
13,24.415051760634505,33.375454144150396,3,Electronics,0.3529789963499047,0.7012935833387317,Social Media,1584,0
12,26.198737964526604,14.88049009400825,1,Beauty,0.13871588658073186,0.2516890244951326,Social Media,1127,0
12,59.7679423866643,26.89139272442828,1,Beauty,0.0422775125172056,0.41102870674740133,Paid Search,18,0
9,10.0,18.042884201328018,0,Home & Garden,0.15789807648306464,0.548744390348707,Referral,22,0
6,37.9194164590811,5.8327257778302375,2,Fashion,0.3627887942918602,0.2917005994738676,Social Media,1322,0
10,18.96411686830843,49.30619766757142,2,Sports,0.16361100806306317,0.1487669088392855,Paid Search,1542,0
13,21.575672641678345,1.6434075660704832,2,Fashion,0.08749213525950818,0.12153886913940232,Organic,462,0
15,60.555952882279456,203.54974742337058,3,Fashion,0.20655902216116562,0.7031558144032444,Paid Search,858,1
5,11.687896418683465,25.05200524383249,4,Electronics,0.09557971180016064,0.6088974716140555,Referral,1754,0
7,38.24237712068854,71.27760381629581,1,Sports,0.3337441976309528,0.4385900254410783,Organic,841,0
12,48.66789457522844,99.75857330604077,5,Home & Garden,0.41843090490561874,0.41732753921075627,Social Media,248,1
10,52.65103413672948,19.63568998500832,3,Books,0.40590773947654013,0.39422128612904345,Social Media,1663,0
11,58.29366509522676,82.87571290519033,2,Home & Garden,0.009519550239765723,0.5971358781843524,Social Media,904,0
6,52.32760276813118,107.17797206311262,2,Sports,0.010581510411981819,0.4028388318432847,Social Media,629,0
5,58.87477221120634,16.570293109108842,1,Beauty,0.27014202770918483,0.33194096901678455,Organic,178,1
6,16.36848983774115,293.5285657800597,2,Books,0.2126759387324677,0.18377805212193032,Paid Search,836,1
9,98.7448200861577,1.2543415168375307,1,Fashion,0.36948033345414005,0.47187540728511235,Paid Search,1404,0
13,12.837223676634668,14.677391779149643,2,Books,0.01737957054496454,0.46660870404295834,Email,1309,0
7,44.53500866987963,90.85332502765863,2,Fashion,0.07343514577288685,0.3183989092547525,Paid Search,906,0
17,19.207229438615343,12.950046707644288,2,Beauty,0.1758072259184085,0.3839543123633759,Paid Search,1313,0
6,10.0,71.8913463931104,1,Sports,0.10103874733744185,0.42978472351551716,Paid Search,640,0
8,20.987187221335574,116.08117252059687,1,Home & Garden,0.2254388756566003,0.5732485534800731,Paid Search,1342,0
11,30.121522661592333,191.9653846944171,3,Electronics,0.04115549274218829,0.19656879628415555,Paid Search,157,1
8,100.43663862658534,38.57548431544503,1,Books,0.17383012907081846,0.3082614830100269,Organic,364,0
11,141.98736248331213,212.65376446926138,2,Electronics,0.34876540345444074,0.29538399995908937,Referral,1601,0
7,29.853062551127525,31.823171083286688,1,Beauty,0.0988095825705113,0.665080977750775,Referral,536,0
9,10.900154282769572,14.763857126495628,1,Electronics,0.12060159379901239,0.23667570452347989,Email,376,0
11,11.647637769767085,43.28315231315938,3,Books,0.27144788733301517,0.3736225642766639,Paid Search,163,1
6,61.40525698853916,62.959034143415415,4,Electronics,0.2536097782107516,0.20088595983507368,Social Media,717,1
7,58.35387724787638,36.74529583609038,1,Electronics,0.20353974144073222,0.3760193188217395,Referral,123,1
11,20.37086931364782,50.21723479230095,1,Electronics,0.09747041494641018,0.5885023033509873,Social Media,907,0
4,12.943809670984932,32.313312339000596,2,Home & Garden,0.10080620774479435,0.37327830178117494,Email,1677,0
2,73.245717611893,44.63636706311905,1,Fashion,0.025607662181367504,0.3810487595846996,Social Media,1436,0
6,12.398911089294593,182.94250471831572,2,Home & Garden,0.03092074338552453,0.3552259481407204,Paid Search,75,1
15,23.209234710311065,41.56857255832248,6,Beauty,0.09461568779865392,0.32828834918294864,Paid Search,547,0
9,48.36584817000563,17.51583570413838,1,Beauty,0.3488826599280503,0.50850573259304,Organic,343,0
8,10.0,85.3144520860876,0,Home & Garden,0.2695686176362568,0.5918118036149892,Paid Search,123,1
8,70.99990962753243,24.711732761538762,1,Beauty,0.02513961169141479,0.4279414814846258,Referral,199,0
12,222.3438586057675,101.63676504502905,3,Fashion,0.02039620380417623,0.30102316420747927,Paid Search,1657,0
9,36.27435644083527,3.5112868999492983,1,Fashion,0.07316616049335056,0.4505990967524117,Paid Search,566,0
3,32.21003054688215,24.224014424547413,1,Beauty,0.13225151287998807,0.4831123053151281,Social Media,716,0
15,34.31080597270778,5.9467980959725,2,Electronics,0.12477240763282112,0.31580245119775935,Email,886,0
10,39.64161740455325,5.35071737692601,1,Home & Garden,0.23705982814754362,0.5787999240981462,Paid Search,1359,0
6,18.467663503065108,64.44505518307854,2,Books,0.15835631923454588,0.2283267489833654,Referral,1457,0
12,13.470927882332164,29.200653111352654,3,Books,0.168024644480141,0.49469457980206455,Email,1758,0
8,24.965944546191242,123.09975074824591,3,Electronics,0.23980274138025573,0.4165845618830572,Paid Search,385,1
7,37.445312524423514,43.59046707116767,0,Home & Garden,0.20001746207046048,0.08331484307892656,Email,550,0
10,14.898665541548336,21.002665995388362,2,Electronics,0.22757990952363513,0.25444274801778,Referral,571,0
10,11.27641186608971,76.5687195246063,3,Home & Garden,0.040840932271896044,0.21990555463240022,Social Media,813,0
8,23.28161277966133,58.69264770372404,3,Electronics,0.1784942081625557,0.2566948060861227,Social Media,1473,0
6,11.396096575296879,96.44478407772169,3,Fashion,0.059485027968923396,0.5742055952996876,Organic,437,1
7,56.680914897770904,61.900121355772676,0,Books,0.36662476657945137,0.48533915770444663,Referral,1429,0
8,10.0,10.964264634390107,2,Beauty,0.08412022219739294,0.47918571497108964,Paid Search,373,0
14,13.00706746181957,66.57615445307815,5,Electronics,0.14700438841648,0.1932574908966229,Paid Search,1296,0
8,102.59855451366735,29.810353227923788,3,Home & Garden,0.32266174906512596,0.21475238034590047,Organic,1458,0
9,27.73306004463136,37.32141423141831,0,Beauty,0.13345642181923062,0.3608440118869509,Referral,1558,0
3,38.364918489333725,152.72877681539273,0,Beauty,0.041789252940506026,0.4803427947206511,Email,931,0
9,29.870286794209967,26.773855592793293,3,Beauty,0.042780355051929946,0.4526628524168739,Email,600,0
5,20.04831967760897,56.79867859996089,1,Books,0.09854388884962541,0.376894681378487,Social Media,1409,0
11,79.5316041919004,27.10452977449418,1,Electronics,0.298356231514309,0.7386526184600372,Email,586,0
12,20.957796131474137,5.97115556750846,0,Sports,0.4396994372128544,0.27369835983660296,Email,271,0
8,17.068160215416217,36.25604063902983,1,Books,0.08406490205764984,0.21473095531010536,Referral,1523,0
12,56.003242043763414,54.53828071246391,2,Beauty,0.15550684501579118,0.5063282592354584,Referral,751,0
11,10.0,31.40459773019326,0,Sports,0.29946797450941615,0.3912901721370214,Organic,1042,0
12,26.355083622667422,29.7233414776152,2,Home & Garden,0.11574621002453243,0.13192703408136405,Referral,1676,0
13,21.86384444386601,103.01420982988878,0,Fashion,0.438106214871817,0.2313632272483322,Organic,248,1
8,25.96309952001161,1.8080817296633906,2,Fashion,0.10277984373144354,0.46940668040434597,Organic,1017,0
8,22.40519797408873,21.023290265241574,2,Home & Garden,0.08408305198673027,0.5808157349036143,Paid Search,1020,0
9,44.70431625118578,100.2013804408902,1,Sports,0.2288623298545368,0.22471238128654292,Email,1573,0
11,79.81799466034731,151.942653423617,0,Beauty,0.03863584536685777,0.6520070612187988,Referral,623,0
12,47.821223145959216,31.89227763911405,2,Fashion,0.14104563941093312,0.24397599270853065,Organic,732,0
11,25.291518584247687,131.7823877211725,2,Beauty,0.2213671754200448,0.24509635209197658,Email,948,0
10,54.87987689047516,13.30842584537864,0,Fashion,0.24945068777712315,0.11284430400352775,Referral,305,0
4,60.27232472536181,15.017556551595375,3,Sports,0.06904405235225702,0.5265723143768185,Email,859,0
8,44.20080397474595,112.32276926777514,2,Electronics,0.08090787722409337,0.5381979430711854,Organic,796,0
4,76.6247334467968,140.14229784780264,1,Fashion,0.24280977266881243,0.20588393351811124,Email,361,1
11,10.0,15.12389897828884,2,Fashion,0.10856812061140665,0.6007062585592223,Social Media,1520,0
8,33.832149471175406,3.669402911679663,3,Electronics,0.23840011429006386,0.32399587912102396,Email,787,0
7,42.36331412900048,5.680016249390649,2,Sports,0.08986814584615396,0.35728505578710773,Social Media,559,0
12,10.125038654231867,18.17836978025371,5,Sports,0.3042188184902199,0.5207560018849777,Referral,238,1
8,39.51249593794224,85.99034870598348,1,Electronics,0.17215453371272946,0.26422476473643863,Organic,164,1
13,68.8520863006753,42.79999260298625,1,Fashion,0.3246378143041941,0.35582222657551826,Email,1752,0
5,27.685261590709484,36.483030774116536,2,Electronics,0.403509512768403,0.2671410583909622,Email,1816,0
9,55.99327004295377,52.64438689812924,2,Home & Garden,0.3382467156829297,0.5125614020228003,Email,1638,0
9,75.05361035635849,132.55831663116675,3,Beauty,0.4578112996339175,0.673954813845716,Organic,837,1
5,96.92825035422882,5.68702415534691,0,Electronics,0.2973699445634154,0.27511391838364396,Email,1474,0
12,83.90817991135303,71.19236469814544,1,Beauty,0.07529665361344812,0.2640118016031585,Referral,1522,0
8,98.73953396506897,156.86608838890507,2,Books,0.05334831123917434,0.3080378972235586,Referral,547,1
9,22.20598776291097,14.398314562772562,0,Sports,0.16801200814315168,0.31949375133899655,Referral,1069,0
12,24.237332707096286,109.12526840726012,3,Fashion,0.21363874249919815,0.6174498392350475,Referral,1746,0
4,10.0,71.84460531971823,4,Fashion,0.24602514664962688,0.19525563957313802,Paid Search,511,1
11,14.123859740174705,0.8744535619557199,3,Home & Garden,0.22505369342646286,0.6872967981770607,Paid Search,1210,0
12,87.77346623663306,15.807602945459731,4,Fashion,0.16301312822006256,0.28086837860865155,Referral,1209,0
4,20.411833253741868,55.86062636438696,3,Home & Garden,0.17113818040621653,0.6434518484146183,Email,826,0
11,45.516308862892465,41.877565188879494,2,Home & Garden,0.21157412829425004,0.5217131191060153,Referral,895,0
10,40.148347747979706,45.03847465861965,1,Sports,0.1559914709051072,0.18614136323490077,Paid Search,833,0
9,89.34890015376966,15.832497418673576,1,Home & Garden,0.23933819260443903,0.2726224434596536,Paid Search,951,0
10,10.0,67.4364465487733,0,Sports,0.11931259723226481,0.07658023536927608,Organic,272,0
8,43.908331069725016,18.58898403147728,1,Beauty,0.2933444362503978,0.18874399328294528,Organic,1450,0
7,43.34077657763995,29.602227965396796,1,Beauty,0.02259198270659373,0.47746973777318447,Email,1206,0
11,16.672522780727252,27.618970198681197,0,Home & Garden,0.11434776609316483,0.3741206500755492,Organic,1777,0
13,71.39282870331361,66.88907762753406,2,Beauty,0.30343014168931726,0.48124118103113794,Social Media,449,0
9,10.813244903860163,5.675308688710069,4,Electronics,0.31253079262328015,0.46803375312665946,Social Media,267,1
10,77.60475319174935,13.805701996568505,2,Sports,0.04931362912920935,0.3542751971885279,Organic,625,0
12,10.0,13.425904966872995,3,Books,0.20011626046704553,0.2985056919244245,Social Media,930,0
10,16.055697877912213,6.885921109674375,3,Electronics,0.27346587972685127,0.3161996245921714,Paid Search,374,0
7,29.609333893355526,13.960957651511494,1,Home & Garden,0.24760645659002897,0.1686861921048242,Referral,841,0
9,39.4142661413039,56.04594194203593,3,Books,0.4248991647696946,0.24427207024175332,Referral,1173,0
7,10.0,79.04375992174495,0,Sports,0.15786269083905013,0.12540684260877238,Social Media,103,1
10,76.27364886633369,64.78215305789286,2,Books,0.08035177400628532,0.23878834130376092,Paid Search,1383,0
8,60.51238289532929,38.68292632049581,1,Books,0.06360603756770244,0.2246029029300922,Paid Search,1715,0
8,151.81314647623577,3.2315574094509105,3,Home & Garden,0.04011007791535457,0.15156015344224508,Organic,490,0
7,58.0723286657305,191.66125315554345,2,Electronics,0.14182825729114448,0.19348820201192277,Paid Search,1416,0
10,18.372812522789648,11.040884545743527,1,Books,0.05319520197527571,0.390772780097149,Paid Search,763,0
14,14.054756842563936,66.2334182481433,1,Electronics,0.08733786990383147,0.5471577639475963,Paid Search,1212,0
6,23.653870816847597,146.43543940499023,3,Beauty,0.184358444554825,0.4316883052347216,Referral,1356,0
3,189.54984794324125,71.79542646513598,2,Books,0.1892953832433192,0.3820853273261704,Social Media,539,1
6,34.40100336554113,14.757841137249917,2,Sports,0.05433316486681493,0.5133537235317313,Organic,1437,0
7,35.59492650778729,22.769975812278275,5,Home & Garden,0.08154145178497176,0.2779438874394103,Organic,192,1
10,99.8399828694769,1.8402878424956814,2,Books,0.20148773432365272,0.42366976975269893,Organic,1800,0
12,13.044635013161134,56.92236481981307,2,Home & Garden,0.07735953486210444,0.6315414558395018,Email,615,0
10,50.96648321569859,56.95874693159397,0,Beauty,0.25604707674448157,0.3789349557390029,Social Media,409,0
6,50.05259739582941,77.56836815889189,2,Beauty,0.32903892362383574,0.6344422604960674,Referral,253,1
11,71.22799747499269,0.6634317222075173,2,Electronics,0.21190756595753152,0.46670894180544975,Social Media,1482,0
6,65.48589397190588,102.17261594908864,1,Books,0.51384196568318,0.24474338607745194,Organic,1069,1
15,31.59652283453461,80.52768249067735,0,Sports,0.21599432431066054,0.2966126495305984,Referral,1736,0
6,10.951864536531803,9.111261769630651,3,Fashion,0.4095548654311054,0.1215423525865663,Social Media,1182,0
9,21.075178268536714,25.628291748406642,1,Electronics,0.1405148024050928,0.3394577736044993,Paid Search,622,0
7,64.95383418974627,61.05372598761637,0,Home & Garden,0.40097241479579504,0.46222425345479035,Social Media,1526,0
14,145.98450727419078,41.086563971510934,2,Electronics,0.034822321534404184,0.16775302958521626,Paid Search,513,0
9,12.449168036287443,7.336449151793392,1,Sports,0.09941840671564613,0.413585600018502,Organic,531,0
7,11.810422305278198,5.483865358544156,3,Beauty,0.0756155825361517,0.6400948926512479,Paid Search,52,0
8,10.0,91.24615682176088,4,Home & Garden,0.13605563643882093,0.4163535204637184,Email,460,1
6,17.92793425001405,10.17382952703306,5,Home & Garden,0.0287099558241878,0.26280444314237533,Referral,477,0
12,70.67196421568684,11.331243353863158,1,Home & Garden,0.19281189523269227,0.08811370840030967,Paid Search,543,0
12,94.91226477995156,106.64410727637528,5,Fashion,0.24552473548225068,0.5277652261427634,Referral,673,1
10,10.0,56.826593221628585,1,Beauty,0.1363455197004249,0.4765553798382225,Paid Search,1052,0
6,12.62729048945222,55.688987627086945,0,Beauty,0.06923718820879254,0.16926367653734115,Organic,395,0
12,10.872292599788278,39.16014757187632,3,Fashion,0.1459010732980543,0.7533265271676635,Social Media,1162,0
7,16.541278261831753,50.498137285992385,1,Home & Garden,0.32274641883983574,0.27045893297365114,Paid Search,244,1
11,27.71910396500224,55.243486419216694,1,Fashion,0.23881245312434551,0.3453050415487774,Organic,1698,0
5,24.09649590925882,206.19623431279763,2,Home & Garden,0.656882719341688,0.5041009529823237,Paid Search,48,1
8,49.9516420796218,15.136834552858362,4,Sports,0.2778167031069734,0.495873708072266,Email,1657,0
12,10.0,14.49085736228091,0,Home & Garden,0.05439730895476181,0.16112998981209797,Referral,999,0
11,21.836505555981077,3.535243048390659,0,Fashion,0.02517164869662872,0.37685852385965685,Paid Search,1296,0
8,98.80228930687078,64.41155963989361,3,Sports,0.32110807855010143,0.5878063610254614,Organic,545,1
11,101.86103136647229,47.78288827052999,1,Sports,0.04499382604493711,0.4200834447803585,Organic,318,0
9,125.43611513018016,7.075629022072763,3,Fashion,0.2740148041198439,0.4950048567805765,Social Media,1728,0
4,45.358744684454365,27.20426742807695,2,Home & Garden,0.45398426813440335,0.6708213573426464,Referral,805,1
8,19.607901927965557,11.809321723044565,2,Fashion,0.20380860437087617,0.49665303866874655,Social Media,877,0
7,38.08764205460725,24.161494111724515,2,Electronics,0.3449861817910796,0.8088212450179294,Referral,1798,0
9,250.17853005977707,181.28044668208958,1,Fashion,0.04918178420684815,0.19770598949700413,Referral,613,1
10,21.66175673011201,68.99158872881638,7,Sports,0.174479732182076,0.30370117865887086,Paid Search,183,1
11,143.49057500331307,0.4558735087188179,0,Home & Garden,0.17641400837124016,0.23422260633295044,Social Media,1071,0
13,10.0,17.46190648947733,1,Books,0.07522844988489555,0.7166118372348825,Social Media,1012,0
11,52.33096649761255,0.6249360974030963,2,Home & Garden,0.3960816304983093,0.14795537633851139,Social Media,1411,0
8,55.57937190413998,75.28828783800934,3,Sports,0.1752825427238355,0.257270826453498,Organic,1743,0
8,44.650648886852984,38.02727565360482,4,Beauty,0.06711992952871178,0.5592089212902712,Email,562,0
14,47.05191001708804,307.1469584885121,2,Home & Garden,0.2015317859630766,0.48842010303864286,Paid Search,1317,1
9,50.328544112965695,79.36161049745071,0,Sports,0.1998872529376526,0.6032855450973699,Social Media,793,0
14,52.24745199999476,43.7778338671295,1,Books,0.14287257085466956,0.28368670564408915,Referral,1430,0
6,25.41674810156609,97.99477414141506,0,Beauty,0.07808745436593958,0.27851207972693515,Referral,300,1
8,26.66029170878081,73.20687330068591,5,Beauty,0.09176541491543606,0.18086803031229973,Paid Search,914,0
10,11.148972474768945,16.765073117523087,1,Fashion,0.2406216534433858,0.5258359060855139,Organic,141,0
4,59.500887780734786,45.33433537377563,3,Beauty,0.22157328506344826,0.5830423285078278,Social Media,1024,0
12,93.86153704794599,48.715670673522034,1,Electronics,0.031163797796020593,0.20235591619079665,Email,309,0
6,133.68786198588901,36.00473784554973,3,Home & Garden,0.24312707514250953,0.48417691608284885,Organic,1752,0
7,17.169524694949388,11.848009011402372,2,Books,0.19606942887966242,0.25653815514040734,Paid Search,1012,0
9,10.0,15.167400684427253,2,Home & Garden,0.11219517478170489,0.7405225302342159,Social Media,966,0
5,44.74808559414572,19.79759097957474,3,Electronics,0.07345378911555922,0.4166123475421922,Paid Search,1774,0
6,13.137872660779697,0.618485742919823,3,Electronics,0.15216740923311506,0.11409008824171694,Paid Search,910,0
16,52.32187849064541,149.29433409669124,3,Electronics,0.30909429175232733,0.2608788259302094,Paid Search,1235,0
5,10.0,69.52008272947558,4,Books,0.17643412909614836,0.2308958263433655,Paid Search,86,1
6,79.02526167713557,70.19695665703506,0,Beauty,0.1991578853193856,0.38021751342193943,Email,1293,0
15,37.435680652571136,50.9642906444291,3,Electronics,0.07309803370271808,0.2581051954722887,Paid Search,191,0
6,10.0,70.13773498042471,3,Electronics,0.05809886723277537,0.5109066137476854,Referral,1424,0
13,42.23571190423826,240.5865846316882,1,Beauty,0.2898261282576918,0.5023975455606031,Paid Search,1600,0
14,35.72923250237415,29.183625406055928,3,Electronics,0.2984076595936999,0.4916163670633451,Email,576,0
6,50.31556977823334,74.797285232208,0,Electronics,0.200637461638082,0.24759500345231103,Paid Search,1602,0
7,62.90407092397047,26.73308655794942,3,Beauty,0.10695842041184024,0.3413895956045091,Social Media,881,0
9,10.0,115.56772139121303,0,Books,0.09748767845906202,0.341869845399016,Organic,1043,0
9,22.715192038102852,117.12778191888813,0,Home & Garden,0.09571981343230197,0.1634352550585732,Email,750,0
7,30.838872241248442,139.53060775553956,1,Books,0.40743644668578805,0.7881312813998197,Social Media,870,1
4,26.146151763069042,0.32869816666439833,2,Beauty,0.22520835517878818,0.28074508303251794,Email,1657,0
11,25.007535430095174,21.245677549146702,1,Books,0.12634318817211673,0.7534009278602443,Organic,1728,0
7,76.98111882516541,8.626981197851384,6,Electronics,0.10982037293748921,0.4539299112052213,Referral,814,0
8,10.0,36.306661498036426,3,Fashion,0.1682436770388579,0.2615816696193268,Organic,939,0
5,26.22761936600726,41.045257672502196,5,Beauty,0.27572589209051207,0.5177950349462612,Referral,212,1
8,27.94378637331206,17.73511666645454,2,Home & Garden,0.15799948194700408,0.24884854837029072,Paid Search,594,0
11,30.33981113535608,77.12105747506568,3,Home & Garden,0.24306100844001322,0.5977299329421749,Social Media,937,0
5,15.152246567096904,18.863720320795892,4,Fashion,0.12875061366155616,0.4107879456506056,Email,370,0
11,183.71710659865303,115.40429573998479,1,Home & Garden,0.38091007596997933,0.46213047416319936,Referral,1052,0
8,72.44813240411398,11.736034546520346,4,Beauty,0.25708155908262087,0.23045187687449423,Email,1250,0
12,194.26599495234979,27.45939837779104,0,Electronics,0.262297915538542,0.25012793604940914,Organic,1186,0
10,55.26926607049919,58.40941630803463,1,Electronics,0.40245711102456844,0.5184271870593856,Paid Search,808,0
8,60.93603694896777,55.78308922365624,0,Electronics,0.19035630371695525,0.7050916595440193,Organic,1404,0
10,32.99956716991987,4.874497846015674,3,Electronics,0.05407493626191977,0.3725477570303722,Referral,583,0
7,115.63821714463715,112.34900328686618,2,Sports,0.3270514509651432,0.25789756751990467,Social Media,856,1
9,52.06132722858226,54.68788376127304,2,Electronics,0.3156967715792968,0.2981141098450437,Referral,493,1
7,28.431023421253514,122.34846103034943,2,Sports,0.27838327346047176,0.40478626011984287,Referral,1102,0
9,145.0759386613312,121.33178335940727,4,Beauty,0.14947410147476728,0.321002148940772,Organic,804,0
11,11.678457538243038,47.36874005318035,1,Home & Garden,0.10873741364156868,0.31838901872692194,Referral,397,0
10,18.436020661143797,144.99998299951682,3,Home & Garden,0.20959108498747217,0.06904482952694009,Social Media,563,1
8,313.71795174528427,113.1936750274589,2,Sports,0.21032386094691613,0.48410905174991753,Paid Search,510,1
14,56.631352733861284,190.38103229697035,0,Home & Garden,0.3207542608940106,0.34448018445556344,Organic,1662,0
10,10.0,114.02689045389323,1,Books,0.3461661417360802,0.5584281456279149,Referral,953,0
11,74.82451816507472,103.29053727074512,0,Fashion,0.09551162678729812,0.09012379377689413,Email,1191,0
8,14.607237351060151,38.020341576537994,0,Books,0.15656029206927874,0.210216451401603,Paid Search,1705,0
10,20.916714932477447,14.297796397462555,2,Sports,0.14530509328913613,0.7022417606255177,Organic,333,0
8,254.86959651880565,144.9510954408109,3,Fashion,0.2292456519138831,0.3456100456274332,Social Media,1709,0
10,124.5133550629021,76.9266965976203,2,Beauty,0.20783668304155498,0.466148721678879,Social Media,985,0
11,163.77429479461412,19.85607645052022,2,Sports,0.07147958895710055,0.24756681046117293,Paid Search,1562,0
7,20.37198963386274,25.021515239599324,8,Electronics,0.25063233839479054,0.3639487714915583,Social Media,307,1
7,26.23553364593298,69.51674172602313,1,Fashion,0.1147570857755681,0.48510879576033716,Organic,498,0
2,39.445994086737386,38.984266099968735,0,Sports,0.11708269393933164,0.17755008109963652,Organic,355,0
11,66.33500811815384,5.099663342267501,2,Electronics,0.1514286882044339,0.2765477189311765,Organic,1192,0
6,25.189136538416392,9.150477991388419,3,Home & Garden,0.11472827617197111,0.20750537794582694,Referral,257,0
14,148.8142022057141,82.14232991018959,1,Sports,0.10530033665838896,0.20481435916048898,Social Media,1446,0
14,49.05531708334846,23.900688625357628,0,Beauty,0.2850862236717859,0.2725999465979907,Referral,457,0
12,109.15238056537738,42.51385633982471,2,Fashion,0.10049660652916735,0.18215762951861353,Social Media,466,0
10,17.743305225674874,87.30561520378012,1,Home & Garden,0.2769890572588932,0.36247389471586305,Social Media,513,1
8,23.686307585210525,83.46046961348686,2,Sports,0.12314543473791478,0.19844165438795286,Social Media,1362,0
7,40.307571974273785,10.964380587511716,1,Sports,0.022165631665755265,0.8472691099004838,Email,1686,0
10,22.935986944187448,6.214650662611111,1,Home & Garden,0.18726672572597233,0.6390146948123074,Referral,1656,0
9,76.56802177001295,53.66475280310012,2,Beauty,0.09394525102732049,0.7458287089210891,Paid Search,185,0
7,77.7981902521513,81.20242417578652,3,Beauty,0.22440857215921636,0.2371157857395829,Referral,479,1
11,27.350902768986305,9.683403802329341,1,Electronics,0.09233867302966497,0.45523050749753124,Social Media,1227,0
10,56.05744366080453,27.90863499149911,2,Fashion,0.2649995938226439,0.38270229586355864,Paid Search,1129,0
8,169.606876763514,122.5416929252549,2,Beauty,0.1473268650814101,0.5979084270690629,Paid Search,639,1
11,76.37672154329341,173.1837731351766,4,Electronics,0.2756337458439288,0.16024497427926926,Paid Search,1574,0
9,55.79036390958033,36.31584472243703,1,Fashion,0.27665238158382116,0.621893609221939,Email,238,0
7,93.34043578328847,4.971335318990797,1,Home & Garden,0.07499211441673996,0.4675809908640608,Organic,1166,0
8,127.05958298937688,17.879821847560436,2,Electronics,0.061575538135088065,0.33281709280882676,Social Media,499,0
11,111.53421769510078,15.91375566382948,0,Beauty,0.018745781044798154,0.39440034616304337,Social Media,962,0
6,31.262431873533,16.38445493128585,1,Books,0.2793877782800693,0.21570546251441727,Referral,707,0
10,68.15796323081308,40.85909119094278,1,Books,0.10559837326889106,0.5024946015807875,Paid Search,1788,0
6,26.08998779718813,52.51262008814915,0,Sports,0.05545352064172834,0.48396002919951564,Email,888,0
9,31.704059329445172,7.841355058344048,4,Electronics,0.24765982667398884,0.2891238121835467,Paid Search,1781,0
5,48.58881186589271,132.08624987953556,1,Beauty,0.18164641772836068,0.4959347373494088,Referral,466,1
8,10.394149025631911,58.05090855191489,5,Sports,0.036741959578027554,0.35806800989338916,Organic,1401,0
6,44.47443422857995,54.566613184102394,2,Beauty,0.08584036996578903,0.3507001851624142,Social Media,1308,0
17,19.045805615896676,261.8700588477821,2,Electronics,0.5972618108687316,0.43977969473160944,Paid Search,1547,1
3,12.821350354598762,59.354912153922115,2,Fashion,0.40875397959424037,0.3730408849376515,Social Media,1266,0
9,62.547811567311655,158.67001232657444,4,Fashion,0.39119952847160283,0.4054350381848891,Referral,1245,1
10,26.87969180770582,20.23393720138869,0,Home & Garden,0.17909524029394447,0.4544656770304741,Organic,1206,0
12,39.48771356860296,16.4764345351976,0,Books,0.2177702497970471,0.6985312006954688,Email,1797,0
9,27.40978704114475,43.60455683423027,4,Books,0.207604560825198,0.4421194489372246,Organic,417,0
7,20.22025281990128,42.63090165117949,1,Home & Garden,0.2706269052797772,0.5079204006702235,Email,55,1
12,36.38135254967839,15.408508250361216,4,Home & Garden,0.13406737933635846,0.07794964292555656,Paid Search,1237,0
8,11.136203775645834,72.16953913338448,2,Home & Garden,0.3265457403347348,0.2601155648472638,Organic,315,1
11,30.66152986931338,1.8049063668357226,2,Beauty,0.2336594280438231,0.3340229314044399,Paid Search,1240,0
11,161.51314921368328,70.39313009186228,0,Home & Garden,0.020971203344074613,0.480737957503405,Organic,584,0
9,12.684981734587904,36.658416688450274,2,Electronics,0.21152980409535074,0.2860634738018423,Paid Search,80,1
8,103.64034044542356,70.07919106330787,2,Home & Garden,0.3212638986829658,0.24941986105394037,Referral,1405,0
4,175.81604394069416,38.89967977735218,2,Sports,0.17603058722515982,0.5134818279377554,Referral,95,1
14,17.665144319322202,227.21278174914764,3,Home & Garden,0.06513345439791447,0.36077916258922765,Email,409,1
8,43.03816011461955,24.44967556646259,3,Electronics,0.010189105493704685,0.39169055173212486,Organic,614,0
8,11.707345951762473,242.9838561820296,3,Books,0.3940818602682976,0.2094515137369787,Organic,243,1
13,10.386466428005777,4.0308528645204085,4,Books,0.12374446129071118,0.4202377359964066,Email,1667,0
6,37.85397561185863,69.07537859402647,2,Books,0.17173520461080333,0.181543059389782,Paid Search,1135,0
8,45.940364479579515,36.33227168873977,3,Electronics,0.41150312608882006,0.7577090614348965,Organic,1597,0
8,21.040895408081084,103.60471229272787,2,Home & Garden,0.2500452572494174,0.1279324872535601,Email,1245,0
7,13.399332982232439,93.52927068104295,1,Fashion,0.15533886979453515,0.43977603053318015,Email,1810,0
10,17.687498441558866,96.62936276468959,4,Books,0.36410620124808957,0.561883960792745,Organic,958,1
7,67.55044360628487,5.971892186334583,4,Books,0.07009841485354183,0.5663858463657522,Social Media,99,0
8,67.92060178268538,103.68170013959453,5,Fashion,0.11464802619120201,0.3978685908557258,Paid Search,294,1
12,55.36830117164905,14.450974725209093,3,Home & Garden,0.059364937736015796,0.2813841461645094,Social Media,1074,0
11,24.32529227379862,1.5609454810106869,4,Books,0.15533924990905262,0.6618285115051131,Social Media,635,0
5,14.006908079842159,14.733988571472423,1,Home & Garden,0.07305883818290337,0.2554825235369724,Paid Search,206,0
12,94.65214380413839,39.153156775374136,2,Sports,0.5404189045244651,0.12272710472802471,Referral,435,1
10,123.09228118111571,81.31364488813198,3,Fashion,0.0491404237931661,0.3510558309211501,Organic,866,0
12,21.76000914109882,14.802579882612857,1,Electronics,0.05354454435902577,0.2503828668801158,Email,946,0
5,29.162379508117265,7.195128383604016,1,Home & Garden,0.08359682708906775,0.46198543126123204,Organic,1705,0
8,10.240590543288503,62.30195221163106,2,Fashion,0.47542375687375626,0.3416625277740184,Social Media,166,1
8,50.76209519274973,247.72884295275443,2,Fashion,0.06751594813674701,0.19872590262364825,Referral,653,1
13,174.27403549879205,55.108131448947915,3,Fashion,0.1229747151352568,0.4268460096501686,Referral,924,0
8,70.45009975084766,70.475979823849,2,Beauty,0.07461960440609168,0.28521717977516575,Organic,207,1
15,194.33793169236688,49.418241570063834,3,Electronics,0.0830791672648817,0.2892498127425707,Social Media,1255,0
8,24.232451852181974,91.49159177799999,1,Beauty,0.2767882202423481,0.29351937059853384,Paid Search,940,0
4,11.633724072260204,223.2951189471289,1,Books,0.1377220882948462,0.2832356747083543,Email,839,1
10,110.32674833482191,47.13275444692173,0,Sports,0.4686268452627703,0.10049415973225045,Referral,1197,0
14,37.99458283432798,32.35252974704616,2,Books,0.11149112357302216,0.4651454743961629,Email,525,0
7,16.208797595001155,118.11397802789837,5,Home & Garden,0.44720445465726627,0.09168524559631104,Social Media,619,1
6,148.09540175921478,209.85260651310375,0,Fashion,0.05651543459734239,0.3584152029069421,Organic,297,1
7,20.392040572964163,8.299312006916434,1,Books,0.10570161700562548,0.35925388196878505,Social Media,956,0
6,13.51997335368572,51.7893107093239,1,Electronics,0.06753645597121039,0.1643278949429739,Referral,680,0
6,53.58602926547906,94.3458690533415,1,Electronics,0.17173818297838625,0.15290861078781845,Organic,475,1
7,11.688453830737298,45.729183790857,2,Beauty,0.0952167513377888,0.4157293087581785,Email,228,0
16,75.02943860059273,31.576355798417673,3,Beauty,0.2918394181964687,0.5265113581779991,Referral,43,1
8,13.17274800575076,63.89263392868181,2,Sports,0.3212072316099052,0.2998295787285103,Organic,353,1
10,40.49554741629542,18.89317393036771,0,Books,0.2805969368918489,0.5534558633667555,Organic,452,0
11,42.66349889436803,25.767066010882257,2,Beauty,0.07452267220268266,0.28225289795711794,Email,886,0
11,40.9329216580538,291.81049327081877,1,Beauty,0.16749014595667747,0.5180180015449358,Social Media,440,1
8,11.82061391045146,60.712837219389485,2,Electronics,0.20934953454684613,0.2697573417092247,Social Media,1492,0
10,28.342852121874206,123.77975412416787,3,Beauty,0.2083733551263579,0.2488781586694968,Social Media,865,0
7,99.37201029795821,98.94329831492145,2,Electronics,0.054380782975933885,0.5871806703633295,Referral,1138,0
8,28.173635381453362,63.380178501148954,2,Beauty,0.026736261268364137,0.2833457090368464,Organic,380,0
10,13.187847022324094,110.22891856909143,1,Sports,0.10758591253481467,0.2910656670888738,Paid Search,760,0
8,23.195148042279857,20.30977062086876,0,Home & Garden,0.02752515606896756,0.772543948732651,Paid Search,1100,0
6,12.101903778890543,60.82039750856259,1,Books,0.39276281928516243,0.4143598806087294,Email,568,1
10,10.0,53.58426775792792,1,Home & Garden,0.16616441903089982,0.4392871955353618,Organic,614,0
6,28.7560237235946,58.438305296327044,0,Fashion,0.2029727339623256,0.059294959582578285,Referral,1473,0
9,35.873842167181905,11.080959274137776,5,Home & Garden,0.17756497911887736,0.27756145839754115,Organic,1528,0
6,57.92261802870021,19.480936094611412,3,Electronics,0.10911221989424964,0.286649669252904,Email,973,0
13,48.12935187967586,20.26768542453259,3,Electronics,0.03620131645685423,0.22224078002513645,Paid Search,1636,0
7,54.14783182979713,55.27008077569016,0,Home & Garden,0.1431940900950024,0.317213611048438,Referral,1344,0
10,32.04507726241054,215.71652833817325,1,Home & Garden,0.17586487825646516,0.24351268670818108,Paid Search,101,1
2,181.6350441023667,184.83500794569,4,Fashion,0.1458069940227912,0.6135980708868124,Social Media,1021,1
10,16.891310241034272,15.463288667227657,0,Beauty,0.32633930128810157,0.523311149353315,Email,1273,0
9,25.69537399228958,21.817247181520223,3,Fashion,0.3073615839084963,0.4800179696897827,Paid Search,987,0
11,124.82451389577194,2.2036914025095533,2,Books,0.2898011002395798,0.5456085901410317,Referral,1518,0
11,24.2416213304981,30.531213160563308,2,Electronics,0.2509056464030181,0.3359773923302622,Organic,549,0
6,30.320564485469802,107.99020396503546,2,Books,0.1135243712823237,0.23052593053506104,Email,120,1
13,45.75713397909994,148.4392410448641,4,Books,0.2803958368371609,0.3802941166392928,Paid Search,1156,0
4,84.26519859945044,16.190252605266313,1,Home & Garden,0.42941505349301834,0.5296422334022853,Social Media,1333,0
7,37.09946259465465,18.537976841519857,2,Electronics,0.13604773777957505,0.5267553291630513,Paid Search,1396,0
7,16.330014472458473,14.973087695323025,0,Books,0.2743338802189742,0.5993807937454289,Referral,21,1
9,23.853680619758354,25.856535811062123,4,Home & Garden,0.26918273294418266,0.5487349351003531,Social Media,1229,0
5,51.00914263045571,98.01135765648563,2,Sports,0.18989513454639156,0.31633322600423763,Social Media,38,1
9,26.151642288050287,62.453012130511574,4,Fashion,0.13598238656411107,0.5459749154386309,Email,1414,0
8,22.78629408299313,92.49019303893608,3,Home & Garden,0.277180845128572,0.398785989326798,Referral,1283,0
7,15.711613903772328,52.48461932964196,4,Home & Garden,0.11193680827581362,0.3051712872959879,Referral,1035,0
6,86.03772408374643,17.882782045755565,0,Books,0.1310768807899324,0.664552487675597,Social Media,924,0
13,30.04625374428603,15.52579142405931,4,Home & Garden,0.1048241369732994,0.15992083533180934,Organic,1305,0
15,30.199045838181434,0.5424874155972289,3,Beauty,0.31499811243265996,0.19429386081596786,Organic,105,0
11,57.04906800782205,91.1161191424181,1,Home & Garden,0.15969789217239597,0.4931182496070478,Email,1518,0
8,11.135207916690836,112.68659997127834,1,Beauty,0.3229602800275361,0.34267707088553756,Email,368,1
4,34.24668254992695,87.73420509909096,5,Books,0.08687914148499813,0.4710989858723304,Email,872,0
5,110.41625726266126,4.638919574067175,1,Home & Garden,0.21633280918774925,0.37459788397598337,Email,888,0
15,31.466805892362146,86.18497474493714,0,Beauty,0.3113808322040958,0.5960333979871938,Social Media,1418,0
7,39.47282628167462,2.8108726462732405,2,Fashion,0.29259717386908196,0.2016191150291791,Email,353,0
11,38.77348649103496,6.695665415983139,3,Electronics,0.13258373353964792,0.16636747943591748,Organic,547,0
11,77.40686698543358,34.84006415956239,2,Books,0.34811025711606025,0.23146861889176532,Paid Search,1210,0
11,38.899443508063676,38.79265112437674,3,Sports,0.16471802984112982,0.3471586795385091,Organic,753,0
10,238.6189468487736,101.60786961330268,2,Sports,0.14015887297177496,0.1415418579097584,Email,546,0
10,39.8459619400196,68.2774147599398,2,Beauty,0.4570281726089592,0.3729919586311809,Social Media,1134,0
6,23.36870599375747,9.985960242517118,3,Electronics,0.20114960392667575,0.30161220572316194,Referral,158,1
9,111.00302627679446,15.382383947476704,2,Fashion,0.11114318822979992,0.2729741718279359,Paid Search,1441,0
7,27.9789121755265,20.18505010088151,3,Home & Garden,0.06072884035460874,0.49430990850758516,Paid Search,958,0
11,20.497826187562342,7.920933379153399,3,Beauty,0.17144357420318523,0.27908590247817366,Email,376,0
12,12.797607416053955,20.350724207622726,0,Sports,0.06558489487679482,0.1687687287535769,Email,746,0
10,48.57005966255984,78.24928413054914,3,Home & Garden,0.305640814470781,0.2942247470398492,Paid Search,240,1
9,22.966387744227735,16.57695525904559,0,Fashion,0.18641544544117014,0.30170058761404817,Social Media,1125,0
10,17.780751580066735,108.23951179161358,2,Books,0.1329620173060769,0.33189245338527384,Paid Search,1221,0
6,21.059452362884656,38.0380414495531,4,Electronics,0.07195735714888268,0.31377567135983464,Social Media,740,0
13,24.762827375558906,23.39934739154058,1,Beauty,0.05598297256310239,0.29981349373455846,Organic,620,0
6,64.46818056762902,31.904378769963458,3,Fashion,0.23779613658996274,0.6123130761647704,Email,1551,0
11,48.75602107990221,74.168428965908,0,Sports,0.05808414059415756,0.5274065472437905,Social Media,1051,0
10,29.499338036144763,43.63857189464101,2,Sports,0.19938126596045616,0.20015239069310092,Paid Search,1217,0
15,51.86640916976092,0.43831696164891265,3,Electronics,0.16058500904253994,0.23793475035300704,Organic,233,0
12,30.414744447608832,153.31241847423587,3,Books,0.07061404764105227,0.21328107383843295,Paid Search,1302,0
11,39.0660299449278,4.096473679270737,4,Fashion,0.5553356662764047,0.7990252654307314,Organic,811,0
15,19.422803474947244,167.44159229105543,2,Sports,0.11782548376790442,0.2471954616173961,Referral,669,0
11,19.566850067061246,1.7134027697730665,1,Beauty,0.10500828235352064,0.6295195347499914,Organic,1696,0
9,37.37784144145289,88.4365823483296,6,Sports,0.33011752705675307,0.4807856269728492,Social Media,99,1
8,37.44496313071533,45.901113940405715,2,Books,0.1698669732840052,0.26654303541671154,Referral,357,0
11,74.36197046029895,42.27993750487424,2,Sports,0.10902638908458165,0.2928584668577831,Organic,685,0
7,49.37576374634119,4.533768112556213,2,Sports,0.25722850135908276,0.15889976272293727,Organic,592,0
9,22.341426758898663,16.367214324911863,2,Home & Garden,0.2674915545508621,0.15545878272107136,Social Media,932,0
8,11.89290107892587,90.18245165751281,1,Electronics,0.3037596891072556,0.41244455978115846,Email,732,0
13,67.09252660924595,133.12764019144043,4,Beauty,0.0412991929564561,0.5482049109987015,Email,1438,0
5,43.17824932830751,45.18895160850688,1,Home & Garden,0.17107290327999727,0.6690528994084891,Email,1401,0
12,71.90733234955043,26.156392625964557,4,Sports,0.08464071097330851,0.5135020497679013,Referral,1409,0
11,47.7992637557463,3.7088993154090515,7,Books,0.18253646086237332,0.15408965482899226,Email,674,0
9,140.3262429533917,68.77592739430891,3,Beauty,0.034085211669234644,0.8839325771247049,Referral,744,0
9,27.851759147448742,19.580934350585615,3,Electronics,0.22815187075092097,0.47892602090652736,Email,1315,0
14,34.230827055964625,3.395091888774903,1,Fashion,0.22749876583377157,0.2773884573096433,Social Media,227,0
12,62.32586981740422,65.77022757938991,3,Fashion,0.14562023636239163,0.3471998484483021,Referral,1554,0
10,66.05004039764292,39.89922079797434,4,Books,0.15750805625104775,0.1935103931113411,Email,988,0
7,43.020500776127435,0.7220563169748727,3,Fashion,0.17797041450366555,0.07629263343400823,Paid Search,1548,0
3,10.0,7.0543561076269405,1,Beauty,0.06596729557499416,0.2883886297041836,Email,1448,0
12,10.0,72.07896603861539,2,Home & Garden,0.09884438961605012,0.11200994762682324,Paid Search,683,0
8,24.318576226906796,3.9473234551649465,3,Sports,0.03552769350553149,0.07294252227911453,Paid Search,186,0
16,33.69845667935453,120.5783928906983,2,Fashion,0.19390322069049212,0.3706623840076883,Organic,1680,0
7,10.0,22.3792603357878,2,Beauty,0.26996370967618843,0.2947433784297903,Email,629,0
9,32.33507745173998,5.570780102654204,1,Beauty,0.1030014519785206,0.1707838494236059,Organic,682,0
6,55.75403002224666,85.5663565188163,1,Beauty,0.18650751921817862,0.31763741703557097,Organic,1659,0
11,31.583670246609252,44.59412274978196,0,Beauty,0.11651907000568577,0.3844510788715821,Referral,1674,0
6,41.93417983724587,21.972358851309753,1,Home & Garden,0.024033555214427474,0.07583524078061134,Paid Search,480,0
5,52.997993352732465,31.262491901493725,1,Electronics,0.32253525807658007,0.30412637183146857,Organic,163,1
6,10.0,1.2986980127360945,4,Books,0.12498139895064109,0.46827590006852904,Email,3,1
10,55.816272945064306,65.20669206828424,0,Beauty,0.17436565295090975,0.20222114349719172,Social Media,800,0
11,18.415137273020182,27.320965846089873,0,Electronics,0.17880680932876353,0.219519615123179,Email,1038,0
11,27.371847070797273,75.11369036861315,0,Electronics,0.029195308944248426,0.6432418208055753,Paid Search,494,0
5,19.513890013894418,59.35929602030808,0,Home & Garden,0.3436252969571413,0.32482638298599487,Referral,474,1
12,78.18744876306984,63.20471691162967,2,Beauty,0.2741406370380175,0.39921088476656647,Email,651,0
10,12.962548950469676,94.47109893981886,3,Beauty,0.10779851295626239,0.20267872705134776,Email,480,0
7,99.99060329960498,59.8432274047975,5,Fashion,0.1885680891329474,0.43452455357318814,Organic,1566,0
13,224.40718137831067,32.55197465286404,0,Home & Garden,0.17978282806378917,0.42204057734554534,Email,1173,0
9,10.0,29.65065465662739,0,Fashion,0.0394897467527318,0.6378605253907391,Paid Search,1512,0
8,20.72119953648784,7.641516333166764,1,Sports,0.13670073654663092,0.20049480843543185,Social Media,1570,0
6,54.05262884448765,90.69605924052547,0,Books,0.03267592342154294,0.3974428225241057,Organic,794,0
11,14.957908047538616,85.9047336725194,1,Sports,0.16726128779848734,0.4471418511511512,Email,872,0
10,26.64229883281896,16.96552209623866,2,Beauty,0.03569969566669524,0.5710645666238775,Social Media,1784,0
9,38.11857932263751,119.12731435533803,0,Fashion,0.30031744531672366,0.39146623162035965,Email,1490,0
10,18.72282163627616,53.350199460911774,4,Fashion,0.3059023323696343,0.2755278800175972,Referral,1456,0
8,35.360186461561746,39.08426085235187,2,Electronics,0.1423523551641191,0.23070999224510455,Paid Search,1065,0
3,70.73843211938105,1.0590702598167812,1,Fashion,0.17290426520135604,0.4326288484567805,Referral,842,0
5,31.104357184369455,28.948012270416694,1,Electronics,0.28715164726884673,0.18506490155517197,Organic,1632,0
8,14.426639592273798,61.410973837884654,4,Beauty,0.16990714546463065,0.3279995075017605,Social Media,1468,0
5,84.09182048297448,5.642016984925075,5,Electronics,0.04359372232748871,0.44572358072669654,Referral,943,0
7,100.60759385355472,36.923110826354915,1,Books,0.20481034234296305,0.2731988521622461,Email,494,0
10,44.47217706021047,301.5688617545475,2,Fashion,0.20567087453802316,0.48454982591721285,Referral,269,1
5,15.098057901911393,75.6407670932346,1,Beauty,0.049830603891479,0.16854739634314503,Social Media,1009,0
11,16.40880677297979,47.49469065335129,2,Sports,0.2948844491398013,0.38488944599751146,Email,540,0
8,10.0,45.68978647326557,1,Home & Garden,0.15220518196177746,0.27100415037492076,Organic,482,0
12,20.620753493684003,2.685099975715587,1,Electronics,0.10016287354973287,0.35713734663294655,Referral,193,0
5,77.66957073128249,189.23367171111272,2,Beauty,0.03514236664481533,0.4817558325471581,Paid Search,63,1
17,19.160010988271623,158.0135827938032,2,Home & Garden,0.2583305038803917,0.3637232374369118,Social Media,1429,0
9,15.41365651701969,68.8186429092411,1,Electronics,0.337983442461676,0.3823430954654636,Paid Search,197,1
6,75.0614816651202,6.255777070898372,2,Sports,0.2416250552703064,0.14669119178806234,Email,1621,0
9,83.181398815488,13.979050969844149,4,Electronics,0.187304866687795,0.46861879445567123,Paid Search,390,0
5,21.56550546138426,12.193804035917989,3,Books,0.19427532277029771,0.391585527926787,Social Media,1386,0
9,49.777305829427064,43.98548426367023,0,Electronics,0.2666745573606616,0.35573287211345206,Social Media,1502,0
10,16.540275536440642,13.976777077151318,2,Fashion,0.43270625013783726,0.20949585850215285,Paid Search,1446,0
10,25.176078696012592,71.4043047077434,0,Books,0.03358489044099436,0.44081767231313096,Paid Search,1593,0
11,10.0,47.27779389591931,2,Electronics,0.09382831596023986,0.4486482895611063,Email,620,0
7,44.17158534495275,1.0689565587101086,0,Electronics,0.1002083782869744,0.2725966883247978,Paid Search,1799,0
8,30.49824607400135,81.76808650027847,2,Home & Garden,0.08120766230261038,0.4968538674941289,Social Media,510,0
10,19.345467229453753,12.556564298517584,4,Electronics,0.11727630644787337,0.14636492383352948,Paid Search,1705,0
8,30.764947482223075,104.53878368795995,3,Beauty,0.09630546219555762,0.31776953476775405,Organic,798,0
12,27.88138422555227,26.314524589178774,3,Beauty,0.3992521079456619,0.4420610395339386,Social Media,104,1
3,17.085038738557436,24.80557403486301,1,Books,0.2019373130104738,0.5174940697283624,Social Media,1432,0
18,45.55136618649657,0.7132629304448618,2,Beauty,0.07723725742771374,0.33654796470159104,Email,1437,0
13,26.092310490723982,264.0309079400982,3,Electronics,0.08213096660287851,0.19339492366115454,Email,360,1
9,29.74246392542438,56.805667371242244,5,Home & Garden,0.1257051718629285,0.4168466431282021,Referral,1503,0
4,10.29307055883521,32.96672833182146,0,Sports,0.21809973547974654,0.4443990213686512,Email,288,0
10,29.949299534526464,6.096812956163799,1,Home & Garden,0.15593751408499576,0.11860295870368481,Organic,277,0
10,28.689638407880615,72.06822256427381,1,Home & Garden,0.20038287315379547,0.7090374935284277,Email,1476,0
7,17.10735923860401,19.938215728828517,2,Electronics,0.02068803094647157,0.5698531171955777,Referral,530,0
7,50.66498270819823,266.79169947209215,2,Sports,0.26011291254987545,0.6066365185370166,Social Media,141,1
11,10.0,180.4043890726054,2,Beauty,0.3018245612327696,0.28201861768759384,Email,1745,0
4,22.516340685123076,79.74873736823707,4,Books,0.3661340075867579,0.308225366235838,Referral,1017,1
5,42.434577708322294,212.5765730853737,0,Beauty,0.3719881333782732,0.46249774265929555,Email,818,1
11,177.47101426478523,6.698402269395413,1,Books,0.24584651254196538,0.27053374379243833,Email,920,0
7,11.10573511597136,19.703191144242446,0,Beauty,0.31007434843817544,0.11683314359614519,Social Media,1223,0
13,35.54864251239118,17.520950082194492,1,Fashion,0.013387279570886798,0.6915283793929924,Referral,1572,0
10,51.33240526865881,4.484231212206899,4,Home & Garden,0.07446555401161123,0.29405359437427786,Email,1227,0
10,34.83694083850573,215.0205886702318,1,Home & Garden,0.3378569070270131,0.28777769895674865,Social Media,1349,1
11,12.355794287645162,3.7108702020683846,0,Fashion,0.18603846769115578,0.34068854423655304,Referral,329,0
7,22.48980105762083,116.56425090871335,5,Electronics,0.3625992309215317,0.4809452949707556,Paid Search,701,1
10,10.0,87.70283670502481,3,Books,0.11655339752535547,0.3509887111998931,Referral,1067,0
8,33.218028241585976,28.28351594682894,2,Beauty,0.23956433578745537,0.5927756176811003,Email,1130,0
13,10.668396899943986,1.1391882195181446,2,Books,0.24993653639871,0.5394521028322908,Email,494,0
9,47.680797693622445,0.36687365193678484,3,Fashion,0.14376018685378728,0.4040585316437626,Referral,1779,0
11,19.63398703628435,13.68890132075918,2,Fashion,0.02339295173718565,0.22571552999205574,Social Media,216,0
7,18.210314078962593,40.85848358759471,5,Beauty,0.10344194046918401,0.5167978158946813,Referral,205,1
12,37.835212101192205,36.7393919654946,3,Fashion,0.14588758915973132,0.40708651287513614,Email,418,0
8,40.78054995269979,52.81092066926229,3,Sports,0.3423409234506799,0.5244596954853393,Email,1376,0
7,66.48839635328478,88.69387197304582,2,Home & Garden,0.15850793551285322,0.5020824302693772,Organic,67,1
9,26.867314314844464,28.42668764919342,3,Books,0.19837032386394113,0.6544686293264549,Social Media,1802,0
9,30.428352691848794,10.487187104888612,1,Electronics,0.23135313740708133,0.31773273325278195,Organic,1802,0
9,10.923765483527097,96.58095158950796,1,Sports,0.054016231358278655,0.22947193705733032,Email,292,0
10,105.50090579369484,24.270095666003897,3,Home & Garden,0.29774130015591693,0.2853188156344892,Social Media,732,0
7,15.680966222925372,20.286493862477386,2,Sports,0.2654207462185318,0.22099898714329266,Social Media,372,0
13,59.13764890713337,86.71479273383589,1,Home & Garden,0.4801595079324877,0.14133773696924615,Social Media,745,0
6,59.48652605029681,163.21292820482432,1,Fashion,0.34444084067806785,0.4938459404273327,Referral,972,1
7,45.60065697588166,147.8789172268364,1,Electronics,0.3378106856516776,0.5598749290070897,Referral,1501,0
10,27.387527276244356,8.871202780507302,2,Fashion,0.31108792027681553,0.24282998677182718,Email,66,1
12,24.77441296909756,41.96901118578322,2,Books,0.18864624917752051,0.4681927257181581,Social Media,1801,0
14,31.460693653389523,5.848189335311843,1,Books,0.09597895050036429,0.15535576614907184,Social Media,1716,0
7,10.0,194.61464306850542,3,Books,0.10474670633356671,0.3166809466986285,Social Media,1041,1
12,32.43119508826563,14.541714229507193,3,Books,0.14131081281797947,0.4654294170628872,Referral,878,0
6,108.70097369583621,13.196140231631851,2,Sports,0.179732918313453,0.4632017343985307,Email,1005,0
8,27.64151498999371,131.8317380888024,2,Electronics,0.07287854771953646,0.7927181630267629,Social Media,34,1
7,32.25934815738984,206.24160570430095,2,Electronics,0.15403586493620774,0.4812179874825481,Social Media,1346,0
11,14.595393543096682,71.76667907585366,2,Books,0.22366550293342297,0.489644218475085,Paid Search,906,0
6,38.418912334953674,7.738566476018149,3,Home & Garden,0.27088825241433867,0.36779909670101285,Organic,522,0
7,17.772008602194035,39.915068377844726,5,Fashion,0.20447570529068854,0.38148584535268254,Referral,842,0
9,65.35834973563908,101.76680971415036,2,Books,0.2452295005696052,0.47678180922567204,Paid Search,534,1
7,82.52180903271416,50.98485723520954,2,Home & Garden,0.08613929230531225,0.1804673420414802,Email,1277,0
4,98.26592266698594,8.534946945947155,1,Beauty,0.29561671117693694,0.33149595868461024,Organic,1121,0
7,10.435001977148776,11.31639393315619,0,Electronics,0.041354242858582455,0.4230388396627678,Email,708,0
8,59.037238108228145,119.76856021845649,2,Fashion,0.08202971204473677,0.4086594258416312,Referral,574,0
12,55.56713647488414,44.923292954138354,0,Electronics,0.25174262469295217,0.24296079354741285,Email,1602,0
8,23.758574891218828,73.41722846612538,3,Electronics,0.19852597217916745,0.5491780357375547,Social Media,1245,0
10,85.98234824259903,28.014507970897427,3,Sports,0.06138411558962893,0.38292978118564835,Social Media,1306,0
5,46.134283955074096,45.619505523157365,2,Fashion,0.2275281632736096,0.06517693374004428,Email,1129,0
8,99.3344732550262,226.6053307595691,0,Sports,0.11433556572064141,0.06507599790769318,Email,138,1
10,12.011972349811808,24.002066183283386,3,Beauty,0.044642320723222106,0.23857616177927687,Email,109,0
10,18.704342971368423,67.39677741995438,3,Books,0.0840098604078859,0.3814632607277182,Email,783,0
7,35.69386542058007,11.36117324383508,3,Fashion,0.04836310992108201,0.6743306809965284,Social Media,1698,0
7,84.61168913210193,7.788748258631694,2,Home & Garden,0.026400806180795704,0.338216523242424,Paid Search,958,0
8,47.64794797019655,91.84872637260553,2,Electronics,0.27528113417063726,0.3532925944660746,Paid Search,1598,0
8,15.50759051643852,111.51558997113383,2,Electronics,0.31422338835411623,0.27849738546592406,Email,177,1
7,137.149812394973,66.21357554803103,0,Sports,0.233923170057327,0.40100978827295014,Email,1322,0
14,26.16007144096687,10.332472676969951,2,Beauty,0.11501887294201366,0.2585408413823544,Organic,448,0
7,15.909754234449572,16.51264704709136,0,Sports,0.16733021706703205,0.46700799462052667,Email,957,0
8,17.812885233942264,145.26570653439347,2,Beauty,0.39499649218640775,0.3925140997386348,Paid Search,535,1
7,11.406775986952374,20.440001362293454,2,Sports,0.04983876020332039,0.24534249465964175,Referral,1300,0
11,10.0,102.50927494517839,4,Fashion,0.20359885512483497,0.27685240400083083,Referral,732,0
3,30.166295627324207,20.20706939050429,2,Electronics,0.22094617266692287,0.3107148140765057,Email,843,0
6,10.0,168.26960498313272,2,Beauty,0.09815978449513271,0.38585825424688724,Email,448,1
9,42.56082197113585,147.52129965487885,2,Beauty,0.09404860791570739,0.5261959463442138,Referral,514,1
6,72.77890306887457,2.6536154349239354,0,Home & Garden,0.058797179481588684,0.45383267299760094,Organic,328,0
6,44.75915646248211,88.28865208826315,3,Beauty,0.21353126683360876,0.29735990101003346,Paid Search,1011,0
9,34.30153664475947,11.140878403173925,3,Beauty,0.14019799322905035,0.3779548321213999,Email,265,0
9,10.0,14.545058480487564,2,Fashion,0.23254917278678877,0.5168310303344673,Email,490,0
7,65.15958917009513,36.95397220006263,1,Electronics,0.2173107526618425,0.34073986157860936,Organic,968,0
4,157.15791634213042,51.52634751532182,4,Books,0.06256929197030371,0.33934654683829235,Paid Search,502,0
8,102.16766720113245,23.653683560893572,2,Books,0.05458250685048322,0.23486694293469604,Email,1074,0
9,11.422347755352694,51.39411322414144,1,Sports,0.3086641004450439,0.2557955064087841,Paid Search,26,1
8,31.113010832019434,11.227386686342033,3,Beauty,0.2319889534004357,0.4930057792318666,Paid Search,1776,0
11,26.41193491648959,1.3554551062884708,1,Sports,0.3566734792716677,0.7520876205140897,Referral,1332,0
14,24.08455383744071,50.809292801202055,2,Sports,0.31911574728063785,0.49352015415319755,Email,919,0
10,33.84063944199008,43.71592479615692,1,Electronics,0.17352072039843638,0.36450509855434465,Referral,1680,0
6,187.17907406374283,70.20404154748222,1,Sports,0.09873568548672011,0.5531372418307309,Paid Search,1587,0
6,36.08530988291184,62.95883155858027,3,Home & Garden,0.4227190199738065,0.71626719439856,Email,669,1
7,23.208660047799118,136.6655768078753,0,Home & Garden,0.36259171417232516,0.4591843619143083,Social Media,212,1
15,42.02743809917277,36.91215519196203,1,Books,0.2927521898408209,0.5194366970308171,Social Media,461,0
11,11.58086696869165,0.5042817241900333,1,Fashion,0.07938887973880679,0.26047265291022403,Organic,381,0
10,18.674132517607244,59.761070120845,2,Beauty,0.10732067583669565,0.728722330572993,Referral,1369,0
10,72.89249313042657,67.46025932372356,3,Electronics,0.19277081829275633,0.17327945477718573,Paid Search,1000,0
4,38.500662967968076,44.2253157997306,2,Fashion,0.06621630031759164,0.24466110792341558,Social Media,1551,0
5,177.9289067317262,70.13658826597366,3,Sports,0.10498176007742191,0.16581012548846608,Email,894,0
9,41.023470604007876,23.4568038892395,2,Electronics,0.21253106912723368,0.240038356405872,Paid Search,1405,0
12,12.223255789800762,9.667074907866134,3,Sports,0.24493247225897055,0.46119312547428476,Organic,590,0
11,10.0,65.53759725264985,1,Fashion,0.26643882842571387,0.3973322059619632,Paid Search,1099,0
7,73.79687125051672,16.877069180260058,1,Books,0.4011914088295049,0.5192909489030415,Organic,1167,0
11,14.393528070657283,36.563214984166066,1,Home & Garden,0.28820743308413177,0.07987052392579647,Paid Search,1385,0
14,13.397943306556984,40.591887045605205,3,Home & Garden,0.11831140809959466,0.10817438537995845,Email,1459,0
8,21.933439290118695,38.91332624271323,3,Home & Garden,0.14537105462457015,0.49266813268299803,Referral,505,0
14,73.47950012296697,54.7452652688045,2,Electronics,0.36579014924636893,0.41308113859190604,Social Media,703,0
6,24.67574673166227,1.7937707604259658,0,Sports,0.23291571122168156,0.12442064583672138,Paid Search,378,0
11,16.8898143270535,274.4347982968851,1,Home & Garden,0.2534762006240331,0.345335581127979,Paid Search,1365,1
12,87.36420479360194,75.59249141479562,2,Sports,0.16286426450885888,0.35813204882339533,Email,494,0
13,76.2151235719879,33.243592129509295,2,Home & Garden,0.24882356896254137,0.5017376856180747,Email,714,0
12,125.66918252671387,12.741863616004347,2,Fashion,0.23952237991385555,0.30802114634731403,Social Media,1465,0
10,97.61824746604312,5.014462158143584,0,Books,0.08179948356394483,0.2098498805983887,Paid Search,620,0
7,77.25663705958978,66.91934339233153,3,Sports,0.0631076461795226,0.05975209477049325,Email,532,0
6,18.156100562579088,22.87172616620522,3,Electronics,0.3001022407546187,0.6765315125597632,Referral,1188,0
11,56.1048858868793,15.641259988113278,2,Home & Garden,0.21993831980093898,0.3427993582247599,Organic,1780,0
8,87.50607497602134,28.67773406852538,1,Fashion,0.13628806909415067,0.22938650794864257,Organic,115,0
6,146.1507457326382,53.92518827684068,4,Home & Garden,0.2647314070888602,0.7412431363745193,Email,1523,0
10,37.97392348357891,66.83060067550217,2,Books,0.09619406605615251,0.1564683544037261,Social Media,222,0
11,22.341195891740202,62.16700037406349,4,Beauty,0.05586599989395574,0.4460510643179318,Email,630,0
10,16.324950946400744,119.38288801434915,1,Home & Garden,0.0235514736337487,0.2274308639711948,Email,761,0
6,72.4969347661935,14.81217538479063,2,Books,0.141500793003488,0.43933786992668666,Organic,1311,0
11,19.42605883364108,60.75920484942402,2,Sports,0.4498178884184034,0.21168979575059058,Email,1691,0
7,36.08201994202987,6.395968717073122,0,Books,0.07732029131679669,0.5369953124107103,Social Media,187,0
13,16.375519208670536,47.63571709285671,1,Fashion,0.21800208713668723,0.5538297243361635,Organic,1359,0
5,29.161888636593265,52.61820178228372,2,Beauty,0.12766016377591113,0.3688690190049887,Organic,588,0
10,47.04895314630002,14.618938899580675,5,Fashion,0.09171915573340726,0.30090834260777105,Organic,1646,0
8,41.07503264323997,29.824548236119444,4,Sports,0.2981656808209346,0.5551577870713603,Referral,508,1
4,59.76134971736315,105.33475651301181,4,Electronics,0.2096930326966584,0.646932893089628,Paid Search,1266,0
11,11.031182138089536,9.638938648874284,2,Fashion,0.11452780280571309,0.21607477864841448,Email,301,0
6,30.167502692951377,34.20335658113352,3,Sports,0.017612140928216703,0.3854585791286181,Referral,1748,0
7,22.733500785230163,161.94519377885553,1,Beauty,0.15624848576095318,0.3511727930617822,Email,8,1
10,15.091299971074875,42.083939320386236,4,Sports,0.0596824831593693,0.5413407723271073,Social Media,425,0
5,18.18121617073497,77.48823146457087,3,Fashion,0.06962238789988803,0.518591903494031,Paid Search,1233,0
9,16.195517721031585,105.22137877800212,2,Sports,0.08015532268238015,0.609401707733512,Email,1557,0
13,43.81361754813192,13.672361076910576,1,Sports,0.10158018850989976,0.2537228474386723,Email,1813,0
13,45.60927613157603,14.770702309685685,2,Home & Garden,0.34906281153586804,0.40151940339402664,Paid Search,317,0
13,66.71964089919717,85.27587466889311,4,Sports,0.20034375295445775,0.400839493682709,Social Media,561,0
10,43.053791395976205,83.97657414361296,3,Fashion,0.1983140318594049,0.24480398525721334,Social Media,1627,0
5,37.601469987461016,3.7242266816630227,2,Fashion,0.4287720647465836,0.4767724438995191,Email,60,1
10,35.27282756683505,23.360587768287147,2,Fashion,0.29938814795277974,0.39550320559324664,Paid Search,1338,0
6,56.856258203280824,30.502965789709616,1,Home & Garden,0.16882956194575788,0.5277553902950036,Organic,772,0
7,10.0,105.97968168039091,5,Fashion,0.3366470857715872,0.655008661510378,Organic,1257,0
8,31.58540540750022,32.876587577781095,3,Sports,0.2818042944724901,0.42748193127070333,Referral,958,0
7,42.68133860625662,156.16378240134085,2,Books,0.3245621073136306,0.6175562092000936,Paid Search,1144,1
6,138.61558929570973,341.17619170490923,2,Home & Garden,0.18359137565056421,0.0552041946849016,Social Media,1216,1
10,13.609113348913796,91.04603671731398,4,Books,0.23564482091582942,0.4965377072488612,Referral,1152,0
11,13.230334515581854,65.86636259488678,3,Electronics,0.11943173418080227,0.39158974950114545,Social Media,1213,0
12,10.0,29.84467658568373,1,Beauty,0.2146247485311465,0.3283838052456459,Referral,1037,0
9,10.884889219204174,4.16354146531726,2,Books,0.12693874395352753,0.6271494368865319,Social Media,1303,0
9,29.34013414003481,51.07777649967081,3,Sports,0.11694037411797634,0.38939278460652493,Email,1416,0
11,18.555635050153548,26.937274324577544,1,Home & Garden,0.2728009858049062,0.4976608311461023,Social Media,1438,0
14,18.241418179107907,25.929931595080383,0,Fashion,0.21595511245430224,0.5678241577278217,Paid Search,1557,0
12,33.72850001331798,69.82923856583338,0,Fashion,0.5058273391810877,0.30910420670053773,Referral,578,1
8,52.76482833880924,37.37691034359135,1,Books,0.11556772353886308,0.5182657384294908,Organic,1361,0
10,33.448401987859526,83.68230064604347,0,Books,0.03485240886674916,0.1009064515298689,Email,1727,0
9,33.83036348622492,30.46713722426971,2,Books,0.3008433763478095,0.3786986565159958,Social Media,671,0
7,45.73607483063308,9.812111601014811,1,Sports,0.20014917891671197,0.5885718149971332,Organic,1419,0
12,10.0,37.12108062250691,1,Fashion,0.20398311587338955,0.587844161493091,Referral,532,0
8,36.715377391172304,180.97142447312288,0,Beauty,0.05399559676225349,0.2824268338434516,Email,321,1
10,31.188639324813696,97.02541576241525,1,Electronics,0.01230918431630031,0.40000709562833703,Email,815,0
7,32.927886154131855,13.82136407601045,1,Sports,0.12831304593187243,0.25117232946576173,Email,1472,0
6,20.75427429641689,29.78583405646131,1,Beauty,0.1599061997720688,0.3567836507521199,Organic,561,0
12,28.095847395331695,157.69234527577547,5,Fashion,0.37272840352219255,0.4571998465831193,Referral,538,1
7,45.70086085357627,7.922742406542898,2,Fashion,0.051471502853679546,0.28656551583896034,Social Media,507,0
11,119.96958213024395,17.577778865385724,2,Fashion,0.24246827870297594,0.2695784201722966,Referral,398,0
9,10.0,18.24679128431986,2,Fashion,0.06595029507901429,0.11352098056781679,Email,1115,0
14,52.32253261352134,50.768514318325145,3,Home & Garden,0.18669258845989675,0.6702191594707171,Referral,444,0
10,87.73235960565977,31.732585794390783,1,Fashion,0.5414484891116031,0.5533307769354908,Social Media,1706,0
6,11.983759935015291,4.994462824510825,1,Books,0.17945589264111217,0.3482614616403047,Referral,631,0
15,28.68774304683371,59.52254591497336,2,Fashion,0.06269940727547905,0.25753180226372774,Email,990,0
12,41.29000316203094,6.260186713163196,0,Beauty,0.08740487097337302,0.3396534127831038,Email,747,0
8,165.2000574673456,55.94748308774264,5,Electronics,0.18784121432114415,0.3458060034016044,Social Media,1756,0
15,188.417856478427,42.435786210839666,2,Home & Garden,0.09332922542519338,0.43005811597448707,Paid Search,774,0
12,11.982381664192925,40.833840197714146,2,Electronics,0.3205467022147547,0.6131306048240376,Referral,1029,0
4,26.003056857339928,4.192926059010668,1,Electronics,0.2494198336493883,0.27388010135715574,Email,1393,0
17,38.84552171115506,61.1692898017659,0,Electronics,0.4420902696392893,0.365751374608184,Referral,313,0
7,51.68479316661933,33.866270875996086,4,Sports,0.14407251402782162,0.2735948341468272,Social Media,60,1
5,38.88615719733101,31.770557113421,0,Fashion,0.2431010266934841,0.8426831029438009,Organic,830,0
8,15.510369887687707,54.44750061321623,2,Beauty,0.14228189161433746,0.31065353438178694,Organic,1005,0
14,14.971552054178396,55.92204970407317,4,Fashion,0.17283166721578722,0.36630297901461567,Email,524,0
8,10.0,0.9088464711255057,3,Electronics,0.03445784615005431,0.19794428902698136,Social Media,844,0
10,10.0,8.027375925631366,2,Fashion,0.11461756843117758,0.4597365215008939,Social Media,1123,0
9,10.0,16.191961169988,1,Sports,0.34507178254344045,0.5726186001198903,Referral,1776,0
12,83.86577180213035,67.98800055478529,3,Fashion,0.18244209238308157,0.3746123629946441,Email,1098,0
6,58.45298940950539,51.58627765735795,3,Fashion,0.3721060584215568,0.5600775613870654,Organic,819,0
8,51.55362500165624,85.03717290689792,0,Electronics,0.3376714082076416,0.21987168150011346,Social Media,42,1
7,27.710958140801345,80.96484589891669,0,Home & Garden,0.3232937210373679,0.2309842740179563,Social Media,567,1
10,32.03390024620953,115.1140484897423,1,Home & Garden,0.41333512155954233,0.18514147668761788,Organic,654,1
9,26.71010776042682,28.374697885460144,2,Fashion,0.22965193803185924,0.35289432446070995,Referral,870,0
6,10.0,25.393053223453826,7,Electronics,0.1544278722266034,0.5368179657466317,Referral,1427,0
8,55.59811928130625,106.67686263245776,1,Home & Garden,0.16081099498417267,0.25863455913031397,Referral,1416,0
7,65.50609325220354,16.277156312227067,2,Beauty,0.22571115210145817,0.7048547145819544,Referral,1542,0
12,13.193649999777898,37.101573717294244,2,Home & Garden,0.2892483374407126,0.5063002896280683,Email,529,0
13,13.183973061883089,12.964539173196393,1,Books,0.19332196448364244,0.34811769860466407,Referral,632,0
11,43.878030970709816,147.09347158030337,2,Home & Garden,0.20666691280842753,0.154005479677338,Referral,275,1
8,43.5695717594482,31.43495707793557,2,Beauty,0.2544110032007201,0.6296408518632867,Email,1564,0
13,59.50978330308636,14.332516275212576,0,Sports,0.3183329855151389,0.3680021761986714,Social Media,1190,0
11,102.60210278836357,70.6619383696054,0,Beauty,0.1040587937188419,0.119074448763274,Paid Search,142,0
8,14.206100842058301,16.83402093332925,2,Books,0.06228407991365771,0.1438501789434813,Referral,554,0
12,31.01293276606448,172.41470494725777,2,Electronics,0.3335061908637671,0.29980670910006496,Paid Search,279,1
11,14.873550178967529,27.495604748819495,0,Beauty,0.08808287869669118,0.22697821802971127,Organic,1768,0
5,15.755775421017296,65.55316924122221,3,Books,0.05009336055132162,0.16411228006500797,Paid Search,593,0
7,23.480325309229396,25.409643238709016,3,Home & Garden,0.1397561260639134,0.308387347480461,Organic,906,0
13,104.82420994419243,98.7803010644098,4,Books,0.13823538967778784,0.427407711456214,Paid Search,580,0
9,80.14636987329862,136.3365890861857,2,Electronics,0.4063207302861019,0.11608454985034408,Referral,866,1
15,31.191363414893637,93.04703888045499,2,Fashion,0.3121081971920344,0.3838213348058318,Paid Search,1822,0
7,10.0,113.229790620457,3,Sports,0.3686891667617676,0.4386576256293698,Social Media,525,1
14,45.34149212342912,6.447150670495441,4,Fashion,0.1773361435214818,0.4089305007989185,Paid Search,516,0
8,44.51106116217212,154.6723988763855,1,Electronics,0.28187512636849626,0.33845862454786513,Organic,678,1
16,15.691593376827552,58.73797598700545,2,Fashion,0.2322749893735218,0.550823707817139,Social Media,309,0
13,64.3641702436237,122.05319321464904,1,Sports,0.14077498493091037,0.40003154254279094,Paid Search,1348,0
16,15.452036811378372,69.20377119661524,6,Electronics,0.3930784998236886,0.5242639671611748,Organic,692,1
3,64.21206947153166,13.527348492033997,1,Fashion,0.1012227472258014,0.47660883263937087,Organic,1060,0
11,40.15923076684755,56.42810550152067,7,Sports,0.25908371232117716,0.6366906632205083,Referral,1207,0
4,10.30004293231422,5.721062660083409,2,Books,0.20896178691950015,0.43156245236192853,Organic,65,1
7,24.79938302330748,71.3890144531844,2,Fashion,0.17706421052372232,0.16578756693034052,Social Media,1175,0
8,37.178145914545446,31.556471540417586,5,Books,0.020794503121229217,0.4235109712468107,Email,972,0
10,42.10331089394104,9.873602299234499,2,Home & Garden,0.2607422302051969,0.37631324535634864,Organic,152,0
6,75.68210305166615,232.45420655201264,2,Beauty,0.05011016653805519,0.23329975666153482,Social Media,228,1
11,83.61468346028565,138.80931374804553,2,Books,0.22717830247400764,0.24952314741647422,Email,805,0
11,27.360494385194542,134.40124995496828,3,Books,0.1476871718870877,0.19799121946701778,Paid Search,632,1
8,51.80348887823126,93.30275275642171,2,Home & Garden,0.21646890900772,0.6077138862073334,Organic,798,0
11,119.86291884799051,70.6556529530797,0,Electronics,0.15128690800491876,0.22173970337061732,Referral,1160,0
11,14.65920642076893,63.86647596902809,1,Beauty,0.3298557309061114,0.41916814703098565,Paid Search,282,1
8,20.36121437496113,6.729268391536462,2,Home & Garden,0.14222088127853752,0.283233654391096,Referral,1209,0
12,10.0,138.49581228446775,3,Beauty,0.149343186761742,0.45996847029289856,Social Media,1493,0
11,19.982446550321214,127.78267973463062,2,Beauty,0.47484548472710214,0.18138927145079736,Social Media,6,1
5,39.04149872256259,82.66449282186116,1,Books,0.43566830293113223,0.3271486428639102,Email,673,1
13,10.0,157.29718080358035,3,Electronics,0.40989724315918113,0.2515417816559554,Referral,502,1
8,46.97596068631874,48.323003637795,4,Fashion,0.04607481601786357,0.18727121356510582,Social Media,788,0
7,22.694543175333855,35.61356989068581,0,Sports,0.2567002155433869,0.2745513005227072,Referral,1123,0
6,31.49601374332662,206.4226225947576,1,Electronics,0.26703075828946904,0.22610839321653164,Social Media,343,1
11,12.999389769694666,37.43195407332968,1,Beauty,0.21290885347917862,0.4138811380127454,Referral,245,0
10,30.514176238798356,61.52022208032965,1,Books,0.1828731535851467,0.4076000104314122,Email,1330,0
9,126.89496943211489,28.01447166349579,2,Fashion,0.046373816573302175,0.26863168889315275,Paid Search,1251,0
12,24.050521199751117,60.68988231146135,3,Electronics,0.006788594865088971,0.5742571615588131,Organic,841,0
14,10.0,76.39915764807026,4,Sports,0.21823943009437383,0.13786059950987287,Social Media,915,0
10,87.44568195154272,58.794664526115966,1,Beauty,0.17749338113586624,0.4077618645783593,Referral,493,0
6,51.108880938196116,43.362338502414914,1,Books,0.27490393647987227,0.43792791932022784,Social Media,601,0
11,35.70298264574257,21.409994327307736,2,Home & Garden,0.10173593429321821,0.25588654855892756,Social Media,584,0
8,52.16656252840945,61.94346888372677,1,Beauty,0.4374483527808868,0.3096397987914966,Organic,1325,0
10,35.37526822264392,143.43837045111428,0,Sports,0.12199740373967638,0.47324489258161856,Email,1014,0
6,123.2990853340833,0.4161956283340606,4,Sports,0.27754759183731903,0.38099437168058675,Organic,1331,0
9,60.436886541478124,8.627305158516373,0,Sports,0.04271642392409032,0.27025830309655224,Paid Search,1078,0
6,22.985422576963458,7.654537817761394,2,Sports,0.30467363164921574,0.17251158880501868,Paid Search,996,0
8,109.24181959514529,153.9971813577886,3,Fashion,0.06686529651161474,0.30891779459169816,Paid Search,585,1
7,142.02284026214235,65.21543587941458,1,Beauty,0.17370283962633207,0.7099708973133206,Paid Search,722,0
12,68.59990578554613,181.92897207797765,0,Beauty,0.1727850920236781,0.25648914168221953,Paid Search,1619,0
9,45.8577251121176,52.453282280896325,3,Electronics,0.12858397665970014,0.033890439071536105,Referral,1051,0
10,16.721954444884773,37.16402210045702,1,Sports,0.3505527583778632,0.4032205634138855,Social Media,957,0
12,57.31298478238599,94.31203045399641,2,Sports,0.18891661053837228,0.36948920661211776,Referral,97,1
14,45.16944932417627,10.528545826089163,1,Books,0.11512885556467246,0.5119663337986318,Referral,1224,0
15,32.412941444120214,28.811783127020767,3,Home & Garden,0.29281887389074895,0.11700896566439997,Organic,1252,0
12,57.940377570850366,37.67238785948476,4,Books,0.26492082193642685,0.46138889770674824,Organic,1260,0
13,35.50402404263887,21.268504312709375,2,Electronics,0.19105302229912166,0.38792828960277836,Referral,167,0
6,51.368566221192445,27.844691951146732,2,Fashion,0.13303075448050872,0.32356316401085683,Paid Search,549,0
10,75.84281896684348,4.879448852107306,3,Home & Garden,0.24700488644397944,0.4954434512823662,Email,678,0
9,11.41723894009926,13.237572557519819,0,Beauty,0.1399754404241857,0.5778518516073337,Social Media,1508,0
5,14.588881290781872,24.52292791781346,5,Books,0.2943054441548856,0.425871339753084,Paid Search,1789,0
8,15.962185716863884,95.34590023954577,1,Books,0.1199817305978047,0.2595570679232562,Organic,757,0
6,156.33599846646274,12.090068432984507,3,Beauty,0.16751547606770092,0.1905268616621891,Referral,1012,0
16,54.96957147467429,25.537654340025057,0,Fashion,0.13843555974278277,0.24962876836809128,Organic,14,0
9,59.222134834743045,4.027410003719591,3,Beauty,0.11444532993948911,0.30812781741958806,Social Media,17,0
9,81.74056906595871,48.865264683032414,3,Fashion,0.4538920677524189,0.4772373611366373,Referral,136,1
11,14.334603860679763,56.68926600589146,3,Beauty,0.008127324740065592,0.18601073917970296,Email,1313,0
8,10.0,120.3788095413307,1,Home & Garden,0.053364520514467724,0.4007209795712874,Referral,325,1
10,31.491267013196982,102.5939597319831,3,Sports,0.2572298569775608,0.2225677775025207,Organic,1383,0
11,67.9014621463098,20.160089040002994,0,Fashion,0.2829341486872304,0.8257878354727749,Paid Search,788,0
12,28.273518697174428,8.837215605259335,1,Books,0.29364184580560204,0.46464581840526475,Organic,1551,0
4,11.067903647433473,10.182080781875015,2,Books,0.07995210860712597,0.19432511727332272,Social Media,1588,0
11,16.051747710160367,208.35633736070335,2,Sports,0.14953948091754396,0.37962425129115507,Email,1605,0
10,12.89182771001958,67.10915456080642,1,Sports,0.0732503034924161,0.32929466408537555,Social Media,992,0
9,20.289600225603984,2.610209428853721,1,Fashion,0.26942151605452225,0.2702151403224311,Social Media,1439,0
5,13.09847275086508,8.825089962605638,2,Sports,0.4148798100116545,0.3466347488424011,Paid Search,1208,0
9,37.24148060894849,39.90858664539893,1,Books,0.25796449289737,0.47424217437124877,Organic,341,0
9,21.36886326117312,13.97866525983239,2,Fashion,0.14261268047993966,0.7401256537712037,Paid Search,696,0
5,54.96770228346726,97.6741355476483,2,Home & Garden,0.30344501256883377,0.5331829752633358,Paid Search,1756,0
9,15.162384300809778,51.0887920277202,2,Electronics,0.2734916728185353,0.28325655012742906,Referral,1410,0
6,40.62068867909964,56.90284018776516,1,Fashion,0.3862081588848144,0.1561360858463474,Organic,480,1
6,32.13419338586328,37.28594239573185,2,Beauty,0.22561734173930997,0.238988908250261,Referral,513,0
9,45.45956072071607,17.74791739691213,0,Home & Garden,0.27941420583758253,0.42984701522498864,Organic,464,0
11,50.874960585946575,53.40867445484326,1,Books,0.20950162472557707,0.4786116420922141,Paid Search,600,0
6,55.418623459741625,75.73215257909786,1,Fashion,0.13650774757583858,0.40765835453393046,Email,1694,0
10,64.3672997773969,27.812488692044514,6,Fashion,0.2629010929782917,0.38314211262536385,Referral,791,0
7,51.102469320965795,42.1850187214365,1,Fashion,0.46546132928842016,0.33457146863304976,Organic,665,1
9,42.02618198473151,109.83649363864131,1,Sports,0.11045771534314304,0.6466914287716141,Referral,437,0
13,19.42616857747804,9.658155744488477,1,Sports,0.3436497260343215,0.5173201798303071,Organic,1628,0
11,65.404406825587,47.27707265295325,7,Books,0.037942133569392536,0.34433869247551174,Referral,1747,0
5,18.963055478269236,25.700630060876502,1,Home & Garden,0.4347824810854167,0.5774040825214952,Email,591,1
11,26.218606814068778,72.79993974424505,1,Fashion,0.15058646520414232,0.27608033736063287,Organic,1125,0
13,16.6211740824113,1.139364364551091,2,Electronics,0.2188872436866693,0.3807850558151866,Email,1749,0
7,16.34651799444881,66.60587375152564,2,Electronics,0.15436795482051227,0.43984128411850176,Email,912,0
9,25.69763141338687,6.515124871277416,3,Electronics,0.04384419442537774,0.4277292226940823,Email,855,0
5,27.48325211580568,4.01762328105676,2,Sports,0.141901533265179,0.1864159856046054,Referral,963,0
11,17.27318809657993,77.37691823759236,2,Books,0.2668461222268865,0.3103835731874706,Social Media,61,1
9,33.702452609494095,61.35612745232911,2,Fashion,0.39009257027626687,0.58334397252439,Paid Search,548,1
13,37.540057345762555,135.19109597611578,2,Books,0.37112737365357074,0.2982877398490494,Social Media,1275,0
10,21.415113105627334,43.99503547448583,0,Sports,0.32851923202288275,0.5998516598161305,Social Media,1764,0
5,206.79155620119016,45.30447329011304,2,Fashion,0.3698839149126976,0.32305113232452404,Referral,1038,0
8,43.21374523429736,73.65861264556669,2,Fashion,0.13028979504404675,0.23167563493876497,Social Media,348,0
7,36.40157050541903,23.440286432703896,2,Beauty,0.3598479223368672,0.21563990437481415,Social Media,779,0
11,19.283219168250223,2.256657788109261,2,Books,0.10399372821558539,0.36639015756289095,Referral,894,0
11,36.97616405448381,15.685456789577131,3,Electronics,0.06006531608866214,0.2141159300713276,Paid Search,278,0
14,40.15078972854897,16.30957946185534,2,Electronics,0.3055953149963818,0.49518991865499984,Paid Search,601,0
12,33.02353713021415,24.537568904627324,2,Beauty,0.18015057016220093,0.32455888004316685,Social Media,812,0
17,103.01975903795908,172.3713159636526,1,Home & Garden,0.3657121824030873,0.5833201036811533,Paid Search,478,1
7,10.0,98.03699306937533,1,Home & Garden,0.1716257773949652,0.31972201499972996,Referral,646,0
10,24.427182667296055,164.89132563291324,1,Books,0.16418108301755577,0.6212398223352088,Email,504,1
17,58.61955326832809,365.0,1,Beauty,0.14664223737631243,0.5250692156393616,Organic,1118,1
10,16.162114329523646,34.12624949055151,1,Fashion,0.1774835521830401,0.19757209026026645,Referral,1056,0
8,10.0,15.454264909643241,3,Sports,0.39462703744842004,0.1537499323783609,Paid Search,1007,0
4,21.86502010006963,49.2594005707707,1,Sports,0.3122912816351897,0.14415701329907782,Social Media,177,1
4,76.3363272962194,127.78571719470125,2,Home & Garden,0.17948219574961102,0.20870699350376468,Paid Search,335,1
7,16.471507301414107,37.61144598701969,1,Home & Garden,0.42289257341625575,0.558830842913316,Social Media,203,1
5,24.899771865927914,42.24027082868465,0,Sports,0.239340188500291,0.09350771671488385,Organic,116,1
16,46.39471970870575,8.662652984301882,0,Beauty,0.19259000795531886,0.20130565981985735,Email,451,0
12,20.833404311492494,32.73076895938705,1,Electronics,0.1664898933493157,0.6129042318591296,Email,355,0
10,23.290349158067887,29.362912572695215,5,Books,0.15519964631242786,0.3215261055405483,Referral,1323,0
6,19.655551337492305,26.003039560629773,4,Home & Garden,0.09503551144636938,0.41755335482020817,Organic,1270,0
14,21.026351773045135,130.9808433654737,3,Home & Garden,0.23024917858235544,0.3336531138530015,Referral,368,1
9,13.061272858271566,3.6679514138878573,2,Sports,0.1437858184846585,0.34108950133214183,Organic,302,0
5,26.955115371887096,214.8492699015563,2,Electronics,0.23642515168372796,0.42111318633229594,Organic,265,1
11,77.58600410937042,0.49686110739499334,0,Sports,0.05298605140492033,0.21326077113011518,Email,584,0
12,117.4775694507251,174.67686560919648,0,Home & Garden,0.09955472996710651,0.18139584838912837,Organic,537,1
7,90.00383047769374,47.65069196689725,0,Beauty,0.20928311402533117,0.11655140893689543,Organic,53,1
12,36.9718385398076,72.72942110972632,4,Sports,0.49573897003572615,0.722421027651986,Paid Search,1036,0
8,124.84588262577445,12.43125537274408,2,Books,0.16431420385897028,0.0886860664498715,Organic,1639,0
5,208.99023879288868,63.715684520229146,1,Home & Garden,0.27893964036182256,0.5307117045725052,Email,983,0
6,38.28362423753836,128.20271865350054,2,Home & Garden,0.16274253993770582,0.20429986859551114,Email,117,1
7,14.99247667902789,9.013115027920831,1,Home & Garden,0.2600929617913624,0.488228500924312,Email,1094,0
7,94.58976344358912,8.154792741698706,2,Home & Garden,0.23997211863157217,0.6079342962658871,Social Media,885,0
10,12.644365916966049,21.742432765418574,3,Home & Garden,0.34273627018636843,0.24511041581953585,Referral,1655,0
9,16.293935903032082,10.584608081998818,0,Fashion,0.14924166509617187,0.5008810987777008,Organic,663,0
8,10.0,7.035585101900034,5,Fashion,0.15025386901942742,0.4778796780766642,Social Media,1372,0
9,59.25977124908044,68.05170117509473,1,Sports,0.054500907740787606,0.2941408158312151,Email,71,0
11,10.0,14.434675073599976,5,Beauty,0.07329661544701649,0.7093920368235892,Email,1317,0
10,73.27949767523148,65.97945197709578,2,Fashion,0.11205831232308074,0.30888712307100696,Email,76,1
8,140.83005182002773,118.79933269794994,2,Home & Garden,0.21509248698949016,0.27069920148762183,Organic,629,1
10,131.92331805471986,63.33744248627162,1,Home & Garden,0.22498693366747666,0.4938618831275864,Social Media,1730,0
17,12.029274188235828,7.626863478336491,1,Home & Garden,0.2167062165526169,0.23804089347782456,Social Media,1283,0
6,10.0,51.13948882896844,2,Fashion,0.14860075489390132,0.591177881277681,Paid Search,1688,0
8,19.80653299561876,30.015764893947193,2,Fashion,0.452777944795402,0.4028547577357463,Referral,905,0
13,66.91035571769004,25.238160696136127,2,Beauty,0.2560448188779889,0.15415525491508492,Email,1106,0
9,86.75004393931977,23.01031226704069,2,Electronics,0.5206585058892941,0.47937350053864297,Paid Search,945,0
9,56.35097752055364,159.07090000309378,0,Home & Garden,0.04238298047520365,0.0999946498063483,Organic,874,0
9,50.521764849792426,81.40587103616369,3,Beauty,0.07408206747718321,0.5786688751973811,Paid Search,1055,0
16,218.94136398378222,8.621746667216078,1,Beauty,0.08119813218291444,0.5165968869170083,Email,71,0
8,22.59129518537237,38.77644313322861,1,Electronics,0.17246190363985978,0.2508716474968338,Paid Search,339,0
8,17.771922321186395,22.983165867560857,0,Beauty,0.35135227027273447,0.5379946502138728,Email,392,0
8,12.790406001488746,228.83476645472368,1,Electronics,0.34472699528109085,0.3684540082460575,Paid Search,699,1
7,46.822915663439026,229.08183875907363,3,Beauty,0.15063749716716437,0.23307755929854418,Email,793,1
8,28.684563723728722,23.098687108335238,3,Beauty,0.0220425202525461,0.12390420185887742,Social Media,1350,0
9,64.0704495108759,26.042349589226134,3,Electronics,0.33340584956930047,0.63934795716354,Paid Search,302,1
14,23.093714098046913,54.88963926142211,2,Beauty,0.19050396371095302,0.35941620530953083,Social Media,1040,0
11,54.76359671570572,39.15568139168299,0,Home & Garden,0.032257388231008544,0.34721908998940626,Referral,497,0
10,24.35933229114018,14.379312707343082,1,Fashion,0.037265986006134746,0.46679711602748253,Referral,941,0
11,29.07376227122421,64.80135915583669,1,Home & Garden,0.3571790774575984,0.589506890382393,Referral,1143,0
8,31.362340329640855,24.399527164270452,2,Fashion,0.2768610080673362,0.3058946890188406,Paid Search,1063,0
6,10.0,63.629848226505004,4,Beauty,0.1683261441548729,0.2675311326987527,Referral,393,1
12,29.607039217247955,29.03948639062279,2,Home & Garden,0.15782420626399177,0.23802172305566904,Social Media,1295,0
12,51.92052885549187,72.28036172280731,0,Books,0.11867769528829898,0.2811726522287393,Social Media,1193,0
13,15.0219240674067,66.12098934346949,1,Books,0.2771419013971313,0.15528221354419797,Referral,1700,0
8,152.6424341560956,42.65579228285684,3,Home & Garden,0.09627255991163461,0.4921101098334078,Referral,1157,0
8,33.24514005781431,73.19393540491289,1,Home & Garden,0.3147853509479838,0.635327468883564,Organic,1314,0
11,20.05659962492925,37.07856177843428,2,Home & Garden,0.13908389233495752,0.5653508972866366,Organic,1480,0
6,19.573894812562877,7.407280569102196,2,Books,0.1458899328280578,0.2746504011758706,Paid Search,194,0
13,99.12773266338436,12.061370692307952,3,Home & Garden,0.22901204589784963,0.5020710880072458,Organic,1271,0
11,17.1184112715172,16.941228308069352,3,Sports,0.17901252949202168,0.41943839509717373,Social Media,582,0
16,42.03395459438867,3.9189808203862873,2,Sports,0.0859137498418821,0.35441884780785904,Social Media,1502,0
9,67.11643435957912,74.55891385077396,0,Sports,0.05733868811645669,0.4343019485216673,Paid Search,876,0
15,51.59230794095852,27.474091141372412,3,Home & Garden,0.08346108904178397,0.5454096892723752,Paid Search,1060,0
17,21.112349675558892,5.891396899193124,2,Beauty,0.2351946810717331,0.6162290725889836,Email,475,0
6,64.80465212856188,102.8739475510809,1,Electronics,0.03819965121391898,0.48721585364730385,Organic,1187,0
13,37.5105101619829,69.05517761456152,3,Electronics,0.11616886045974464,0.30919940248444827,Email,66,1
12,10.0,36.11335605688904,1,Fashion,0.16024963738046658,0.13718977893413256,Referral,1366,0
10,88.11233061074141,17.05530388879215,2,Beauty,0.23265147761337682,0.5055561977085323,Social Media,298,0
4,20.269784768279457,9.874502071873183,4,Sports,0.043785637151165686,0.4993707546926321,Paid Search,416,0
16,28.775288948558163,36.79079439983321,5,Books,0.034276906538627,0.26242969040189074,Referral,2,0
4,42.41797882467625,129.89773996694552,4,Sports,0.048081100665174216,0.32409210730967186,Email,572,1
7,21.638766506505103,12.524514521472142,3,Sports,0.08864113180021965,0.579225792703668,Referral,709,0
6,60.67466179739376,50.45141095722672,3,Fashion,0.06296504366102296,0.18393782333200645,Referral,427,0
15,13.693587522219222,195.71638737837253,0,Beauty,0.18365423907211692,0.44084515958236953,Paid Search,420,1
10,20.915606288852203,60.82041833381123,2,Sports,0.26024823253715873,0.19777798203717137,Organic,1629,0
18,88.28573663277801,34.78533092230174,1,Electronics,0.22718446450250138,0.4173386739180456,Paid Search,596,0
9,33.791916278226545,75.60571133589526,1,Books,0.05371836572802952,0.290200941066464,Paid Search,1318,0
5,14.218567136625603,104.43361906070575,2,Electronics,0.40790325649885406,0.3362349485416518,Organic,433,1
14,35.26823052665604,53.57149055763007,4,Sports,0.08578145550338062,0.38023058170781465,Organic,1476,0
14,45.664583250723446,123.26497059588874,3,Home & Garden,0.1190281754147345,0.5761102036896989,Paid Search,1237,0
10,10.0,43.365900531450755,3,Books,0.27424171629776595,0.13021627204023645,Organic,1380,0
7,124.39069812221456,106.32764746195151,0,Books,0.12511607193960447,0.6267283674431975,Social Media,802,0
7,138.5904043181371,182.21731141308632,2,Fashion,0.3604820444334373,0.42351670804137115,Referral,1605,0
9,36.45215557229503,41.73823272984815,3,Fashion,0.346804797102622,0.6657068783869267,Referral,683,0
6,28.21728327534573,55.732431440666105,2,Books,0.2782112313590789,0.3519777694710177,Email,1097,0
9,33.72890788538472,56.41465179063866,3,Books,0.38421954389381424,0.17567206859649478,Paid Search,1168,0
10,67.65632107110278,91.24027210619644,0,Beauty,0.2086740341167105,0.39267617301364366,Referral,1737,0
14,47.56453781587052,103.88475430087408,3,Electronics,0.32107497438234456,0.5285335649855228,Referral,246,1
6,40.10024966921079,1.6564142476165018,5,Sports,0.10012305472104553,0.14440887413853543,Referral,248,0
9,100.069411904462,79.31125260956766,1,Books,0.196864183077846,0.2657880331110617,Organic,843,0
8,81.8387652406308,91.89731327797938,4,Beauty,0.1103722806406067,0.08691951326838444,Organic,1675,0
10,15.364644402484425,72.32431768268007,1,Home & Garden,0.4389122968043638,0.6314555681629417,Referral,40,1
12,67.35092692300701,75.0419943422686,4,Sports,0.446161484156913,0.43325532195858546,Social Media,504,1
4,83.204088350776,2.5370624956634322,0,Books,0.09944844827007972,0.3068276957355926,Organic,518,0
12,41.37214212910308,35.0079363388825,3,Beauty,0.33164249642261207,0.24121589666680474,Referral,557,0
10,53.47566731112205,102.28416994674714,2,Fashion,0.057097288689941315,0.3800415815024277,Email,46,1
6,25.8949905548524,163.09252465505244,3,Fashion,0.19363208137606266,0.4826827433255776,Referral,1506,0
7,12.63491247941458,15.640439431751949,4,Fashion,0.5205328278776634,0.5325560253525509,Paid Search,17,1
7,149.87818284177433,51.93513562526914,1,Home & Garden,0.07100428285676343,0.419239522591655,Referral,872,0
5,11.341067354768652,97.87961618705913,0,Electronics,0.10922504606383333,0.2881204279556624,Paid Search,103,1
4,127.10417271461081,83.75829638492546,1,Sports,0.29817165427456627,0.4358644978018946,Email,1457,0
8,31.431191357543643,57.88005231361631,3,Electronics,0.3586061834271662,0.39525407996032463,Email,1362,0
3,89.83293818248876,1.132084569144551,1,Electronics,0.42297702463669706,0.43499492612098856,Social Media,1317,0
10,33.728149679516584,77.21645255994771,1,Electronics,0.08737523702246458,0.4091040866736718,Referral,1343,0
7,70.10040865556152,89.03244773510913,1,Fashion,0.4790212888406647,0.3709173399743434,Organic,1715,0
5,47.42187229660807,76.99167737682045,1,Sports,0.27581755608503716,0.31582116260047977,Social Media,761,0
13,19.384983373572005,87.0971368089452,3,Fashion,0.11848073896514036,0.7158222146081546,Social Media,1572,0
5,36.86621947932205,33.82351695248639,2,Electronics,0.08754719766760033,0.529012312310398,Paid Search,337,0
8,29.537353221882334,304.5310333352293,4,Beauty,0.18548194654602027,0.49196707815705715,Social Media,824,1
10,55.38918543084448,88.3861925820286,2,Beauty,0.1770666558625955,0.42928538736873934,Social Media,17,1
7,37.085756596739415,51.86175909274822,4,Books,0.14358471402488313,0.3153657753996247,Social Media,519,0
9,41.634348310425565,163.26016624974952,0,Home & Garden,0.10852210535545295,0.3479862257192348,Paid Search,836,0
8,14.574927860986952,143.28749356960077,1,Beauty,0.07998267695735777,0.6758844511863915,Email,1659,0
9,11.911382982264254,101.10372002972656,5,Beauty,0.08542405609249537,0.37345885244539645,Social Media,579,1
10,35.04042037356409,49.764813193591074,2,Beauty,0.14511001713239766,0.3688679462122991,Email,1227,0
9,38.292026488537516,44.93240906606804,1,Home & Garden,0.1850359483533612,0.4232989122182987,Email,1522,0
9,14.278375219361026,23.913057836935216,1,Beauty,0.24144739310870966,0.26091148172063,Paid Search,596,0
9,52.31301834522808,17.33120381939205,4,Electronics,0.16689050491102886,0.5037755041384626,Email,309,0
9,54.16503998371265,43.0906115849885,1,Fashion,0.10039052604291207,0.2875461490840392,Paid Search,1079,0
8,37.52122704476125,51.73397677692105,1,Sports,0.13394784988874572,0.22755910512026914,Social Media,519,0
13,33.535040048666275,16.824628996018706,1,Fashion,0.047012871651889825,0.4231810002632342,Organic,1191,0
11,12.013157017340962,153.52707398339686,0,Sports,0.21409395558238495,0.22768807885745176,Paid Search,246,1
5,11.85309804772098,48.88825218450162,3,Books,0.07833242405076374,0.3454610805623602,Organic,277,1
11,45.411580884604035,44.85687679598669,4,Sports,0.06301911881537474,0.6262784248335121,Social Media,1233,0
10,17.074446005456437,34.32360465343146,0,Sports,0.3126373529892956,0.48604224933192797,Organic,1776,0
8,18.061624961511008,3.5895415646662965,3,Books,0.21721312350083316,0.6520746036845939,Referral,451,0
9,41.38960285735761,128.42865546178146,4,Home & Garden,0.24470135937178997,0.20431334011202915,Referral,1303,0
13,169.03773906286716,22.875117972947194,3,Sports,0.2142659425764413,0.33584536121428676,Social Media,971,0
5,24.096030666719827,61.71053822799677,1,Books,0.4797030938528958,0.8364597877723273,Email,1540,0
7,170.8084816786856,56.1029687745517,2,Sports,0.18417969934031067,0.3271266752769499,Email,710,0
10,31.15562986547756,52.694457439810584,3,Fashion,0.03913360437993023,0.2944241814625121,Paid Search,1773,0
11,51.991620639507225,44.75645836724983,0,Books,0.2171466518781169,0.2361079542748709,Referral,151,0
18,71.36253004180129,12.012502592511586,3,Electronics,0.0333352777588915,0.5950421909206313,Paid Search,1796,0
10,75.64217352925837,19.760743684827585,0,Beauty,0.223970757192265,0.2330595972343007,Social Media,1544,0
8,43.43440055986278,44.56395663222296,1,Sports,0.11836488009171214,0.2556955194169962,Organic,1581,0
5,27.55685776848506,93.45128744021528,4,Sports,0.12419834896570016,0.3642922983692086,Referral,1537,0
14,64.22892071365602,33.93686655483173,1,Fashion,0.12254855700080197,0.5555204799070762,Email,1573,0
8,46.48854521201804,13.683528162146676,0,Fashion,0.3161784324589821,0.3903849466784797,Paid Search,1487,0
9,23.366593431356417,5.523261183065038,2,Electronics,0.1237569989861023,0.396209291811422,Organic,1641,0
8,102.23460966188301,65.26230002882524,3,Books,0.06096925113617355,0.4288886701358375,Email,841,0
10,47.74712760598908,33.03014339834064,4,Beauty,0.3998840260732595,0.5017670808254302,Email,1714,0
9,18.18592804805468,8.03732158613471,1,Electronics,0.20572564263436974,0.21564564513618673,Social Media,703,0
13,16.561377150792435,67.33746427906513,0,Electronics,0.15972570191129432,0.48710686518474716,Email,1329,0
10,158.7186756028821,13.959727385543358,2,Home & Garden,0.22932685983821455,0.42909017366019814,Email,1296,0
8,22.32948434514294,42.68063019947919,0,Beauty,0.16229133017588074,0.7961578187507414,Email,1498,0
9,60.48261945477544,21.933252757397543,2,Electronics,0.07745085894896508,0.6383461461083509,Organic,1347,0
10,44.76753036150214,161.0220032098502,3,Sports,0.2056943620461834,0.4180961848816536,Organic,65,1
7,58.859877500822485,15.548636485846218,6,Electronics,0.11776238424525548,0.26459863509330095,Email,1349,0
9,152.8490559367876,32.675202312487585,2,Beauty,0.26046065146252084,0.38565811774719505,Social Media,43,1
5,73.54172005261469,192.37771286126437,3,Fashion,0.1245541636010044,0.4178138747843346,Email,973,1
10,64.62598529620534,23.02737003301704,0,Fashion,0.10185573512531915,0.355681717336291,Referral,1531,0
7,28.289813811564233,62.06952755992066,6,Beauty,0.06201173303412823,0.2570493452812522,Referral,1514,0
4,19.459617657350446,22.85165136389243,1,Sports,0.5304470774087929,0.13180394076790206,Paid Search,1535,0
9,229.4241665205313,7.037550449514162,5,Home & Garden,0.17894708476809643,0.589718061958109,Referral,1099,0
13,32.02545477250603,59.258702901280735,2,Electronics,0.12031971476721909,0.20016687477048978,Paid Search,336,0
5,30.406267613828998,148.63883824140925,4,Books,0.10961482224401205,0.4914438206751417,Paid Search,927,1
12,41.72223850563207,36.15065627622144,3,Fashion,0.01896340473609935,0.3266259968906392,Paid Search,942,0
14,38.59659610985502,59.03829793787354,0,Sports,0.298216196237492,0.5155616175866922,Paid Search,593,0
8,118.41802765950162,56.3272764059594,2,Books,0.4211767317907446,0.13927200551382707,Email,774,0
11,50.992852101277094,32.17780687998934,6,Beauty,0.3120713277108702,0.3001067470212001,Organic,1591,0
7,11.612249635888658,57.25461059911283,1,Electronics,0.06805989994706357,0.17523258865631383,Referral,945,0
6,19.53659857298086,18.011040574164387,4,Electronics,0.10278255372447684,0.32765325710562154,Referral,1286,0
12,33.40038836305843,28.49256767856941,2,Electronics,0.08951825839121709,0.7790113116888944,Referral,905,0
9,75.22720072458998,35.03807442601625,2,Books,0.18853651889508777,0.5747784939860207,Paid Search,1127,0
9,10.0,119.7098547005212,1,Electronics,0.14727530051404455,0.47489336087092326,Social Media,169,1
9,49.161271877570286,25.693285340451666,1,Home & Garden,0.22721646332528272,0.1768754721071335,Organic,1699,0
9,59.44492335202327,60.49400821186211,2,Books,0.10852052887858869,0.6439667954507593,Social Media,796,0
6,67.08048314134712,14.40241784907781,4,Fashion,0.1930648342846202,0.43112022555685603,Social Media,1365,0
11,31.060266729826285,17.46685566502279,2,Beauty,0.20862812183842688,0.4010779533765049,Referral,1217,0
9,76.66090747688544,62.720594545515,2,Home & Garden,0.11485273292338415,0.673317070884832,Social Media,1458,0
10,17.253069086744127,86.20726018539365,0,Sports,0.039794695425483986,0.4283244156025918,Email,64,0
10,70.55509281230307,37.20687256661953,3,Electronics,0.37555144413820823,0.5585771300851631,Social Media,1707,0
5,31.52192257591321,24.487090171918236,2,Sports,0.34865746921372875,0.1464158028786963,Social Media,1514,0
11,34.271307202435665,144.65804747876066,2,Fashion,0.1466405000734668,0.21729389548696482,Referral,1521,0
8,33.967961812793455,8.757605917652036,7,Sports,0.1379633624418373,0.21227031415211253,Social Media,853,0
9,55.706525345934054,76.53118701110846,4,Fashion,0.10688732676624785,0.2114788244292295,Paid Search,1453,0
5,13.683011035682753,70.30403633327464,3,Sports,0.2732401064422157,0.2102597953277683,Organic,1050,0
13,67.23758638274192,70.31844851380941,3,Fashion,0.1810563993749991,0.3411002222061026,Email,919,0
5,66.46594233575728,164.39144372564283,1,Books,0.2819761162361947,0.4738467753241175,Organic,1432,0
6,26.018645172979156,78.15918561026322,0,Books,0.0702910267666647,0.231413953708392,Paid Search,1146,0
8,33.18089073885514,21.53480594138177,0,Beauty,0.05145229486213276,0.43871342862515367,Social Media,141,0
13,16.650552930793534,26.162500772401415,0,Beauty,0.13869609166417954,0.5727281967348045,Referral,574,0
12,13.088052609289878,29.767154992787813,2,Sports,0.25889087363601093,0.3139274120908962,Organic,1135,0
12,38.78105574759109,1.8775943898140763,2,Home & Garden,0.44230819076843253,0.232787098622994,Social Media,1649,0
8,38.98192284960111,146.86380752581127,2,Home & Garden,0.3075537500505726,0.4094597791537412,Organic,1702,0
10,25.288500676693648,4.583880710451677,2,Books,0.2733058058810066,0.11189086269323469,Social Media,1531,0
5,12.184647570156375,72.19723877922341,4,Electronics,0.22976181692935577,0.45327594336039817,Referral,464,1
10,47.734094758020504,78.59578872505777,2,Electronics,0.14498483489726766,0.4204223982614835,Paid Search,864,0
10,24.802803269384086,111.36446036476913,4,Home & Garden,0.14190747350005484,0.20389691726253983,Organic,791,0
13,18.18372275227441,48.360445688100434,0,Sports,0.13619068244496196,0.42336493298281147,Email,801,0
14,91.90409509338231,77.51677111136667,3,Home & Garden,0.08786043093498458,0.4049439481245395,Paid Search,91,0
11,15.178443049089248,21.63434528041649,1,Beauty,0.2932446295841771,0.3159933871288135,Referral,317,0
3,51.91117513842977,82.12707595833518,2,Books,0.22545611536332866,0.43246414588082954,Email,280,1
6,10.0,25.242254520515246,4,Sports,0.05385140173209223,0.1610032902849939,Social Media,1126,0
11,10.496347685136625,139.88283086878837,5,Books,0.056337775272312325,0.44295175671714626,Organic,752,0
9,48.72258725051408,10.703248486334687,6,Home & Garden,0.1999756637054243,0.3600091385830322,Email,592,0
5,25.307242221894047,22.766556919991466,5,Home & Garden,0.07814402695046935,0.8061212422730217,Paid Search,810,0
12,12.999641321062642,41.44134643256147,2,Books,0.11836402203871957,0.2380894133809093,Email,592,0
8,70.80632511362877,89.72653763925628,2,Sports,0.1586555649520107,0.3041729979949392,Referral,1382,0
4,44.5695964991246,82.89013691439052,0,Sports,0.10868471261581912,0.37126971021144095,Email,305,1
8,10.0,14.197810880641724,7,Fashion,0.039021899071669086,0.5992629934484799,Organic,103,1
10,71.34456994486419,9.345617235858771,2,Books,0.195420078001637,0.07875058926825391,Organic,1187,0
11,14.13836959265309,21.741716856604373,4,Home & Garden,0.31109027016339186,0.3650466540653331,Social Media,421,0
9,10.0,39.67033060358711,2,Books,0.2069366428787204,0.2178279172659222,Email,1174,0
13,17.176655879821872,46.462090756095144,3,Books,0.1955728247514266,0.5461916794281207,Email,107,1
11,32.026324389743365,33.636423795494515,3,Electronics,0.1925887015298631,0.26399246321698877,Referral,451,0
11,35.23010814719181,65.27638757045098,2,Fashion,0.37824150623573605,0.21148854493292887,Organic,281,1
10,10.0,33.4707304261654,3,Sports,0.13057402302067053,0.18238605967888877,Paid Search,531,0
10,10.692244724902784,175.49295874583368,1,Electronics,0.3590002491902096,0.31177256450488217,Social Media,600,1
9,18.016272476528357,18.144912278094015,1,Fashion,0.3129200286325581,0.17069283618907222,Email,904,0
6,18.961032433935,59.23049999172286,0,Electronics,0.092953262643741,0.19730538703870656,Social Media,949,0
10,60.91254014089006,56.70887833905464,2,Fashion,0.12305935409000358,0.25259506769475026,Email,1150,0
6,23.791841591567103,19.841614555422797,0,Fashion,0.15480033473765728,0.48994359253621456,Email,605,0
7,59.98556771058837,31.829833279247303,0,Beauty,0.3381509462374799,0.52368651275333,Referral,971,0
9,79.57180875788828,27.292584945913873,1,Books,0.2778470007753855,0.39120752480132115,Email,1806,0
7,51.65238663224548,11.360702148279787,2,Fashion,0.157432348640864,0.570030878500111,Social Media,385,0
15,10.0,38.924306063000635,2,Home & Garden,0.19671856280898883,0.38708603034093453,Social Media,279,0
11,25.965960891316396,29.33037125478399,3,Home & Garden,0.16056443299725734,0.1909636426569644,Referral,1537,0
10,28.990128447430692,11.784062476912554,1,Home & Garden,0.34113450739611895,0.6758831619551016,Referral,749,0
11,31.704574589581973,35.857135517722114,2,Home & Garden,0.24579641887642673,0.3691454558553419,Social Media,1545,0
8,10.0,32.874689737833386,1,Electronics,0.20164910875357123,0.5470206974577163,Social Media,775,0
13,17.970500863110434,8.4499827065592,2,Sports,0.11705133472443273,0.42024489553805483,Email,40,0
10,11.136239738253854,8.43767942953821,2,Sports,0.3523138225358814,0.4055375582792744,Organic,684,0
6,15.78010419563809,62.56353556088664,3,Beauty,0.2363372947896612,0.2951782088712221,Social Media,1113,0
7,26.92482809286808,73.56917950907199,0,Fashion,0.2121764670972868,0.6700488027526411,Paid Search,817,0
10,18.297380670270808,169.99682908568906,2,Sports,0.1510100062761399,0.5423058417953163,Organic,838,1
8,16.73646629570338,5.461472149001087,1,Electronics,0.19979164037598432,0.12716960825459275,Paid Search,1821,0
12,28.265004421090783,7.524371831078793,2,Home & Garden,0.28837438847587726,0.3483392744997028,Organic,993,0
5,22.33676034480141,3.1925368511895225,2,Home & Garden,0.18803418434157218,0.5349943935627933,Social Media,1272,0
9,38.85170361409033,45.586512127919804,2,Home & Garden,0.08728547921035133,0.2554694390125369,Referral,1316,0
5,23.66778988338846,58.49029240059454,2,Sports,0.04121105558501013,0.3591719005617438,Referral,1,1
10,10.0,31.00292124680286,0,Sports,0.14076022045757475,0.39032495319773697,Social Media,1008,0
10,14.514296728633456,95.94021864298398,3,Books,0.39933776242625096,0.1966224372392807,Organic,1757,0
8,25.47148170508439,69.63553685077386,0,Books,0.13990284576837964,0.31319558553758414,Social Media,1370,0
10,23.141316796460234,255.44183514264222,1,Sports,0.022688678258369226,0.5087942387412254,Organic,621,1
8,10.68898940584455,8.902691197218365,2,Beauty,0.29896390751346846,0.6821567023488567,Social Media,665,0
13,56.89823584163746,3.6051096429390714,1,Beauty,0.3180887529700074,0.411509882032015,Paid Search,554,0
12,42.51167584185673,19.278774590106465,1,Beauty,0.10925423710032553,0.42792201882309266,Social Media,1150,0
8,20.478303810847578,1.1540392935123875,2,Home & Garden,0.23277091183227025,0.15436001529602392,Organic,178,0
10,29.05083973767716,161.83678970131285,1,Sports,0.25512908974804277,0.23030945879139902,Email,529,1
12,14.048297066764937,21.7401699091124,2,Electronics,0.0794813551899101,0.2572310458385797,Referral,909,0
10,65.52647724304711,48.23536211889375,1,Books,0.10091677041888746,0.5065654945418319,Email,977,0
9,173.32081257202785,22.96966364079355,1,Home & Garden,0.30240679431779843,0.8097595158980446,Social Media,1108,0
5,19.773258623193097,16.926547571358817,1,Books,0.16966354147526672,0.8486918132823309,Organic,1455,0
11,88.15934177241746,9.91829008417985,2,Beauty,0.3201816272623009,0.3915111486537088,Referral,298,0
11,16.632626812725512,23.172044626835405,2,Fashion,0.1875999759979621,0.22055815618521854,Social Media,411,0
10,21.637563042728463,57.33604008410564,0,Fashion,0.3560029161399233,0.27602689295384397,Email,1592,0
12,104.26671519936187,213.7267728258924,1,Fashion,0.19732950335174027,0.5919364979148016,Referral,1517,0
9,30.088070686517366,48.99921928280182,0,Beauty,0.304667904435164,0.3908555310454714,Social Media,1499,0
10,57.373753886390034,45.64819382934044,2,Beauty,0.18478594440342258,0.1971503915198153,Referral,381,0
11,26.6937985120043,2.153986344938653,4,Sports,0.2537853618079523,0.6380910528345917,Paid Search,107,0
5,10.0,109.99203019420818,1,Books,0.06394279525864272,0.07931483545724162,Referral,955,0
12,214.84770804412236,2.7526711689250227,0,Electronics,0.126164746102946,0.2271709655793043,Paid Search,1587,0
13,27.84299706899297,142.01607334648313,2,Books,0.14388799477679529,0.4019050406127333,Referral,434,1
9,37.5207470861267,46.41872381408161,2,Beauty,0.12962421283074477,0.3366697957053495,Referral,1650,0
8,18.429964107030564,11.069029144794312,1,Beauty,0.1633529548400651,0.3549932479318985,Referral,259,0
6,61.812480822543534,36.05677070072465,3,Home & Garden,0.3010475671688047,0.44755455646588627,Paid Search,544,1
11,58.28058663067609,317.71309861363335,4,Sports,0.010868868333823318,0.1852825972671815,Social Media,545,1
9,10.0,21.837759125870637,1,Books,0.059459594310708457,0.4979566995308034,Email,276,0
7,37.97316286566374,18.83825852714528,2,Sports,0.28434436624539383,0.6014178978624624,Referral,1592,0
5,66.79851181131886,7.534194403160638,4,Sports,0.10206453940108226,0.35103376240694506,Email,753,0
11,86.51774118726509,54.55032013436251,1,Electronics,0.32853248708451266,0.5056717983301375,Email,348,0
7,55.54309365924764,5.607695305085378,2,Home & Garden,0.22418531250227663,0.5518707796551023,Referral,269,0
8,59.58893929872164,87.14811749516421,1,Electronics,0.0183452045277867,0.09133367733952447,Paid Search,768,0
8,21.49725032291467,150.96416248511204,5,Beauty,0.05920939878261797,0.5812463901903387,Organic,32,1
12,12.388505147542778,161.18123667316004,4,Electronics,0.19695027117110359,0.41879081085359116,Organic,221,1
12,25.823913644969814,6.851715834031536,2,Sports,0.36494855614911603,0.3998086430879069,Organic,7,1
6,12.165300655283865,49.022381107020166,1,Sports,0.13640808527436843,0.2384618711277132,Referral,45,1
7,18.334327661875477,6.129263306994432,3,Electronics,0.10481676463934886,0.17493794857953432,Email,1820,0
7,18.116410114583744,50.92018787159277,1,Beauty,0.07996570186037992,0.7511321951623343,Organic,819,0
8,15.602581513123138,101.23767087582351,0,Fashion,0.47889971599353237,0.31103925281917,Referral,1330,0
9,50.69508704980791,46.30417781199627,2,Fashion,0.24187647899583453,0.15568949010544988,Referral,1345,0
8,14.728997787148788,123.36873719776844,1,Electronics,0.2023246751634293,0.4523765242860326,Referral,1606,0
10,143.80588225900706,97.070695608144,2,Sports,0.06303355946961695,0.2953106965153211,Paid Search,190,1
10,73.06285018076362,19.42329377882897,5,Sports,0.06602539537472253,0.34788195613126843,Social Media,959,0
10,85.76362689433118,59.671725106999425,2,Home & Garden,0.1784472864748389,0.3655068979770703,Paid Search,587,0
12,19.080655009989652,0.4463839670684719,2,Sports,0.14700287200582096,0.2964570041606045,Email,1001,0
15,38.8705638901579,30.255028840921064,0,Beauty,0.41592345141209563,0.3702268934939895,Referral,606,0
8,14.377784109534637,16.30538708476398,2,Books,0.2041916198120867,0.19953966749370172,Paid Search,335,0
6,39.40468174617079,165.9881412578291,1,Beauty,0.31865043273419447,0.4331764079437209,Organic,1228,1
10,10.0,31.190873308387182,2,Books,0.1274917538798265,0.21230561603948125,Social Media,71,0
12,77.46587412624963,63.69016383462284,4,Sports,0.38293711917690965,0.2371903148008274,Referral,1634,0
8,19.768380977373113,79.00198072273584,3,Electronics,0.12423148203814578,0.24165306257381616,Paid Search,267,1
6,42.19390888532638,89.02451963091929,1,Beauty,0.19702612965270563,0.20847132764103773,Organic,1123,0
15,48.94901865284235,79.85729956840505,1,Beauty,0.12954494254402327,0.5078706679665272,Organic,1376,0
15,21.260029568378314,20.47890176511572,3,Books,0.2672291694549089,0.49151038248179324,Paid Search,134,0
10,17.485837313613168,69.51467465980852,1,Sports,0.21271779799766302,0.26168185612857264,Paid Search,1648,0
13,30.079197268211548,47.77853788033739,0,Sports,0.07634127579556942,0.3565029051804928,Email,650,0
11,62.95200099548052,54.58463228421142,1,Books,0.20484186043131944,0.3621319986996117,Referral,1819,0
13,29.441688822280586,0.04889695738431692,1,Sports,0.20021857004984378,0.4370484051208854,Organic,126,0
9,53.643817713814386,17.925196031285214,3,Electronics,0.19589399650284248,0.3185197873945405,Email,1308,0
11,62.50666751754676,160.14450862958603,1,Beauty,0.40961319079153335,0.35454859205756906,Organic,294,1
9,28.3900205573877,20.555848456458225,2,Fashion,0.07018555805379285,0.3339485295741596,Paid Search,735,0
12,30.26097107467444,34.57686294786969,4,Beauty,0.10674151975691028,0.376400658111952,Organic,809,0
10,37.0047359459016,12.397394634384618,5,Books,0.30993212191365604,0.19939151037107736,Organic,741,0
9,82.59289835227862,8.951956132422046,4,Books,0.25882701031722943,0.44107336928031066,Referral,616,0
15,25.16300158414161,14.042334087831094,1,Sports,0.4210323176121553,0.149290371807892,Paid Search,1400,0
11,82.28595365705355,48.398753819006345,1,Electronics,0.018877761220042165,0.31771454169760116,Organic,1496,0
8,40.613558397762674,150.81959446495273,5,Books,0.3521228060532024,0.5067271900549133,Social Media,613,1
10,18.36985954290987,23.689243852681642,2,Sports,0.3001085491673223,0.4772161077677292,Email,881,0
9,32.02141568187703,23.441206553641933,2,Sports,0.2999581722541264,0.24281511567113448,Organic,770,0
11,13.510846020863887,49.82613207711245,1,Beauty,0.14468416919016489,0.16667720153980242,Organic,1083,0
11,11.281838075033352,26.4726304061955,1,Beauty,0.20575545114400431,0.34013645037455675,Email,275,0
11,53.81108026499196,144.75474492041832,1,Sports,0.16092265580478488,0.6046061056548807,Organic,1470,0
7,62.69082699676,28.474254698805826,3,Home & Garden,0.24448346717519645,0.1374851169086086,Paid Search,1454,0
13,32.252030512847575,40.45272547613637,1,Home & Garden,0.39762688299812926,0.2907350278282404,Organic,1077,0
7,34.40304555062624,45.73559720742555,2,Electronics,0.155782710716878,0.2147544914357201,Paid Search,1361,0
5,20.875768118506326,91.41427508379036,1,Fashion,0.10902725650737868,0.502037133467918,Paid Search,1804,0
15,37.93611421729236,49.79383941681896,0,Home & Garden,0.3655527313129387,0.3817505158574045,Paid Search,1683,0
14,161.60951376973634,16.39954517169706,3,Electronics,0.5198074668661415,0.34665535353400656,Email,1116,0
10,74.27373398258037,7.942475030675257,2,Sports,0.015451393382345809,0.4619883454871386,Paid Search,933,0
11,31.160589423646407,166.61946874345836,2,Sports,0.4097869426837208,0.7107110147666624,Organic,975,1
5,29.062495142020122,97.03701495406503,1,Fashion,0.16091658194785777,0.31973792384551025,Referral,852,0
9,24.50524548794029,1.3939811317129123,0,Books,0.2455027076686509,0.19004732324507972,Paid Search,876,0
5,10.709659758000893,103.39974408658642,3,Home & Garden,0.40717498024612875,0.32987807390876206,Organic,1336,0
7,22.50347456090732,53.58343302981753,3,Home & Garden,0.36631625027878734,0.6559140111391114,Organic,1810,0
12,56.79142999664508,43.90008884792574,0,Sports,0.1993107310447318,0.20386217849639082,Social Media,83,0
6,15.711381550266747,0.738274242972039,2,Electronics,0.21140887333261413,0.31514819830789115,Organic,420,0
12,26.468468141078375,91.08377967877793,1,Beauty,0.18206675813283224,0.2433579872149244,Social Media,384,0
8,13.53738457844857,13.24366437241766,2,Fashion,0.4664254679673192,0.1608933981337698,Organic,1520,0
13,62.075768036994425,78.11304875591327,2,Fashion,0.10186743925201232,0.17954363642219986,Paid Search,766,0
6,11.958169649716853,0.959729756374506,3,Books,0.47329479693957144,0.41878352523611145,Social Media,958,0
4,53.20446523475124,95.48222197896581,0,Books,0.24237180769352648,0.3265882345601585,Social Media,856,0
9,75.40793348090496,1.3985415151702711,2,Beauty,0.1486425998007152,0.44466584602885306,Social Media,1558,0
10,25.566919869227252,16.14283930344429,1,Electronics,0.040338592633511784,0.4708706568325556,Paid Search,912,0
7,19.114768719153528,18.741294540304473,3,Electronics,0.1823208998308422,0.21778928025116126,Referral,1219,0
6,48.428784725206015,10.283512185245327,2,Fashion,0.12589628628277197,0.45307920800645834,Paid Search,36,0
6,119.3356506622114,39.35781201006431,2,Sports,0.2698007551892996,0.45426738668128536,Referral,1191,0
10,96.86730466866086,20.01836378208937,3,Electronics,0.09356490655618305,0.615436788653139,Paid Search,440,0
8,31.217899960389445,300.2312816101952,1,Beauty,0.3565841935766398,0.6832071481691311,Organic,1582,1
7,16.337350765206157,52.045576137245035,1,Electronics,0.13899562977255805,0.08091873024636367,Paid Search,1371,0
10,27.503850822596508,50.148739847544576,3,Books,0.34213426410281617,0.5364748301039305,Referral,200,1
11,10.0,14.974613499979412,2,Books,0.5197391413419159,0.5351518710753275,Email,189,1
7,21.23043786175061,31.524834911201282,1,Beauty,0.2155449851886096,0.2942933729248034,Organic,535,0
9,47.48608670002132,7.941844066059308,2,Books,0.1292380026821453,0.3643801674612258,Social Media,230,0
7,24.676079491970693,86.26264982779273,2,Sports,0.17325342617910441,0.3162880099466729,Paid Search,1351,0
4,20.483930239366366,24.13255699757103,3,Fashion,0.03385182949018921,0.06362862055074703,Organic,1800,0
12,31.67757814263767,83.65132642383652,1,Sports,0.10773179198394951,0.41846474024203034,Referral,1196,0
6,26.696085566484488,27.88386918574623,3,Books,0.37813117728636975,0.32246472735708026,Social Media,455,1
8,60.60603722841063,269.2818553963858,0,Home & Garden,0.4400536888806232,0.24266161165111047,Referral,1030,1
14,11.456932892571546,11.260910652311397,2,Home & Garden,0.13149469474366693,0.29524443263479627,Organic,1470,0
8,50.459652255040254,0.09150337143522863,6,Fashion,0.20900447852891801,0.3247529125127811,Organic,1756,0
6,31.915420918847673,54.206252555894906,1,Books,0.15054154133648084,0.42650126871224214,Organic,10,1
6,46.87209591363794,183.39674579298895,1,Beauty,0.1830401110222562,0.5645291911545856,Organic,956,1
4,10.899516343173278,62.4864218291826,1,Books,0.22957710277967397,0.6421340165082248,Referral,827,0
6,67.11697938683464,5.3773357047927455,2,Sports,0.3012409706100837,0.25386997166872155,Email,757,0
10,51.13312036717616,46.654418692769966,3,Fashion,0.17857409808874064,0.24750228210680955,Organic,919,0
8,126.28812572549369,144.13566519748218,0,Sports,0.21651838006755877,0.37814322789833016,Social Media,736,1
11,17.010154293719214,0.3916394752916935,2,Beauty,0.2885739587668065,0.4139330095917901,Referral,628,0
7,20.739064954695614,10.95697533712479,2,Books,0.21649202627464667,0.3923011711665168,Paid Search,210,0
11,10.0,101.10193745000731,2,Beauty,0.1979575763721029,0.4351772405085382,Paid Search,912,0
12,17.13496861792756,134.60641293603513,3,Electronics,0.359431750775553,0.4443404784054063,Referral,1498,0
9,104.31793697620573,73.68786086208287,2,Home & Garden,0.3840600358445364,0.10448503006955526,Referral,192,1
12,41.93204329043287,286.48754154999557,3,Books,0.09408054429220314,0.3475052122760742,Organic,1348,1
8,18.521171223866023,5.672879573268546,2,Electronics,0.25987756763113995,0.1632612172300783,Referral,489,0
11,36.83590646411692,47.33674886873959,3,Home & Garden,0.23002031038116172,0.25429632439020516,Social Media,696,0
8,31.524331122607826,69.30995320782696,2,Electronics,0.2160306051469145,0.27818263030788676,Paid Search,1803,0
9,10.0,72.76965764257358,2,Fashion,0.6278319693441394,0.10280958704796316,Social Media,1232,0
10,10.0,94.64282204345797,4,Electronics,0.11372228112086977,0.31888817185260326,Social Media,1312,0
6,80.27190627979081,149.7891584000477,2,Beauty,0.23606078313243017,0.4323485202230695,Organic,1099,1
8,59.69740853697383,26.931309362006566,0,Electronics,0.04514155274197831,0.3581218459418047,Referral,588,0
14,10.098390541631154,2.6348181738680636,2,Fashion,0.1535285424291907,0.2250742915491541,Paid Search,1232,0
5,29.919384338407657,27.00659349363361,3,Electronics,0.13886726752376455,0.4449145716415856,Paid Search,835,0
10,18.679676857887884,66.81407147505264,2,Home & Garden,0.05064393017081509,0.5680540044377702,Paid Search,1518,0
10,79.12827045056812,14.40640350164006,2,Electronics,0.051486173285430106,0.510690682256683,Social Media,1042,0
8,47.37313720749996,99.63533140419548,1,Beauty,0.3732866949490814,0.2910480248926574,Paid Search,1407,0
10,13.685214776580525,14.889565656362334,4,Beauty,0.27072421484752573,0.39481131648346385,Paid Search,1548,0
9,36.4591577184168,0.6068628427551325,1,Electronics,0.04449353225607286,0.4659216682218644,Social Media,1498,0
7,32.04404665340325,42.56644507315429,1,Fashion,0.11011335941517773,0.2979121535642984,Organic,734,0
8,32.11433335908544,77.77878961435907,0,Home & Garden,0.14997899369295578,0.3835883201242787,Social Media,673,0
9,22.018973025961166,25.815168677693137,1,Fashion,0.10521697919610241,0.5592182268565317,Social Media,1586,0
13,33.77970854569586,82.91323708259723,0,Electronics,0.21038658848766653,0.3813082234759421,Organic,262,0
3,16.766521885271917,34.61838862513518,3,Fashion,0.1856304934524815,0.5224408616615598,Email,510,0
9,12.803949452786021,11.303851133505638,6,Beauty,0.09813478600208553,0.2602534200499796,Email,221,0
7,12.21618867459313,5.695469242323891,0,Fashion,0.10512344851080063,0.329605484732897,Referral,77,0
6,14.306532960106868,74.39406690407796,2,Electronics,0.04704679544449197,0.4223667003931303,Referral,1124,0
7,46.42446130432039,29.237756603044257,2,Electronics,0.2996536551351001,0.42511300110344535,Social Media,1644,0
9,47.44530007398526,146.3550100046504,6,Beauty,0.3788544287873382,0.44718467435792375,Referral,237,1
13,106.52931812042033,46.62500510627732,4,Beauty,0.04259817297849802,0.2007583553110672,Email,1452,0
8,27.583692706596334,25.702449312709742,0,Beauty,0.04233387390787447,0.5420822966623179,Referral,692,0
8,58.03970560586215,25.75390199009591,2,Books,0.20146496774735467,0.15750928220544583,Email,1128,0
6,34.386020141593654,8.454969140389633,0,Electronics,0.4768792513671652,0.33428321540696504,Email,1394,0
8,42.0844614646012,54.05297568290822,3,Electronics,0.15420049555840837,0.5407442064662611,Social Media,1296,0
7,63.22463022905615,52.36042631376834,2,Books,0.07249397346275648,0.7457788205726555,Referral,250,0
13,52.75389795259086,96.56438235683719,2,Home & Garden,0.24624831294301205,0.16553220162291568,Referral,211,1
12,36.11657827006733,13.47845248965731,2,Books,0.5428842394895222,0.17594004702901786,Organic,1686,0
4,20.269945352626642,20.616186022243156,3,Fashion,0.2571999453749818,0.580419808515858,Organic,145,1
13,41.290759221356325,6.137777517782051,5,Books,0.15390868725127077,0.42411759393691506,Email,399,0
3,98.63645659317484,21.002579238033295,3,Beauty,0.22342416155105066,0.431124166587458,Social Media,800,0
11,38.101967370281535,33.527689655148514,4,Books,0.07537069549318938,0.42057803127302673,Paid Search,1498,0
9,24.13654952690294,199.501542376232,2,Home & Garden,0.22846662763194825,0.8634367775626468,Referral,1100,1
6,63.887277556282136,63.51724362849938,2,Sports,0.15973237918998462,0.26114160010414056,Referral,1042,0
11,10.93426337020583,91.63662752275343,2,Home & Garden,0.28624808860335055,0.6609958671075273,Email,1263,0
8,24.82961756528456,23.627895544130272,2,Books,0.27125838144921516,0.23260722908245993,Email,1464,0
5,15.11035187964305,9.365049764642382,1,Fashion,0.2851301875735558,0.3908520864210787,Referral,425,0
14,30.048450499452166,17.800942589998407,2,Fashion,0.21537454453188984,0.1994362888164418,Email,35,0
13,89.76399972718316,17.780583524764925,4,Sports,0.34995495044479435,0.4431298458004284,Social Media,233,1
9,55.296173443010076,52.496739725150945,2,Electronics,0.37563196794893616,0.5297066901339412,Referral,302,1
13,10.0,25.06481522535521,0,Beauty,0.11798370443949202,0.26393882086295517,Referral,74,0
5,20.186794323899274,116.8622284218841,0,Beauty,0.08425390180871847,0.5310164536543189,Organic,1364,0
8,10.0,268.1572196523605,2,Beauty,0.23675266606939677,0.4984738276670488,Email,1615,1
7,77.21790363232896,25.231533442716515,1,Books,0.1867644304259993,0.305629060341014,Organic,1297,0
13,20.78073318239952,73.25905566606512,0,Electronics,0.40761022467791164,0.21396377203290842,Email,345,1
9,35.18832166305224,64.28666671034492,2,Fashion,0.25359388117842163,0.47818048767162086,Paid Search,1107,0
9,36.570208694730226,12.974730437081943,2,Electronics,0.26731939287411166,0.622591085116669,Referral,950,0
10,39.043801679063066,150.06845112582772,2,Home & Garden,0.2700269477118095,0.0942661595483164,Organic,1496,0
10,10.0,13.346821675707222,5,Beauty,0.4140285048933347,0.31066125637361863,Referral,1719,0
4,44.20783117574054,80.12629575800385,3,Home & Garden,0.01204102840503128,0.393684439442035,Organic,1356,0
6,21.35379656389501,25.626731282488993,1,Sports,0.027760754345639915,0.31605175250229434,Organic,935,0
7,65.14665447999964,27.444823378495368,2,Electronics,0.2100751375323413,0.6136472957527372,Paid Search,933,0
9,38.947283057442725,36.46762645244706,1,Sports,0.024636579931351887,0.34688411140693826,Referral,1474,0
16,54.89150921262474,119.93055114189076,1,Home & Garden,0.25053351748872926,0.6272523159493149,Social Media,224,1
5,18.494401781593304,9.06695327399698,2,Beauty,0.12412582879600621,0.2026873694514631,Email,280,0
13,13.421596784299666,3.36689891964512,1,Home & Garden,0.08846724140606858,0.3925855729265024,Referral,627,0
7,67.51025267673904,30.8539671848644,3,Sports,0.0992832051108525,0.35504770230717025,Email,1363,0
11,51.97296107005602,3.4313817464272236,1,Home & Garden,0.34379868398563895,0.084823752962298,Social Media,121,0
12,39.55814150129577,69.80842126253707,1,Electronics,0.11261251705840254,0.3374183247051542,Social Media,629,0
4,39.51267553747842,85.70830518338514,2,Books,0.18307266445208226,0.3778017987772156,Email,582,1
11,46.36301657512917,115.74240099655776,4,Books,0.09136357223032958,0.5373012682556276,Email,886,0
11,11.777521138670235,81.71770774282443,1,Home & Garden,0.16690104259916078,0.4705334994374691,Email,846,0
7,78.29269866211322,148.8678307613069,3,Books,0.18208640680810706,0.13243419220936214,Social Media,1304,0
3,29.27562940366028,82.7713102447133,2,Books,0.12298030359071642,0.696053088920243,Social Media,1142,0
8,29.951213943794336,165.00328606111682,2,Books,0.06037559710023736,0.5402898562271388,Social Media,1647,0
5,23.700768181098507,12.874134695936412,4,Beauty,0.23888314724300877,0.27947784317441327,Referral,330,1
15,10.0,41.572409025227635,4,Beauty,0.033769396854896515,0.2638402365203073,Email,789,0
16,52.46559663072176,306.2697286178617,2,Home & Garden,0.4463540199183256,0.4770045863132209,Referral,730,1
8,14.898928897591295,68.66269831167645,0,Books,0.16415244965666212,0.5413607732789049,Paid Search,206,0
12,36.1055502708469,126.54018936940892,2,Sports,0.10053661685105666,0.3981645536811941,Social Media,301,1
8,17.18145533606009,1.8519157762577234,2,Beauty,0.08735348280081792,0.2635230009187539,Referral,615,0
12,25.15808659090109,123.23012304636576,2,Sports,0.39647750706096585,0.1187111107045294,Social Media,1341,0
10,24.063052084955586,71.78274946510979,1,Books,0.3741927428971014,0.3412742561702571,Organic,274,1
12,16.866451598756278,11.234409244252864,0,Fashion,0.29665904271667687,0.24361519745655397,Email,484,0
9,27.640534399434443,1.5609881301400599,1,Fashion,0.2014935759475505,0.0925466255401622,Social Media,1234,0
9,22.539560202657558,18.060352737399505,2,Sports,0.07418766568506607,0.6356242983689688,Email,1089,0
13,14.40576003306198,148.45464037603298,3,Sports,0.19952790322099853,0.47602566326654805,Referral,191,1
4,84.63065854265258,66.1812484815719,2,Books,0.1351303714608357,0.37276987837468933,Organic,1722,0
12,17.441417200585448,151.1468622279868,0,Home & Garden,0.06931108499642596,0.26986656432553946,Email,271,1
14,51.91767053685878,35.451767990834355,1,Sports,0.2960968929614664,0.5795120899033535,Paid Search,113,0
5,56.51979250275757,165.52313271170487,3,Books,0.0619751408777579,0.1335113183776557,Social Media,555,1
8,69.34858863461064,37.30094134196812,1,Sports,0.11350170137838952,0.19550980125493223,Email,49,0
13,21.404739539557333,13.708568994067655,3,Beauty,0.08521822480387586,0.6827437011238919,Paid Search,57,0
9,28.247595972459564,9.849578661801257,0,Sports,0.12967837208053523,0.23420412068776136,Email,1056,0
8,28.954530646495286,305.106787956648,3,Books,0.20097687543897047,0.3285154043643675,Referral,1629,1
15,50.48981269967799,24.375564941927212,1,Books,0.19221718915490493,0.4775331498982079,Social Media,735,0
9,27.278567961043223,10.464990870920932,3,Electronics,0.2015943831151607,0.5752855505995399,Social Media,552,0
7,47.788445693379934,0.5066388700442365,3,Home & Garden,0.3926496218122051,0.24385532172687166,Paid Search,1669,0
9,26.987300897142774,20.17617901708092,2,Beauty,0.20029916728254943,0.3078564752934461,Organic,113,0
10,80.94394932290851,131.95631785355818,1,Electronics,0.1780650215753273,0.3356595049075413,Organic,864,0
7,32.80580489976999,45.8153787905976,1,Electronics,0.2187080610342892,0.20306884075542914,Paid Search,461,0
6,29.794506129206546,60.051314723994494,2,Electronics,0.09966950924266066,0.38884509914195614,Email,697,0
11,43.44979852224508,153.36439306666665,2,Electronics,0.357044603535166,0.49745139173345926,Organic,750,1
11,122.53543307828137,43.14974997962517,4,Beauty,0.13642709418156718,0.36864115633030015,Social Media,995,0
7,20.406465317660814,109.31327286212932,1,Electronics,0.24885295948350147,0.5209040823674254,Paid Search,827,0
14,76.06133058298002,23.478936196968128,0,Beauty,0.10091513957915546,0.3025134680679464,Paid Search,1803,0
6,17.217581305236898,226.60198311053603,3,Sports,0.3043922760438093,0.43325354593691207,Social Media,47,1
8,34.297186279803654,4.925590284602078,1,Electronics,0.09529125201337081,0.2996586957129132,Organic,1382,0
7,17.534659492421696,77.42186796925121,6,Books,0.30645216350265053,0.26691073526181036,Referral,94,1
20,24.605017566984372,64.82859595417051,1,Beauty,0.031085281436477905,0.8718268491115387,Paid Search,787,0
6,19.24330389391595,12.767205054969024,2,Home & Garden,0.0903219961584734,0.33573719450506323,Email,369,0
12,57.89170098092972,29.544181881758682,6,Fashion,0.5576868056707286,0.6411817584691342,Paid Search,1725,0
12,22.246944834173636,22.510336762450617,4,Fashion,0.2942181683484639,0.2802078209729213,Referral,1318,0
9,50.61083132962707,5.955607544726955,1,Sports,0.1273000481734643,0.28752041141513074,Social Media,845,0
14,21.726589258135544,52.73796606533986,1,Beauty,0.1569991538038555,0.2959601115436668,Organic,1737,0
5,32.96905244083763,303.74583875012553,1,Electronics,0.2805421551572038,0.24855076925367578,Social Media,1316,1
10,106.28017662532528,49.20269680946814,0,Books,0.17657359391279798,0.2561122168896946,Social Media,1737,0
13,18.239817599055236,47.28175482914439,1,Fashion,0.3729773263236153,0.3041741811189636,Organic,1286,0
12,18.51863246085361,2.4689295850981745,1,Electronics,0.09768176039469825,0.4858450156868077,Social Media,142,0
7,27.19500232943368,8.994995012110959,7,Fashion,0.21236845703422844,0.3900974105289366,Social Media,1125,0
4,32.65293815442511,43.19646792461712,0,Fashion,0.2134290755615567,0.4860634505940752,Paid Search,1789,0
7,54.41519006472442,252.70084680847285,2,Electronics,0.24305181682335486,0.47273383769941907,Email,391,1
6,34.274029655084995,125.54321133314136,4,Home & Garden,0.15838316654216303,0.3331809930167862,Organic,1446,0
9,40.292190745399914,24.949940684089043,2,Home & Garden,0.14948240405424937,0.20896115150954642,Paid Search,337,0
8,13.151528669652283,46.9848718298618,3,Sports,0.19103220332191778,0.5192773629141005,Referral,825,0
5,42.150848843001874,48.27184420242663,0,Books,0.4297570380193845,0.3888850339774748,Paid Search,155,1
6,43.06199001943888,69.3796859017781,0,Electronics,0.13427768449262545,0.25654038610907276,Paid Search,622,0
12,56.67199493229499,69.84322495788727,4,Fashion,0.3456117857709407,0.43948024710264144,Social Media,1416,0
17,25.465343834282994,93.5796051372629,2,Home & Garden,0.35442375064890375,0.20857968402738397,Email,83,1
12,32.93752823036528,1.5172854187630789,2,Books,0.34036883670402135,0.7939377296747447,Paid Search,585,0
8,58.269885136031064,172.60253712215453,0,Beauty,0.10831899105971234,0.11502837300770527,Referral,1149,0
18,14.197791486216586,4.358244670675442,2,Books,0.12820066377879752,0.3131592508375641,Social Media,1731,0
10,10.0,38.79415185639724,4,Electronics,0.2652631384489239,0.3404771148569374,Paid Search,448,0
11,13.637738476647417,151.22900275694698,1,Electronics,0.3308195628396297,0.24407638697258946,Referral,316,1
11,19.856752709631785,40.1270427078675,5,Electronics,0.24563011098007392,0.22362491177925803,Organic,372,1
8,78.09490901061383,3.945112808517814,3,Home & Garden,0.27860057747875633,0.40089753318295024,Paid Search,432,0
15,167.9055550371084,15.62269581773139,3,Sports,0.06895176471386945,0.414679277087189,Organic,1165,0
11,15.99771089031219,51.859872208187156,1,Sports,0.09198331089333527,0.5647981538746559,Organic,1822,0
8,30.95845322898279,5.51781393950746,4,Sports,0.07844433007173142,0.29697901289797646,Referral,956,0
11,21.726088074131646,33.06531762069408,1,Books,0.15933094522158633,0.33756329538593793,Social Media,496,0
9,48.66480502073791,23.94750884913498,7,Books,0.2279520876415091,0.4358860823043459,Email,1363,0
18,41.42632445600613,101.31134380389763,3,Home & Garden,0.11415807159334572,0.4287144643212491,Email,289,0
9,16.423821464463064,7.000924353966278,1,Electronics,0.35700426399461804,0.328243267509984,Paid Search,55,1
7,20.14759440318496,68.89307419362193,1,Electronics,0.30549015976761623,0.4090484593578562,Referral,1105,0
11,29.535223227712123,31.312089209542442,2,Fashion,0.3592853202084328,0.2637741644218782,Organic,384,0
5,88.60624898595118,53.16761809044363,0,Fashion,0.5016950797408843,0.5759617517735411,Paid Search,729,1
10,19.628202873619017,13.804937018144905,1,Fashion,0.10111642676089742,0.3660427066323232,Social Media,422,0
10,10.0,56.4509427410806,1,Books,0.2075478471927604,0.09324520819617077,Email,1675,0
12,93.91762836244317,67.24737474838318,0,Sports,0.12397300773698208,0.39643066395857024,Email,617,0
11,49.2955861052387,4.3691830858965695,2,Home & Garden,0.025441840150145435,0.34635898295810874,Organic,820,0
12,13.061782916867577,104.35375592107715,1,Sports,0.1604274174962559,0.34898204054773724,Paid Search,429,0
11,42.31214968880936,118.50667015396287,2,Electronics,0.5860000412675205,0.5280586791326426,Paid Search,155,1
6,63.39176036930201,3.9398087836753257,1,Fashion,0.46262459611412526,0.1718102675237609,Email,935,0
10,35.694492895937124,55.45748232333924,1,Sports,0.13095871185508845,0.3943629733165629,Social Media,1585,0
6,98.5004866069233,54.08582624681645,1,Electronics,0.16548172357364063,0.2446316900491823,Referral,642,0
5,51.63824178009329,0.7522001118031052,2,Fashion,0.1299337458075394,0.21853796386927857,Organic,1425,0
11,42.28347673670104,25.144617076008878,2,Sports,0.1323798301822012,0.544013961252819,Email,60,0
16,38.98228286538291,208.28260978768216,0,Sports,0.19993300976767056,0.40576919028594827,Email,430,1
2,36.91860008345349,48.641666197151665,1,Sports,0.2860371918558043,0.3849790315970628,Paid Search,240,1
14,66.85020747834479,162.37373410786427,1,Beauty,0.2384687029760858,0.323927979294853,Organic,735,1
11,29.38059211647786,67.55493368346137,2,Beauty,0.017279135904108366,0.5103013953991701,Email,1632,0
7,70.78354895532496,1.7280793782835375,0,Fashion,0.05906688721162881,0.1124148861505857,Email,682,0
8,42.50195608635423,4.853942326368059,2,Books,0.14106505436417036,0.3845708717241266,Email,1101,0
8,36.0335308474715,76.8466858148533,2,Fashion,0.05850257446895557,0.15352789774540446,Organic,1639,0
9,25.882567533459145,48.52261263501968,5,Home & Garden,0.09494506799362384,0.8276182059178065,Email,657,0
12,26.076897295935886,8.159607977940432,2,Beauty,0.15365145213306386,0.46114781206403993,Email,668,0
11,42.74343491936416,57.12481811140048,2,Fashion,0.0917476976704995,0.4696768728159819,Paid Search,161,0
7,74.47643314994038,99.73468654395165,0,Sports,0.018725382545401507,0.26700356148531335,Social Media,637,0
8,49.576620278989566,83.8977487090589,0,Electronics,0.22093906946886857,0.20422897468183324,Referral,1361,0
9,18.698108983893956,16.95470390540666,0,Electronics,0.04188176570688792,0.4686939473285018,Organic,1541,0
16,10.0,17.920129718299272,2,Sports,0.031595973062760456,0.3144858503617926,Referral,1319,0
11,59.84791217981823,206.2178152612719,1,Books,0.14661615424669772,0.24224953608131997,Email,13,1
11,283.2626673543311,131.0373727247207,2,Books,0.12906271100912114,0.5129755985135694,Social Media,214,1
13,26.557469310250205,22.993220365877214,1,Fashion,0.26006316928622814,0.48415409915423385,Paid Search,1334,0
9,22.853615439722436,104.25485593633046,4,Fashion,0.1939035019714287,0.1822528664179069,Paid Search,1719,0
11,63.84261835989297,10.585512608498458,2,Electronics,0.24489477122155479,0.6693349062472508,Organic,1269,0
12,16.631417420805533,13.152162199459587,0,Sports,0.1555843874947916,0.25945934223979134,Social Media,413,0
6,109.61329631101695,11.994636346203409,2,Sports,0.12924126250642706,0.30906235529548803,Organic,197,0
8,46.05554440954583,5.508550081154862,1,Fashion,0.24263149524266162,0.21222939011247918,Paid Search,1600,0
14,32.41789154061153,115.72824649988098,0,Home & Garden,0.06230432325561178,0.11629089909796321,Email,181,0
5,17.826886877622798,51.879832581610174,5,Beauty,0.010843823108941858,0.5287392553898256,Organic,276,1
5,67.06452380695936,17.98172406284265,5,Fashion,0.06603817994415652,0.517942220317695,Social Media,1089,0
8,23.2113679727108,113.29160977886089,4,Beauty,0.24851378285562364,0.2909447157748447,Organic,347,1
8,58.40326215598238,97.36560338394781,4,Fashion,0.18660619256235553,0.21192323599986462,Paid Search,416,1
10,45.57099665733241,6.385099037816101,3,Books,0.18551290418216745,0.3670032174260379,Organic,260,0
10,93.05021516143312,61.99296744248922,2,Beauty,0.02894872663379446,0.5291789716629692,Email,1723,0
6,37.60669694710846,76.77214732150775,3,Fashion,0.10150710536437005,0.18155560056408382,Paid Search,228,1
12,400.6460729242043,75.49039543197236,1,Fashion,0.22280541397478715,0.22248058833052367,Organic,1699,0
12,51.623511775895224,77.05518578157722,2,Home & Garden,0.16055265528725576,0.137989779023151,Referral,595,0
7,37.226318894668445,11.140591270637277,3,Electronics,0.097099493827642,0.25819446800285656,Referral,1499,0
9,24.258424132223066,22.707759557789,1,Electronics,0.26169777761869834,0.3132524495856359,Paid Search,1733,0
12,66.77551211396612,111.54265273271336,1,Fashion,0.13036396634078176,0.19057289779957245,Email,948,0
8,24.697784029333874,137.19783291518632,4,Sports,0.10687825081654649,0.35929153474031167,Social Media,1405,0
8,17.825626467292018,19.642689276697624,1,Fashion,0.17665873797597725,0.3727023450669772,Email,486,0
9,22.76108388929179,1.3973161653487027,1,Books,0.12644646485725658,0.7155196173290337,Organic,699,0
12,28.3968110415901,117.86697463736928,1,Home & Garden,0.48352070411514503,0.5171122950676927,Paid Search,1009,0
4,200.3021984154067,28.401370998014034,2,Fashion,0.18539559712885675,0.5061019997268712,Referral,1552,0
9,41.845256020780354,23.980633452611393,2,Electronics,0.20939915401738274,0.31816275227003077,Social Media,1133,0
14,19.515239697405075,25.57065955098287,2,Fashion,0.17365793439046273,0.40115074645826526,Paid Search,41,0
11,79.12547681185885,32.24007655447994,0,Beauty,0.017418874776547178,0.20790627143916532,Paid Search,556,0
16,38.505744099207,28.51463581913368,2,Home & Garden,0.20478240153556074,0.42511683793984506,Paid Search,1578,0
7,93.29912646198783,50.14224559412029,2,Home & Garden,0.16955707720575752,0.26490980179914947,Organic,439,0
5,152.84223430316632,4.933824038163739,4,Sports,0.030805412633868115,0.4232789664847776,Referral,672,0
7,10.040143329032539,213.55575082612347,0,Sports,0.029137358404766,0.19711685127622455,Referral,711,1
11,10.0,165.35667357371716,2,Sports,0.2671301124456355,0.3615802452459778,Referral,282,1
9,162.90629397452759,163.45685451141406,0,Fashion,0.14778142631603366,0.22405274483885237,Social Media,639,1
5,19.108668108880735,126.85570700917252,2,Electronics,0.2045833352965634,0.16229857392907862,Organic,1491,0
6,10.0,64.78619006939057,2,Books,0.4765685648910206,0.5622048252169338,Email,1549,0
6,21.760788324876323,14.993016270165645,3,Electronics,0.17468448575436687,0.16282985747025508,Referral,1060,0
14,15.270323614820713,3.044984663817274,2,Home & Garden,0.04247755634013119,0.6125865995546566,Email,1239,0
9,17.849690048910475,6.276385655340739,3,Electronics,0.27189209565635836,0.6092711387016456,Paid Search,976,0
5,65.66688433729045,23.49306654089521,2,Fashion,0.38217165385771884,0.23221482804590324,Paid Search,81,1
7,24.840673526348034,42.05661266208566,2,Sports,0.14397986926583833,0.3566719801208655,Paid Search,1271,0
7,10.0,299.9200720786238,3,Electronics,0.21988045925880173,0.46767823897632604,Referral,1818,1
11,33.98883475174109,34.30288783756478,4,Home & Garden,0.22542925402081201,0.36549791415497185,Paid Search,416,0
11,16.761400359435438,44.62174078359569,0,Home & Garden,0.0913120464736591,0.19981576502493242,Organic,1792,0
8,27.1267910617015,71.27755199249462,5,Books,0.40897229097899707,0.2598150071250923,Paid Search,1820,0
7,28.397932827675085,11.9607855278629,5,Electronics,0.27269890469518715,0.12302333401662784,Referral,259,1
10,65.13003613138996,162.02903526972142,2,Fashion,0.08599261810352948,0.34330532569616573,Organic,1690,0
11,22.102476624243835,45.17823964750956,1,Home & Garden,0.3504219047627679,0.20211536129459232,Referral,1233,0
12,57.87159702863877,19.399081068252343,0,Books,0.11614342095923266,0.18846111549456201,Paid Search,851,0
9,10.0,164.10276775488504,1,Beauty,0.18416188027927186,0.5399912534579796,Organic,629,1
3,67.96628238961839,58.921897503714554,3,Home & Garden,0.32748336622333435,0.6221440025646338,Paid Search,1149,0
9,93.61065950368767,39.66284389067607,1,Books,0.258567921499113,0.28198351116374826,Organic,1538,0
2,27.544748491315207,52.072311048845194,2,Home & Garden,0.2235795344427458,0.44632450638159743,Email,63,1
6,17.203757399148344,82.77157155324278,0,Fashion,0.05651102926230457,0.16848431135968353,Organic,977,0
11,13.984076508282095,10.072323590502082,1,Fashion,0.33334394637881065,0.29183207193999633,Email,1187,0
11,32.447077269446844,120.07351319239548,6,Home & Garden,0.18714683887298444,0.2522722918438694,Paid Search,47,1
10,87.60670492879218,192.39728847124786,2,Beauty,0.05625106746726782,0.4309576427967046,Organic,1622,0
14,23.55592709584967,50.22100480245752,4,Beauty,0.24053071538703388,0.44083572750413147,Referral,1737,0
8,80.57220968796412,68.79335871662349,2,Sports,0.1858757428814744,0.31798236998838786,Organic,1118,0
8,13.182537168005753,117.89544843891315,0,Fashion,0.058529770717131335,0.22974476941975966,Organic,214,1
13,24.99724620100606,28.182041124255363,1,Fashion,0.09428960490491797,0.2552823500751297,Organic,1701,0
3,31.980398634257103,296.28599927892566,1,Books,0.16126334448968363,0.3905585691861813,Social Media,1469,1
10,39.374401593241835,68.46013745725914,5,Books,0.2898435130899038,0.1408046455093904,Referral,53,1
7,25.375696027293372,33.09872150961775,1,Electronics,0.16517704674201525,0.39983378051100643,Organic,1057,0
11,89.7757276218663,67.86899194876565,1,Electronics,0.3496899547685994,0.14388784367764867,Organic,209,1
15,90.9104573928533,44.248522943023566,1,Fashion,0.16474476172068833,0.6332781013306158,Paid Search,258,0
13,28.793326607718832,7.102798906435806,2,Beauty,0.09847715569662804,0.29769593651388576,Referral,352,0
6,21.836931303198693,95.33851393692646,1,Fashion,0.2838614970919855,0.2868429745437572,Organic,723,1
10,20.48448831951501,49.85848976815367,2,Home & Garden,0.5756406388704776,0.5038549841364728,Organic,1599,0
6,75.75567036107086,95.33271013947848,1,Sports,0.04932978418373121,0.5729132266390466,Organic,57,1
8,19.452731739083287,10.09886666831019,2,Home & Garden,0.07558589058693319,0.14942933809613065,Email,1258,0
15,10.287071872459732,46.37782521233239,4,Beauty,0.14249128128969749,0.2192991274958731,Social Media,1760,0
11,11.591515092888834,87.30633351566863,0,Beauty,0.2803993901592337,0.2703651607560706,Referral,1170,0
13,56.46272000901958,266.91341434663764,1,Fashion,0.21186778631904044,0.13303757261236943,Email,1488,0
9,11.108522451188355,129.4557457404153,1,Books,0.20247356383923035,0.3167732372671844,Organic,1645,0
10,24.067516029310084,119.86046943626701,3,Electronics,0.2791561807280176,0.052862960401611654,Referral,1304,0
6,35.93554455734467,17.0580786719506,3,Beauty,0.12264238230088728,0.5886436476523397,Email,1204,0
8,10.0,109.20383382528662,4,Sports,0.17128393553176105,0.3376456234135442,Social Media,33,1
12,38.31410431906673,11.127841333322003,2,Books,0.07532578686649936,0.2810750378576326,Email,947,0
9,25.542534146263197,13.24685551200952,3,Fashion,0.19525091407138143,0.17351253852742032,Paid Search,856,0
9,10.0,6.999899856319362,3,Sports,0.34455640549213107,0.26675272443368875,Organic,954,0
7,38.713195856932494,116.94545504016335,0,Beauty,0.19184059162412614,0.43376609509319913,Email,789,0
10,45.45127187016641,6.8744698220250005,2,Sports,0.32288508405388777,0.18002731716971068,Social Media,1654,0
10,38.387864591620264,8.91776061193451,1,Electronics,0.2799983390745462,0.34378125795944614,Organic,1622,0
9,49.573141903107434,16.932795230857153,2,Sports,0.07687592867258776,0.534149885618995,Paid Search,230,0
9,40.71082765335675,51.010858029782405,1,Fashion,0.14405312171071374,0.369210421802334,Paid Search,972,0
6,59.389752298011416,127.30597252903888,2,Electronics,0.33739629208386623,0.6690174120857172,Email,1751,0
15,15.538335603388068,32.500615646989935,1,Fashion,0.3621629895132526,0.37260965220342324,Organic,1092,0
11,10.832366525419253,47.41728740463833,0,Sports,0.1713057786694942,0.19344411188421504,Email,1463,0
7,13.078147558218554,10.926531561861617,4,Beauty,0.03665513763521317,0.14374800213789118,Paid Search,682,0
8,17.292507349384056,18.550349236881686,2,Fashion,0.17753579584633455,0.41967390286365186,Referral,689,0
12,166.92839080402908,8.62707896889464,3,Books,0.13637680694112095,0.5765102482739866,Email,595,0
10,17.4153168431031,31.649712028135443,0,Sports,0.16086113576360606,0.16653716323889287,Referral,40,0
5,21.814682658451048,53.545028057276106,3,Beauty,0.18389304718620678,0.2187442100499907,Organic,1687,0
10,27.455094295775265,20.046143338592444,3,Home & Garden,0.054261675322749066,0.26886839497026316,Paid Search,638,0
9,24.893372590257645,112.24654590471776,1,Home & Garden,0.046435521432918916,0.24379610845241806,Email,670,0
11,141.4813696027437,238.55642639003108,1,Books,0.1523067504598857,0.6557186112834844,Email,1386,0
10,10.0,7.680561332007686,2,Home & Garden,0.024340864289335594,0.45015241250558724,Email,962,0
9,190.2420838405396,1.0812882979062568,3,Home & Garden,0.1239208424197098,0.10842378076031994,Organic,661,0
9,37.17941956008115,93.57515798492697,0,Electronics,0.21579520525170115,0.7434200808654419,Organic,1612,0
14,71.46362082501335,12.690886538051348,2,Beauty,0.24977701290776852,0.14425642089825189,Social Media,1506,0
8,33.659496961601505,26.138134982660535,1,Beauty,0.4539119807122515,0.14244194500417437,Email,1782,0
10,63.574680211756494,30.07541484184905,1,Fashion,0.2183845702007818,0.4051219929553012,Organic,1170,0
10,15.557025349509601,149.04597853904858,0,Beauty,0.3214695459697288,0.25700387623986687,Paid Search,1259,0
6,11.20120972276275,64.5239084184913,2,Sports,0.2701505304566747,0.26497164136213397,Organic,592,1
8,263.6168739789915,2.487424912663398,2,Beauty,0.04239099640819129,0.3510781806103602,Organic,182,0
13,153.05192562195882,0.8952604405995027,4,Home & Garden,0.20004584866840391,0.4785841855593675,Email,194,0
9,14.253141182694968,13.356229134528192,1,Sports,0.272925221423399,0.09536592440004057,Referral,1179,0
9,58.746861022203824,22.97866593846084,2,Books,0.08440859981806248,0.20636628895443881,Paid Search,207,0
10,83.62157254341481,39.759852689132856,1,Home & Garden,0.12165735366788867,0.3759889210621569,Referral,1654,0
7,56.156958016989336,109.1500891620748,1,Electronics,0.25097182884981767,0.33337902050086327,Social Media,1284,0
8,28.03175423362582,22.684225591232025,1,Sports,0.1825663312334723,0.4754399862294498,Email,413,0
5,167.26835776826601,28.347972584657956,0,Books,0.10471455362358473,0.5155541936620409,Referral,510,0
9,57.40492488504621,23.96939342071467,3,Electronics,0.29175903695730193,0.17111414125552796,Organic,1295,0
12,15.76318357300001,0.5403459892687852,1,Beauty,0.21037896948105492,0.7604960900459733,Organic,1504,0
10,24.30035499504624,186.3348897279917,2,Beauty,0.19309229377635762,0.19618964611770234,Social Media,1532,0
7,14.06962806692248,8.979359654191995,2,Fashion,0.43500284781961773,0.18542489841998788,Social Media,1097,0
11,30.38905524769838,20.352627095817127,1,Books,0.1298706640112626,0.6792537932277416,Paid Search,284,0
7,29.61271021813947,8.307695136990242,2,Electronics,0.12308236328888425,0.5444785586065963,Paid Search,1493,0
9,60.59970909764047,40.46460797184678,4,Sports,0.15041317517206287,0.3585690921733262,Email,1444,0
10,59.89053786046554,161.44160575649175,1,Electronics,0.16654856671817764,0.6573946996516725,Social Media,1524,0
7,45.18076435878488,6.368363642657398,0,Books,0.11148469700523653,0.29933154858921024,Email,288,0
11,44.217435384392246,34.8852857117703,2,Fashion,0.22989094225609447,0.6664052404985434,Referral,1249,0
7,76.2954576941545,1.3577376181266791,2,Fashion,0.17424186850354378,0.2504296994735463,Paid Search,1752,0
7,27.641818941269303,88.41533556421648,2,Books,0.25369690829384206,0.5563600922752848,Email,468,1
9,10.0,61.50378091897542,1,Beauty,0.3125511195076476,0.32376087679545124,Social Media,1308,0
7,179.24872418895254,72.1781312485868,0,Sports,0.2000762816254594,0.2839432627817776,Referral,473,0
9,15.981121234331214,38.357774725658366,5,Fashion,0.31401536205089214,0.27985344344000873,Paid Search,561,1
8,57.764437196955186,142.9191496182717,0,Home & Garden,0.37579215268229227,0.5953805442988571,Email,886,1
7,25.216612398372575,31.61297639924815,2,Beauty,0.15575066818500008,0.5671910569579968,Social Media,1633,0
5,101.33428174580219,43.30330328442445,1,Home & Garden,0.4776559446797919,0.3377335948964415,Email,71,1
12,15.342806127326229,71.30353332040073,3,Fashion,0.23604302828600568,0.4975915529179508,Paid Search,1806,0
9,18.753334959720483,44.10827160052086,2,Sports,0.2860106015578024,0.4623274856875552,Referral,1409,0
4,22.23764426717445,12.594070783692548,2,Sports,0.007233078772291547,0.48532761839130995,Organic,657,0
11,51.59561653284749,22.881829120396933,3,Sports,0.10774433641929007,0.2975938893587695,Referral,646,0
6,39.58418385672276,5.810115425785391,2,Sports,0.2506289148777988,0.6959478889704233,Email,881,0
9,52.048011280310604,34.00287268348953,0,Sports,0.47509761859531363,0.23965961416801806,Email,1597,0
10,36.64971437515031,56.403061064993594,5,Electronics,0.04711345157354828,0.47207033850859637,Organic,33,1
5,69.79923956589131,7.569854843814435,6,Fashion,0.20547683153359275,0.46250743994445503,Email,1001,0
11,70.74200483638333,59.75042090712135,2,Books,0.1961080819242806,0.18693069259771689,Referral,103,1
14,111.22823241392018,134.02393213941832,4,Beauty,0.2989089902246986,0.6797120368670275,Paid Search,211,1
9,43.59913295935641,24.72434929953011,7,Home & Garden,0.38526692034104904,0.20333140781847509,Referral,1260,0
12,43.43288152470585,15.064277750137206,0,Fashion,0.20645888842936852,0.788621428741482,Referral,428,0
10,136.12953576801283,134.09898705274625,3,Home & Garden,0.20167459243138305,0.4857071283692584,Referral,76,1
16,86.30798234498411,70.64866237719914,1,Fashion,0.3243702650138264,0.5880567201443723,Paid Search,300,0
6,50.14844709384966,6.682371085259139,1,Fashion,0.04319112735927775,0.18545893102584518,Email,381,0
10,10.852780505910665,31.46626621162379,2,Home & Garden,0.42924454018212566,0.25540568523438906,Referral,1405,0
12,10.0,67.26796687591964,3,Sports,0.17678741162815187,0.3569617595643461,Paid Search,1140,0
10,54.06381259955252,51.25304723560697,1,Home & Garden,0.2403122264851794,0.5746897837343843,Email,1341,0
9,55.87627414483484,57.82607679794544,2,Home & Garden,0.13035263640792483,0.36388612320354075,Paid Search,675,0
8,18.574149166864284,50.23978678778057,1,Home & Garden,0.1204600325216367,0.3214250981303925,Paid Search,207,0
6,43.95286375243993,95.98748498232712,2,Sports,0.07742347668670953,0.34249657900421776,Referral,1469,0
9,15.950394166224543,23.17743333913894,0,Fashion,0.48747596559109174,0.5580700082032631,Organic,257,1
9,52.33908980891394,73.95516688841195,2,Books,0.14693816202720825,0.308761479495427,Referral,699,0
9,53.44091496702961,283.1638100221515,0,Books,0.4726294763306154,0.49716109366809236,Paid Search,479,1
6,53.164672419641725,29.653732669729006,5,Fashion,0.15187175995489371,0.25859194055475476,Paid Search,541,0
9,43.311947610079244,93.939133431593,3,Home & Garden,0.14644449616422753,0.599100399607889,Paid Search,1098,0
10,26.172315293162324,16.95046789849602,3,Fashion,0.31476669696218934,0.5085280462946572,Social Media,300,0
13,27.956371334421316,19.86851193134549,1,Electronics,0.11109122185972437,0.5285214767417052,Referral,814,0
7,83.70333869167663,163.8765573376245,2,Fashion,0.27950919009021896,0.7100896253049693,Organic,1165,1
9,46.151611753396246,1.5768412841934005,3,Electronics,0.014213116510317637,0.18691978445874044,Email,1585,0
6,48.93393875112851,14.710110651600921,1,Beauty,0.19142961208500978,0.34865002468930495,Organic,678,0
8,35.48790215108799,39.57354162549349,1,Beauty,0.09789082957328052,0.39518856883027514,Organic,582,0
15,55.765749283876715,30.83458465723045,1,Books,0.043340933661189594,0.33296937966389356,Social Media,671,0
7,71.31770052768987,59.520649058914636,0,Books,0.142624821746459,0.2981755655394729,Paid Search,914,0
17,20.03791749696486,12.84523480002247,3,Books,0.4366657247823751,0.3591138433829103,Organic,572,0
13,53.20741826011778,4.389542557139253,1,Home & Garden,0.054302740155572876,0.33715335893443293,Paid Search,457,0
6,27.63637692311491,27.658675215950666,1,Electronics,0.18063216212232516,0.2250888665062031,Referral,685,0
5,42.5671430233828,44.58504062412186,3,Electronics,0.11188543252859168,0.544577785494492,Paid Search,1419,0
6,64.59837383392635,49.53243377233652,1,Electronics,0.09203961675004108,0.31892189056097575,Paid Search,462,0
6,10.367116948074926,55.20189172768582,1,Fashion,0.11227992619768157,0.3683084835955618,Referral,1541,0
7,13.914676279265878,47.73232590639092,0,Home & Garden,0.1555590473606142,0.4072909473630844,Referral,521,0
11,19.540428191957176,16.9220408460056,3,Beauty,0.08035272135848791,0.1699985084385324,Organic,1101,0
13,18.462181863691026,86.77533485426278,0,Books,0.1442348009021086,0.3010686808303716,Social Media,1772,0
6,29.08204226159986,5.512462611253445,2,Beauty,0.028359807010841783,0.24515263046186375,Email,1737,0
10,128.240153178706,13.265280889070747,2,Fashion,0.2733098839722728,0.3836550350404069,Referral,793,0
10,85.00903188366347,80.68105391356802,4,Home & Garden,0.07966276599147937,0.48487435398344797,Referral,124,1
14,20.811967031615435,19.687426199750234,3,Books,0.1530122534718663,0.6181735756570165,Email,1647,0
8,66.36081110655572,40.810711292610115,2,Electronics,0.2625036428761757,0.3316311251587562,Paid Search,232,1
8,31.98995224176757,23.778228750261693,5,Electronics,0.6100877935832402,0.18270157245859747,Referral,1685,0
8,43.59748337700559,42.43247972119558,1,Beauty,0.042885954043557904,0.46948291534039105,Email,1337,0
7,15.109331564990045,25.539070969822877,4,Electronics,0.06337310125208213,0.5438638845902443,Organic,1705,0
13,11.512727461421848,309.07655286961955,3,Sports,0.6144163596685797,0.2588460616110096,Social Media,1214,1
9,59.49419989506212,26.54121494667858,1,Electronics,0.11766355165550368,0.19812395568947902,Referral,1816,0
8,33.997148349462435,59.17856126617047,2,Books,0.03232599239825684,0.30309032662291546,Email,852,0
12,50.30365419358185,131.53953336116948,1,Fashion,0.20057247741212486,0.38541223254740986,Referral,602,0
15,118.51008651646367,60.95589058198401,3,Fashion,0.17348544065971647,0.3292587421479184,Paid Search,718,0
6,27.356658969882027,50.06291362090897,3,Sports,0.18197880579476025,0.25950279438771817,Referral,639,0
7,27.557967168142895,50.53078249597719,1,Sports,0.15598304918236472,0.18172530991364125,Referral,732,0
6,136.30963033876824,41.16561227628791,3,Books,0.1837274159425748,0.19929311489299492,Paid Search,1615,0
8,33.56861067774402,98.88461292816523,3,Home & Garden,0.4754587994838258,0.5309462713319589,Referral,1080,1
8,17.415388309627374,3.104387539683652,4,Sports,0.14397959877494515,0.5907960018256938,Paid Search,1324,0
8,59.6530767601443,129.8372053982722,3,Beauty,0.0482469369272338,0.5242657482058097,Email,526,1
10,27.38126675734554,52.95572402324191,4,Sports,0.2799332985624854,0.2872858379795556,Social Media,1806,0
8,17.14813507655105,113.37817200579504,2,Books,0.04376096911853014,0.6917141482399305,Social Media,513,0
13,35.57877598813983,0.6268250270477027,1,Beauty,0.12001386282274273,0.07142389938289109,Email,291,0
8,64.15800166065003,122.08020832651643,1,Fashion,0.2977431681982156,0.5485960441578233,Organic,1420,0
15,13.100551324686144,7.679379330563774,2,Books,0.24046476972846414,0.35310926761363093,Organic,1531,0
6,12.859095425659138,76.63951125120494,0,Electronics,0.05758860188266413,0.4383713419327533,Social Media,719,0
6,31.060991897526826,32.324849458469636,1,Home & Garden,0.07074171850821803,0.48847242148579373,Email,987,0
8,13.73536450523976,68.56746799749368,3,Sports,0.16721224371386076,0.49648281570148994,Referral,756,0
9,11.931021470210311,59.36229614083615,1,Home & Garden,0.2981659985100466,0.7529496501368632,Email,537,0
7,33.27787805676746,10.704305558545197,1,Books,0.4103266611796237,0.4536239944723267,Paid Search,1484,0
10,80.2267001366805,43.36862058052701,2,Fashion,0.14008607944455445,0.6882721339533336,Email,1381,0
9,62.203662835914436,19.479892864731415,3,Home & Garden,0.331977443481908,0.5727547933503573,Organic,886,0
6,30.400138902621222,49.31843219407523,0,Sports,0.3110123128994163,0.34390941933347435,Referral,831,0
9,92.3935888392375,80.36539836213579,1,Electronics,0.2899371127065681,0.17121006876522696,Referral,329,1
8,132.68364176254792,5.085023233533786,3,Home & Garden,0.04765980818740422,0.29014861213046106,Social Media,1163,0
17,49.05672065762792,43.51077793350062,0,Books,0.1288351034956275,0.028873806424425885,Paid Search,1685,0
9,24.706013834535486,57.68196504063827,6,Beauty,0.13064789317691058,0.3102709630919671,Referral,1312,0
8,115.59499503275836,21.004729369416648,2,Books,0.35385990711577225,0.3442115680838856,Social Media,924,0
7,111.59082632233078,183.46090692362847,1,Home & Garden,0.18106183155822916,0.5202181341091509,Referral,71,1
13,40.55734598273855,44.0760156387224,0,Books,0.41288572593609213,0.413725021903181,Organic,1697,0
4,88.0827216819843,12.091516886373398,1,Beauty,0.5332607569158819,0.2870383627043406,Referral,562,1
6,17.724932723917874,6.843107994393354,3,Home & Garden,0.09775900148899383,0.3852714320526651,Organic,548,0
7,10.0,46.808581714584136,1,Home & Garden,0.3801531769738718,0.19666436741671423,Email,857,0
12,15.226673336496235,28.22310670824247,3,Fashion,0.20479178765122863,0.2667889292593257,Organic,783,0
7,39.06612581744652,12.832233059764953,0,Books,0.22581059684752433,0.265865838155141,Organic,1756,0
7,31.20743251642017,1.870773380611872,3,Beauty,0.009825390565809299,0.27086398616994,Organic,301,0
6,71.48518779418282,50.165662473257036,2,Fashion,0.18857060063705808,0.3732697846450052,Referral,1257,0
7,10.089301453533562,54.76784595834968,1,Beauty,0.191689988367359,0.47101515856548937,Paid Search,195,1
10,10.24828870566343,9.175268244169121,1,Books,0.32115067910216255,0.4557741940010535,Organic,506,0
6,60.93718457041164,55.23871942727696,6,Fashion,0.3890695107403171,0.6846608794496997,Social Media,1318,0
9,10.498775951692064,182.1592091307391,8,Electronics,0.16649779036009124,0.036249004501805814,Referral,1467,1
10,26.666209623907886,229.8144440565744,5,Books,0.34331271444358163,0.4486111642190082,Paid Search,856,1
7,33.77261768437045,131.62004044943487,0,Fashion,0.06875784696341435,0.43068982584571786,Paid Search,1440,0
9,19.68011321365733,98.72833965459097,1,Beauty,0.07161965449653561,0.4275821718986192,Referral,1706,0
10,52.57753678855982,14.095346809425752,1,Electronics,0.08549225706899782,0.14644657319576193,Social Media,1707,0
10,10.0,10.207112186064766,1,Electronics,0.03612219966005705,0.2390574772728136,Email,625,0
5,143.38631223152262,35.321565563724924,2,Beauty,0.19443319540879958,0.11368761076634432,Referral,570,0
9,25.42902331186301,57.996925202083055,2,Electronics,0.14142259579143537,0.26468732240168175,Paid Search,1326,0
10,28.898292482370103,114.09928870462784,0,Fashion,0.1931397201614474,0.330830085897073,Email,1194,0
10,285.6769885644521,15.835045408354482,1,Electronics,0.1929226059105884,0.470768258974291,Paid Search,716,0
5,11.157139822692372,39.19497492967219,2,Sports,0.07265653631931392,0.3808537123802038,Organic,418,0
8,14.352464030879759,62.55210868405357,0,Books,0.21347509459507216,0.2307698042528141,Email,1129,0
9,101.85984731393239,35.39146477639525,2,Sports,0.16705347469953621,0.28750631733159393,Referral,785,0
11,10.0,36.32946516543933,2,Sports,0.29559148977613786,0.2998336114852999,Referral,241,1
7,49.212337422298404,15.302606194639253,0,Books,0.09259527751454004,0.3800148195672909,Social Media,1166,0
7,20.388581238415693,259.02336451254035,2,Sports,0.020905339674682465,0.2237888391924419,Email,1273,1
8,10.0,38.683514582936965,2,Electronics,0.12423262590202233,0.43312749538896395,Social Media,665,0
9,50.47506664556537,45.6524156698524,0,Home & Garden,0.11015630295010627,0.767163295889413,Referral,1518,0
10,51.6766436735237,14.796960034078216,4,Sports,0.11696004020790865,0.5486895401668803,Social Media,135,0
16,33.152186886220484,43.30968048585884,2,Beauty,0.080343231645589,0.612932055938597,Email,905,0
9,173.34280333145486,17.690422608030943,0,Books,0.05685961992816656,0.6386991620740015,Referral,1745,0
6,17.864261277973874,13.564088278864558,1,Fashion,0.16880249956130247,0.49947510971090825,Paid Search,348,0
7,66.23830354786864,19.354819732188094,2,Fashion,0.430529091289971,0.3270717433244591,Referral,315,1
13,43.02895283686211,0.16580780131582712,0,Electronics,0.14664923913916994,0.7948575372660378,Social Media,691,0
11,72.03970404401305,50.659293319072994,4,Sports,0.12082188823966508,0.2769373427305071,Social Media,489,0
5,22.12549440639025,29.410421583103357,3,Home & Garden,0.12452825907465832,0.527438565428962,Referral,405,0
6,10.938235395367613,137.3736284836149,1,Fashion,0.046703568242571394,0.19444802042769127,Organic,1733,0
15,19.190029307841478,2.4935343091152915,0,Home & Garden,0.22347721833998896,0.3282205680368209,Organic,630,0
6,31.468188576662413,2.649672613521441,4,Beauty,0.2860591885112098,0.20611432104314978,Organic,110,1
16,57.09499337783903,130.2268769020083,0,Electronics,0.21041130190802002,0.6430637255201832,Paid Search,1642,0
8,33.576600511515004,8.124765141786186,2,Beauty,0.047337232142248206,0.2631454204158966,Paid Search,818,0
9,39.33291173163341,0.12974643084511933,1,Books,0.10290053257989577,0.4817045456274332,Paid Search,1343,0
6,131.68987794528033,11.827635523639893,0,Books,0.4390847939792028,0.5241205375241264,Referral,671,0
7,32.479930042756315,104.19407884427282,3,Electronics,0.11176616282518329,0.44865166570805176,Referral,1706,0
14,21.63042972096185,97.3860747537842,2,Beauty,0.05175013057186597,0.24145026584450457,Email,525,0
11,47.099375054697475,24.942947009283778,0,Home & Garden,0.15731848242900773,0.18716615105786072,Organic,1209,0
6,10.0,66.16280632071874,2,Beauty,0.16436137536481019,0.6911369579208617,Email,1504,0
12,10.0,42.46516434054014,1,Home & Garden,0.25912804756959174,0.30580449963569134,Organic,434,0
7,29.747887556034826,141.06556142827318,6,Home & Garden,0.28685640415727415,0.10601114641894287,Social Media,1462,0
11,15.700295380831047,3.484668619607438,0,Electronics,0.12113983989440447,0.43823766089932364,Email,1446,0
5,20.356682847025358,100.65630173381017,5,Fashion,0.16665952876018286,0.5315158083219652,Referral,1759,0
7,69.95266192913935,11.223067614719508,1,Fashion,0.22694623519188284,0.1601718760898992,Social Media,1684,0
10,50.450666514742466,29.817424041920734,1,Sports,0.23194207800881403,0.42139272221462615,Email,709,0
11,31.137720470312892,12.788411487875177,2,Books,0.2515352314641263,0.4336073190824416,Social Media,1078,0
7,35.38800266416195,72.763541881609,4,Beauty,0.19090224297294617,0.1634939415759839,Social Media,1688,0
7,23.579747914211683,68.05303364697016,4,Books,0.3598247141859246,0.5179393262030084,Social Media,8,1
4,65.33139640412153,47.63079479362035,1,Sports,0.2361261252835399,0.1641108717776522,Referral,1145,0
14,62.42921962579521,71.87209586089514,2,Home & Garden,0.25289294647335,0.4729281749513486,Social Media,393,0
11,73.16713021093055,61.226582097003025,3,Electronics,0.0945513077429023,0.310011693205816,Referral,1348,0
9,70.52319034848423,89.88507839081244,1,Books,0.12341726151128286,0.25133931095326123,Paid Search,1453,0
15,34.578721656382314,16.41938569923115,2,Home & Garden,0.3459818377967146,0.30372382748748095,Social Media,1301,0
8,18.94294599093309,33.61278254415781,2,Fashion,0.2519632620934365,0.15082445515345885,Organic,1817,0
13,28.966977159990897,9.866059598785268,3,Home & Garden,0.49928818207037196,0.15148540349667444,Referral,875,0
10,36.353832510895096,33.68436762130674,2,Sports,0.1617357548058903,0.6038204758615625,Paid Search,1024,0
13,19.313006139479903,72.57767615302642,2,Electronics,0.08445213147158494,0.3565871826601339,Referral,747,0
4,121.9846630103581,70.54084179054813,5,Beauty,0.5605274107707374,0.27216640266167486,Social Media,1777,0
8,122.4727961763251,74.15400663435375,3,Books,0.28156082425822754,0.6364297467153068,Referral,1684,0
8,30.082563307378965,22.156745061677757,2,Sports,0.37619893211190997,0.4290670527791023,Email,1800,0
9,75.54314863768528,65.12055855109932,3,Fashion,0.1070335305084203,0.43001141823396727,Email,1797,0
9,51.832492049943944,27.481308608185007,1,Fashion,0.3211632203504643,0.4699383969043832,Organic,1634,0
10,22.258040351872758,173.47373730453666,2,Beauty,0.12381166314445205,0.40940126337651594,Referral,1698,0
8,46.04450303383488,25.23774303327263,5,Electronics,0.3945669438677093,0.5003014094860793,Social Media,219,1
5,17.82487789291926,55.43189573595502,3,Beauty,0.05947740550545013,0.2331832439173845,Social Media,317,0
10,16.37896164522658,83.21264326893798,2,Beauty,0.1612311305307858,0.37902443754723775,Email,1615,0
13,48.49800875331487,142.12825611528564,0,Beauty,0.37743990933304356,0.36241267181832465,Referral,1326,0
8,48.962096576647866,34.56758382238573,4,Books,0.30159518425902276,0.7046949135054931,Social Media,1596,0
10,285.79364467163936,26.822722297027063,1,Fashion,0.027716364345841484,0.38308961535659863,Paid Search,1405,0
8,29.242527647462538,33.73010098531461,0,Sports,0.1366830243073679,0.205230732908029,Social Media,255,0
12,21.689511664745254,23.466787181651554,4,Fashion,0.2977445941326003,0.38636625868276986,Referral,1672,0
9,69.28326388744918,63.665897456095706,0,Books,0.33891090731740314,0.5099719668453353,Email,1407,0
9,32.45825752852037,161.93065002592203,3,Home & Garden,0.08096838786534744,0.6692602204339532,Paid Search,1042,0
10,19.72533268580977,8.085368984990888,2,Fashion,0.061051494587639046,0.43947458773723114,Social Media,972,0
4,20.72517937118783,49.38470115996052,2,Fashion,0.08881745345484106,0.3353153482420439,Organic,1047,0
9,28.68500755476109,136.7606707931066,2,Fashion,0.06640869112452147,0.2886957317759464,Organic,713,0
10,76.98117102000957,6.329267735855621,0,Home & Garden,0.379453422388453,0.5367156591500225,Email,1466,0
7,46.772750957087815,40.85715950609638,4,Books,0.14209364866642032,0.3870622194074487,Paid Search,1659,0
10,17.001236856023876,120.25095950821702,1,Sports,0.22437051257019092,0.15052341531576252,Organic,462,1
8,143.70672337905063,138.42704794898992,2,Books,0.16876164082306955,0.31388730364176415,Organic,70,1
9,16.024136479653592,43.33629174990884,2,Electronics,0.11622250597576424,0.2944464164912185,Social Media,371,0
9,18.359323886939304,1.5161075962827124,1,Beauty,0.0977301825014743,0.3820506810173931,Referral,1382,0
10,84.23591316869074,6.698758901179717,2,Sports,0.3336503131572083,0.5267915824676842,Social Media,1584,0
10,109.73283579286515,53.017324453983775,3,Home & Garden,0.11112692774111395,0.43720683838050733,Social Media,636,0
9,43.940894555850434,7.933667575631798,1,Electronics,0.19606141868863072,0.6906476150668426,Email,278,0
9,11.793048052820055,9.71005173851021,1,Fashion,0.14406454275236974,0.3846504450985376,Social Media,1566,0
9,35.784630830664824,88.73540212333258,5,Fashion,0.18233475394247506,0.18925462394808595,Paid Search,392,1
8,11.09338654501782,83.34398604409715,1,Beauty,0.3927456731374922,0.5596162082174139,Paid Search,442,1
10,241.7238687748818,111.00378767410953,3,Books,0.14373145456289063,0.26506612593685336,Referral,169,1
7,41.6680378008248,6.705196787821551,1,Home & Garden,0.08960796536867248,0.624289412025586,Organic,1661,0
7,62.877937694490704,13.249640230884536,1,Home & Garden,0.16069169876441314,0.21405062179955642,Organic,596,0
7,24.62542737146753,107.37183205812325,1,Fashion,0.16309158304512378,0.3281176594906523,Referral,314,1
8,140.40537013511374,76.61145336849819,0,Fashion,0.1787816750310882,0.35893577954730527,Referral,1740,0
9,22.153979183009582,98.38026001616977,4,Beauty,0.013761862491091055,0.3742184462131493,Social Media,612,0
11,16.658853928318024,274.80334213171005,2,Beauty,0.0298314393212798,0.2716232154818754,Email,1364,0
10,42.262827868400315,119.89674086329173,0,Beauty,0.1431428123688102,0.3051735951338944,Organic,421,0
9,66.95705934647224,44.09608482190774,3,Home & Garden,0.1371644648583114,0.22116406110527076,Organic,1326,0
9,181.80884527580048,22.330656772955056,2,Home & Garden,0.3032732052421583,0.3241133864675152,Referral,424,0
4,120.4745209954189,50.59309372520066,1,Books,0.22368155053990155,0.2989056746715209,Referral,1164,0
10,86.1481003043147,61.06396114706937,0,Fashion,0.11674653880772037,0.1464076345362212,Organic,805,0
12,19.141137519107424,24.506264032493117,2,Home & Garden,0.1993226926657665,0.5843226080206516,Organic,1457,0
13,18.82014234805433,88.42550206420357,0,Electronics,0.3117782815486282,0.22508226352125515,Social Media,1333,0
6,16.407243228218515,5.840484797199495,2,Electronics,0.16253008335817407,0.18183031392418234,Organic,1707,0
9,29.355410726602923,90.68230585040511,1,Electronics,0.5375503993922975,0.28457754587279455,Referral,687,1
12,10.0,1.9512996851692568,3,Sports,0.2619206426659386,0.6015071614959977,Paid Search,1376,0
13,98.72777504340564,41.34525320707275,0,Electronics,0.32795389030628885,0.45012262234079636,Paid Search,1768,0
1,14.589916588463144,118.58557866803574,5,Home & Garden,0.2307454507077443,0.4937879319242851,Paid Search,614,1
8,13.217228563101704,5.428003781543875,1,Sports,0.05123520969794678,0.21455106001454438,Social Media,529,0
13,23.934826598708245,43.756181161616055,1,Beauty,0.10767132238120408,0.1528386744499585,Paid Search,1403,0
6,11.314596013569062,10.417750321491708,3,Fashion,0.21889487702198618,0.4768548342087392,Email,813,0
8,55.447269747234564,135.12250231770767,4,Home & Garden,0.053700341726009224,0.42839823964094226,Email,728,1
7,15.289742249235724,107.15100756251167,3,Electronics,0.10771894354043476,0.3015595955702588,Social Media,996,0
9,49.460551841619925,163.0108459755606,3,Beauty,0.1662699912731859,0.23771344590386936,Paid Search,1707,0
13,69.40123857737905,124.75801703387609,2,Beauty,0.12814214581773953,0.39740931452760136,Referral,153,1
10,21.338523510564357,80.03425475705961,2,Fashion,0.13340048432088353,0.22525451024188364,Social Media,850,0
13,18.653569876210998,12.265873118962416,2,Beauty,0.484977301213903,0.42277024417233466,Organic,201,1
9,17.431283880052767,21.615390921395274,5,Electronics,0.11336395208759134,0.5437522353015691,Social Media,1612,0
9,13.93249955132597,41.212631681015054,1,Books,0.29296926826701053,0.2825509514792337,Email,250,1
15,23.65830029614636,53.33465736896325,1,Sports,0.35253283352565096,0.4202107601242137,Referral,164,1
10,34.94951116675202,91.44610998947422,1,Beauty,0.16338488259377099,0.15004673688368117,Paid Search,1758,0
9,10.952713082749263,15.445440258970034,0,Fashion,0.30054262049982755,0.20842634860550358,Email,1028,0
6,19.81433915296348,8.237041094132756,0,Electronics,0.11321092953660462,0.2564284590404026,Paid Search,1507,0
2,37.570579450012765,39.537519992575504,0,Books,0.4109546450649282,0.5579630277683811,Paid Search,858,0
7,34.04695971754405,10.307216060590171,3,Sports,0.28291201122527515,0.2745018904770385,Social Media,795,0
8,10.0,70.99862541706133,1,Electronics,0.1622226983010773,0.17156248955266706,Social Media,1663,0
9,54.976480279994455,51.42909961294728,2,Home & Garden,0.01710434373291851,0.1747732779488069,Email,1806,0
6,89.1891759227574,81.0806105175562,0,Books,0.2994789561896796,0.3331606454922647,Paid Search,1129,0
9,20.94472555970707,3.9322810459841486,1,Fashion,0.08534808117139328,0.48421342969781406,Social Media,1675,0
6,10.0,200.62819249208798,1,Electronics,0.16903001515232577,0.032631856558248296,Email,1574,0
7,17.96615736324103,0.00033220146392636744,5,Fashion,0.24404995529951184,0.4918897898875258,Paid Search,993,0
15,17.54720650681067,23.621893958832135,1,Home & Garden,0.15901601872852816,0.44635868127365164,Organic,1717,0
6,86.47750033921405,68.2976197927336,4,Fashion,0.26052030910003215,0.2599523334772873,Organic,384,1
5,13.805700316829038,2.771563080632305,1,Books,0.17681576303659877,0.6406417340836434,Email,1614,0
13,24.86776448592351,5.221746135846654,1,Sports,0.14184980786237156,0.4266205683262623,Organic,565,0
7,126.79723658939635,4.786857935693305,2,Electronics,0.022882845372729048,0.3626833962711723,Referral,56,0
9,37.66700258920185,52.266097871330565,1,Beauty,0.29776134011604793,0.4662033504014946,Email,1436,0
8,38.72471175765171,135.7587907763661,1,Sports,0.23212372241330806,0.5586555832018771,Email,1697,0
4,30.540156454140057,48.639807099224896,4,Electronics,0.4375677351043393,0.44988590078740953,Paid Search,396,1
10,72.39587501941979,55.51555256455553,3,Fashion,0.037919177430872676,0.5276705155934743,Referral,975,0
8,45.752247349854,25.479027138659045,2,Fashion,0.08982779980954703,0.5217197787877434,Email,1367,0
8,145.88730055077164,1.135139978325337,3,Books,0.17656506888652748,0.38538857788195846,Social Media,605,0
8,159.19522485440692,1.3111042437161238,2,Fashion,0.12795576204649692,0.3633247827797162,Email,268,0
9,42.56249571440479,131.52166813927275,2,Home & Garden,0.10927230489876241,0.2983799994832965,Referral,716,0
10,32.143790149099495,6.493372412544563,2,Books,0.0794128774844861,0.27118543714240567,Email,833,0
9,37.74664653427594,365.0,0,Electronics,0.20676277651434258,0.24336657810406928,Organic,1354,1
14,21.04905953291453,10.777938592537417,2,Fashion,0.2604872189660885,0.5678007541672503,Referral,363,0
10,36.855171460269894,67.36835645532622,1,Electronics,0.12419575775803202,0.21408744651479658,Social Media,1487,0
12,10.447109673265796,178.50341596146336,1,Fashion,0.37044431831569546,0.17067180744031601,Referral,916,1
11,18.734017467049473,26.992230701533483,5,Books,0.25985137520686397,0.41601261504405085,Email,1649,0
7,62.12755202851922,79.55332960939296,4,Beauty,0.1123409990259062,0.2907830856746,Social Media,1032,0
5,50.92955997950299,25.926101897505884,1,Home & Garden,0.11091315709934156,0.1599711566240388,Social Media,816,0
9,29.909251049974323,21.8255175959015,3,Electronics,0.13826812582483453,0.4806939982631882,Social Media,524,0
11,46.29873168574775,13.52407206648115,1,Sports,0.24334735506525276,0.5683791161487385,Organic,194,0
5,110.49003007508286,103.20035343814901,5,Fashion,0.15584166703177876,0.4238018456820732,Referral,678,1
12,24.32509609433473,17.854819019307033,2,Books,0.1535548781851059,0.5839207013183706,Email,755,0
12,10.504865166899286,19.97400315257338,2,Electronics,0.2963929744258845,0.2741520736966865,Organic,1037,0
7,54.69458542222784,365.0,5,Books,0.3875946872263801,0.6275359135676101,Social Media,1569,1
6,50.85630554471979,23.78827961089476,1,Electronics,0.3959563511426756,0.31657925562835637,Email,846,0
13,60.81016117223405,32.97133529498742,2,Home & Garden,0.14886177099208486,0.4025920290682156,Paid Search,574,0
9,12.707904677785042,276.64388390326286,5,Beauty,0.2509037387322635,0.3239410137921042,Email,1593,1
11,10.0,27.65553077914709,0,Fashion,0.27270678466699816,0.48835952955565676,Paid Search,1339,0
7,40.93361122563614,27.356766740328908,0,Electronics,0.12128292780391416,0.7932262589014398,Paid Search,561,0
7,38.70454288241692,105.51612590560045,0,Sports,0.2951029221054462,0.29752676893884106,Social Media,305,1
11,24.884819844474606,22.431914254594002,1,Fashion,0.2420864693572912,0.4287199793683984,Paid Search,531,0
6,105.36108860403037,15.977634609389717,5,Fashion,0.24419756975339707,0.41979410985139876,Organic,226,1
10,32.85447025956777,33.016648355977445,3,Books,0.3091037951632668,0.17734089653122942,Social Media,1648,0
11,88.66078120758465,72.36666544514398,10,Fashion,0.3344898980650732,0.24379696652903002,Paid Search,1116,1
14,66.85826195117174,2.652351862530316,2,Electronics,0.17380184041516364,0.1895975977782209,Referral,1576,0
5,13.847126481982555,28.09624650329236,2,Home & Garden,0.21995116440994572,0.46664135048310273,Organic,1497,0
7,16.288419466680647,25.501347927756676,5,Electronics,0.2963739101609087,0.38422737020235975,Referral,280,1
10,11.872567390112192,16.8478175411778,3,Beauty,0.18144588179250742,0.3756935681878065,Email,809,0
10,46.759109712485,63.72883797180732,2,Fashion,0.05948447618953968,0.36223285207741923,Organic,1774,0
10,35.81927727862865,20.54858026776187,1,Sports,0.1518852549269037,0.48127735305255476,Referral,427,0
7,97.52172158482543,55.99577065980852,2,Beauty,0.083696849722901,0.27056930903452076,Referral,92,1
6,53.30692001118062,42.11152192780596,6,Sports,0.11274449488059785,0.23987314131170465,Social Media,632,0
11,11.723913852118686,14.691906232403355,1,Beauty,0.18405724509030133,0.17804691783199975,Email,932,0
12,22.88204228823129,18.60106456630352,3,Electronics,0.24080791065139717,0.19987475072282265,Organic,102,0
10,10.0,11.223167726465707,3,Electronics,0.1741523012667066,0.14269967214324425,Organic,779,0
11,41.875388832542974,3.497752573777631,4,Electronics,0.19767735820870067,0.2300290349291476,Organic,463,0
6,308.7706209824288,57.92704080333968,4,Electronics,0.2609674328720549,0.3998526447961877,Paid Search,387,1
9,36.7689823414893,67.02894724793863,3,Books,0.08645224136750729,0.4339613583599604,Organic,482,0
7,38.898212387434434,10.891312137595499,2,Electronics,0.41616851882253175,0.28424955083045583,Paid Search,193,1
10,32.65983430431524,57.331898724915206,4,Books,0.08086805854328138,0.30196576801278036,Social Media,140,1
12,44.02163806848896,241.32614511398958,3,Fashion,0.03697987873222837,0.4225244231971219,Paid Search,1087,1
6,29.224648646286575,4.638921986086288,1,Electronics,0.346806134114545,0.5384196185196367,Email,1729,0
12,54.286975213107844,40.44432112684905,2,Electronics,0.13690819392665599,0.5342385915948152,Paid Search,1468,0
12,17.85111904993156,79.23898518518882,0,Sports,0.1720719969145375,0.21149801906103669,Email,1522,0
9,18.452865041393217,2.826074934676745,1,Fashion,0.2048269123436952,0.34826960812832697,Email,1341,0
6,11.775441830130298,90.37863669206355,2,Fashion,0.10873004055180649,0.6495608021049057,Email,1744,0
11,32.26487186574827,233.27272163999223,2,Electronics,0.10650083523749893,0.2930409569984959,Email,1734,0
7,13.67188189340411,5.559022207343281,3,Fashion,0.10544752046303635,0.32074700145207263,Organic,1420,0
8,105.85064715598355,103.63585003621495,1,Home & Garden,0.28699330189198313,0.6267652779058296,Email,1306,0
6,23.45884275940283,28.54503495674558,3,Beauty,0.05334735294171919,0.354036903255166,Referral,557,0
8,10.0,9.337239753741128,2,Sports,0.10967113711798362,0.6276693352252064,Social Media,167,0
11,13.351911625810585,40.77752587494782,1,Fashion,0.1018313752559097,0.4407952274037314,Referral,170,0
13,36.89347412300215,4.452304616419051,3,Home & Garden,0.2274395975624066,0.6743210585561558,Organic,1343,0
9,55.80614245986833,44.30140319851535,1,Electronics,0.11029609062731202,0.5938628314571048,Email,52,0
7,43.95392317187831,1.1727950305339963,1,Sports,0.30209674931402075,0.41631415522450227,Paid Search,1490,0
11,17.152231687241542,78.25222142632995,1,Beauty,0.05779723165046002,0.5198765281624792,Organic,669,0
6,20.968396341525303,40.16228689776463,1,Sports,0.0035698455116577117,0.2564851786486243,Social Media,351,0
3,19.09311442220573,36.8534684332572,0,Sports,0.21228901199541242,0.6517252854476668,Paid Search,744,0
6,52.10745921434937,13.103652868066392,2,Home & Garden,0.1597680929411037,0.06065188592652574,Paid Search,1283,0
6,36.344253668714785,26.89576402995094,1,Books,0.22973850931616072,0.41373670158059994,Email,502,0
13,23.15191446417819,12.044000223034532,2,Sports,0.160443678623548,0.2328190637768148,Social Media,317,0
16,19.539385091797186,79.76991690359135,5,Home & Garden,0.003623098575370118,0.48845784403851394,Social Media,1346,0
10,21.794289344510346,13.315555033371583,4,Beauty,0.19219668215524643,0.20935970967987794,Paid Search,1607,0
8,33.34104006574485,57.544586545226736,2,Books,0.25842405105759325,0.39706846672201673,Social Media,1069,0
10,96.8009968449472,19.677544685973217,2,Home & Garden,0.1950005885854956,0.534035204924903,Referral,956,0
12,38.446874043255576,64.1983755740544,5,Home & Garden,0.2536084348548833,0.3587043738040046,Email,1377,0
7,25.29775215033726,46.65109920337587,0,Home & Garden,0.13296527863487625,0.2196043259503526,Email,1337,0
8,23.768777446844997,33.040409704393305,0,Sports,0.045317681430807395,0.5080646730642343,Referral,12,0
6,129.2198929803261,67.06785940464046,2,Electronics,0.32175192261763147,0.13991592428182578,Referral,515,1
12,64.0574991300263,32.24271027481469,1,Beauty,0.2847636474374783,0.2042700347679796,Social Media,1700,0
6,72.45523254044384,103.34652149044622,0,Sports,0.02967906664969294,0.32401973626912517,Paid Search,1752,0
8,60.21444579344691,78.47083398221565,3,Beauty,0.40812673304364544,0.5080942658711259,Social Media,931,1
10,31.81848812977693,46.67513242351462,3,Beauty,0.08044415006936655,0.11837160473052896,Referral,1022,0
8,86.334453716446,125.76386398240332,2,Sports,0.2956847438182397,0.6539442022377915,Email,2,1
7,10.234346484259415,105.91703923170923,1,Sports,0.12250470573067926,0.28411975376170556,Email,1227,0
11,114.52040760576655,45.536632082841514,2,Sports,0.2421652863527973,0.7365583881682267,Email,388,0
2,59.962006623163816,4.254176265209934,4,Books,0.37096041392104223,0.3725628346003354,Social Media,234,1
11,48.84832088147099,50.0821403907713,3,Books,0.37934440574065287,0.4281502986290493,Referral,556,1
9,18.072852322433935,26.334208500531094,2,Home & Garden,0.03821515763734751,0.32396341362843817,Paid Search,1213,0
11,69.7395306377384,46.60646084880566,2,Fashion,0.20191363989068464,0.6451838627969122,Social Media,796,0
6,82.76768901511456,62.499412010369596,3,Beauty,0.27975028656800616,0.5664617673502698,Email,637,1
10,18.84924515160533,62.110972447761654,3,Fashion,0.27158525601753714,0.7003245854339316,Referral,1326,0
12,19.313761415307518,67.1639383892921,2,Electronics,0.29180312507376854,0.5323027895286352,Paid Search,1485,0
7,14.484989617502334,68.22908066058568,3,Home & Garden,0.06893324139015844,0.7030599107959354,Organic,1586,0
5,51.33596565685636,6.9436048391874365,1,Beauty,0.4382360788933683,0.46152326017602907,Social Media,812,0
10,30.614515944519347,12.770235429703776,2,Electronics,0.2021938041377963,0.4442443358002343,Organic,1310,0
4,180.90765877136968,59.742931068171764,5,Books,0.14369610420267795,0.412486009589238,Referral,1615,0
2,10.0,31.472393021104093,2,Sports,0.24319645974817344,0.0922636678083322,Organic,1658,0
11,16.502381271176144,86.34416187059969,0,Electronics,0.03589408870624856,0.3227196016031476,Email,898,0
8,33.43557549912654,8.005663235084889,5,Electronics,0.15244622862075424,0.5474604056417148,Social Media,649,0
11,56.37405810131823,12.756182472669282,2,Books,0.08424592838820168,0.10645213506473913,Paid Search,1642,0
7,54.36910944470545,49.049830623789596,3,Home & Garden,0.17319113754087298,0.5292607599660323,Email,477,0
11,35.4313589978481,41.67866035672542,2,Sports,0.38487749468883115,0.5283820648114107,Referral,1454,0
6,43.899981104636325,18.587248711036093,1,Sports,0.21894492787055675,0.3426970889146597,Social Media,1658,0
12,36.4064849539449,31.48971692803139,2,Home & Garden,0.19823695057931362,0.2891619208620139,Referral,1350,0
8,76.66861842236891,2.1364666112271644,2,Beauty,0.28913780757233554,0.3978135055093481,Referral,1241,0
10,21.221101251075925,2.2644864078881617,5,Books,0.013830564344452368,0.6579167874593361,Referral,93,0
9,23.233780610651866,5.984380720381345,0,Beauty,0.052671950835746835,0.1659977169620595,Social Media,372,0
8,57.48628429858371,51.59355395370954,2,Books,0.48357429004575214,0.3961218807063608,Email,1216,0
5,116.49774319479415,119.58104265374416,3,Electronics,0.1188425566471484,0.2704421610150156,Referral,1433,0
11,19.93747703067314,18.084412833596456,1,Fashion,0.20374008662597837,0.49445507826851076,Paid Search,116,0
10,40.162994792204984,2.0717495183068118,2,Fashion,0.1576785412805003,0.4223674821021001,Email,35,0
9,24.46536403200271,73.98908375417936,2,Books,0.40629221937152726,0.29943367698824114,Referral,569,1
3,45.0,120.0,5,Electronics,0.3,0.1,Organic,90,1
5,100.0,30.0,1,Electronics,0.05,0.1,Organic,100,0
12,85.0,45.0,3,Electronics,0.1,0.3,Organic,365,0
0,0.0,0.0,0,Electronics,0.0,0.0,Organic,0,0
0,0.0,0.0,0,Electronics,0.0,0.0,Organic,0,0
0,0.0,0.0,0,Electronics,0.0,0.0,Organic,0,0
0,0.0,0.0,0,Electronics,0.0,0.0,Organic,0,0
0,0.0,0.0,0,Electronics,0.0,0.0,Organic,0,0
0,0.0,0.0,0,Electronics,0.0,0.0,Organic,0,0
0,0.0,0.0,0,Electronics,0.0,0.0,Organic,0,0
0,0.0,0.0,0,Electronics,0.0,0.0,Organic,0,0
0,0.0,0.0,0,Electronics,0.0,0.0,Organic,0,0
0,0.0,0.0,0,Electronics,0.0,0.0,Organic,0,0
0,0.0,0.0,0,Electronics,0.0,0.0,Organic,0,0
0,0.0,0.0,0,Electronics,0.0,0.0,Organic,0,0
0,0.0,0.0,0,Electronics,0.0,0.0,Organic,0,0
0,0.0,0.0,0,Electronics,0.0,0.0,Organic,0,0
0,0.0,0.0,0,Electronics,0.0,0.0,Organic,0,0
0,0.0,0.0,0,Electronics,0.0,0.0,Organic,0,0
0,0.0,0.0,0,Electronics,0.0,0.0,Organic,0,0
0,0.0,0.0,0,Electronics,0.0,0.0,Organic,0,0
0,0.0,0.0,0,Electronics,0.0,0.0,Organic,0,0
0,0.0,0.0,0,Electronics,0.0,0.0,Organic,0,0
0,0.0,0.0,0,Electronics,0.0,0.0,Organic,0,0
0,0.0,0.0,0,Electronics,0.0,0.0,Organic,0,0
0,0.0,0.0,0,Electronics,0.0,0.0,Organic,0,0
0,0.0,0.0,0,Electronics,0.0,0.0,Organic,0,0
0,0.0,0.0,0,Electronics,0.0,0.0,Organic,0,0
0,0.0,0.0,0,Electronics,0.0,0.0,Organic,0,0
0,0.0,0.0,0,Electronics,0.0,0.0,Organic,0,0
0,0.0,0.0,0,Electronics,0.0,0.0,Organic,0,0
0,0.0,0.0,0,Electronics,0.0,0.0,Organic,0,0
0,0.0,0.0,0,Electronics,0.0,0.0,Organic,0,0
0,0.0,0.0,0,Electronics,0.0,0.0,Organic,0,0
0,0.0,0.0,0,Electronics,0.0,0.0,Organic,0,0
0,0.0,0.0,0,Electronics,0.0,0.0,Organic,0,0
0,0.0,0.0,0,Electronics,0.0,0.0,Organic,0,0
0,0.0,0.0,0,Electronics,0.0,0.0,Organic,0,0
0,0.0,0.0,0,Electronics,0.0,0.0,Organic,0,0
0,0.0,0.0,0,Electronics,0.0,0.0,Organic,0,0
0,0.0,0.0,0,Electronics,0.0,0.0,Organic,0,0
0,0.0,0.0,0,Electronics,0.0,0.0,Organic,0,0
0,0.0,0.0,0,Electronics,0.0,0.0,Organic,0,0
0,0.0,0.0,0,Electronics,0.0,0.0,Organic,0,0
0,0.0,0.0,0,Electronics,0.0,0.0,Organic,0,0
0,0.0,0.0,0,Electronics,0.0,0.0,Organic,0,0
0,0.0,0.0,0,Electronics,0.0,0.0,Organic,0,0
0,0.0,0.0,0,Electronics,0.0,0.0,Organic,0,0
0,0.0,0.0,0,Electronics,0.0,0.0,Organic,0,0
0,0.0,0.0,0,Electronics,0.0,0.0,Organic,0,0
0,0.0,0.0,0,Electronics,0.0,0.0,Organic,0,0
0,0.0,0.0,0,Electronics,0.0,0.0,Organic,0,0
0,0.0,0.0,0,Electronics,0.0,0.0,Organic,0,0
0,0.0,0.0,0,Electronics,0.0,0.0,Organic,0,0
0,0.0,0.0,0,Electronics,0.0,0.0,Organic,0,0
0,0.0,0.0,0,Electronics,0.0,0.0,Organic,0,0
0,0.0,0.0,0,Electronics,0.0,0.0,Organic,0,0
0,0.0,0.0,0,Electronics,0.0,0.0,Organic,0,0
0,0.0,0.0,0,Electronics,0.0,0.0,Organic,0,0
0,0.0,0.0,0,Electronics,0.0,0.0,Organic,0,0
0,0.0,0.0,0,Electronics,0.0,0.0,Organic,0,0
0,0.0,0.0,0,Electronics,0.0,0.0,Organic,0,0
0,0.0,0.0,0,Electronics,0.0,0.0,Organic,0,0
0,0.0,0.0,0,Electronics,0.0,0.0,Organic,0,0
0,0.0,0.0,0,Electronics,0.0,0.0,Organic,0,0
0,0.0,0.0,0,Electronics,0.0,0.0,Organic,0,0
0,0.0,0.0,0,Electronics,0.0,0.0,Organic,0,0
0,0.0,0.0,0,Electronics,0.0,0.0,Organic,0,0
0,0.0,0.0,0,Electronics,0.0,0.0,Organic,0,0
0,0.0,0.0,0,Electronics,0.0,0.0,Organic,0,0
0,0.0,0.0,0,Electronics,0.0,0.0,Organic,0,0
0,0.0,0.0,0,Electronics,0.0,0.0,Organic,0,0
0,0.0,0.0,0,Electronics,0.0,0.0,Organic,0,0
0,0.0,0.0,0,Electronics,0.0,0.0,Organic,0,0
0,0.0,0.0,0,Electronics,0.0,0.0,Organic,0,0
0,0.0,0.0,0,Electronics,0.0,0.0,Organic,0,0
0,0.0,0.0,0,Electronics,0.0,0.0,Organic,0,0
0,0.0,0.0,0,Electronics,0.0,0.0,Organic,0,0
0,0.0,0.0,0,Electronics,0.0,0.0,Organic,0,0
0,0.0,0.0,0,Electronics,0.0,0.0,Organic,0,0
0,0.0,0.0,0,Electronics,0.0,0.0,Organic,0,0
0,0.0,0.0,0,Electronics,0.0,0.0,Organic,0,0
0,0.0,0.0,0,Electronics,0.0,0.0,Organic,0,0
0,0.0,0.0,0,Electronics,0.0,0.0,Organic,0,0
0,0.0,0.0,0,Electronics,0.0,0.0,Organic,0,0
0,0.0,0.0,0,Electronics,0.0,0.0,Organic,0,0
0,0.0,0.0,0,Electronics,0.0,0.0,Organic,0,0
0,0.0,0.0,0,Electronics,0.0,0.0,Organic,0,0
0,0.0,0.0,0,Electronics,0.0,0.0,Organic,0,0
0,0.0,0.0,0,Electronics,0.0,0.0,Organic,0,0
0,0.0,0.0,0,Electronics,0.0,0.0,Organic,0,0
0,0.0,0.0,0,Electronics,0.0,0.0,Organic,0,0
0,0.0,0.0,0,Electronics,0.0,0.0,Organic,0,0
0,0.0,0.0,0,Electronics,0.0,0.0,Organic,0,0
0,0.0,0.0,0,Electronics,0.0,0.0,Organic,0,0
0,0.0,0.0,0,Electronics,0.0,0.0,Organic,0,0
0,0.0,0.0,0,Electronics,0.0,0.0,Organic,0,0
0,0.0,0.0,0,Electronics,0.0,0.0,Organic,0,0
0,0.0,0.0,0,Electronics,0.0,0.0,Organic,0,0
0,0.0,0.0,0,Electronics,0.0,0.0,Organic,0,0
0,0.0,0.0,0,Electronics,0.0,0.0,Organic,0,0
0,0.0,0.0,0,Electronics,0.0,0.0,Organic,0,0
0,0.0,0.0,0,Electronics,0.0,0.0,Organic,0,0
0,0.0,0.0,0,Electronics,0.0,0.0,Organic,0,0
0,0.0,0.0,0,Electronics,0.0,0.0,Organic,0,0
0,0.0,0.0,0,Electronics,0.0,0.0,Organic,0,0
0,0.0,0.0,0,Electronics,0.0,0.0,Organic,0,0
0,0.0,0.0,0,Electronics,0.0,0.0,Organic,0,0
0,0.0,0.0,0,Electronics,0.0,0.0,Organic,0,0
0,0.0,0.0,0,Electronics,0.0,0.0,Organic,0,0
0,0.0,0.0,0,Electronics,0.0,0.0,Organic,0,0
0,0.0,0.0,0,Electronics,0.0,0.0,Organic,0,0
0,0.0,0.0,0,Electronics,0.0,0.0,Organic,0,0
0,0.0,0.0,0,Electronics,0.0,0.0,Organic,0,0
0,0.0,0.0,0,Electronics,0.0,0.0,Organic,0,0
0,0.0,0.0,0,Electronics,0.0,0.0,Organic,0,0
0,0.0,0.0,0,Electronics,0.0,0.0,Organic,0,0
0,0.0,0.0,0,Electronics,0.0,0.0,Organic,0,0
0,0.0,0.0,0,Electronics,0.0,0.0,Organic,0,0
0,0.0,0.0,0,Electronics,0.0,0.0,Organic,0,0
0,0.0,0.0,0,Electronics,0.0,0.0,Organic,0,0
0,0.0,0.0,0,Electronics,0.0,0.0,Organic,0,0
0,0.0,0.0,0,Electronics,0.0,0.0,Organic,0,0
0,0.0,0.0,0,Electronics,0.0,0.0,Organic,0,0
0,0.0,0.0,0,Electronics,0.0,0.0,Organic,0,0
0,0.0,0.0,0,Electronics,0.0,0.0,Organic,0,0
0,0.0,0.0,0,Electronics,0.0,0.0,Organic,0,0
0,0.0,0.0,0,Electronics,0.0,0.0,Organic,0,0
0,0.0,0.0,0,Electronics,0.0,0.0,Organic,0,0
0,0.0,0.0,0,Electronics,0.0,0.0,Organic,0,0
0,0.0,0.0,0,Electronics,0.0,0.0,Organic,0,0
0,0.0,0.0,0,Electronics,0.0,0.0,Organic,0,0
0,0.0,0.0,0,Electronics,0.0,0.0,Organic,0,0
0,0.0,0.0,0,Electronics,0.0,0.0,Organic,0,0
0,0.0,0.0,0,Electronics,0.0,0.0,Organic,0,0
0,0.0,0.0,0,Electronics,0.0,0.0,Organic,0,0
0,0.0,0.0,0,Electronics,0.0,0.0,Organic,0,0
0,0.0,0.0,0,Electronics,0.0,0.0,Organic,0,0
0,0.0,0.0,0,Electronics,0.0,0.0,Organic,0,0
0,0.0,0.0,0,Electronics,0.0,0.0,Organic,0,0
0,0.0,0.0,0,Electronics,0.0,0.0,Organic,0,0
0,0.0,0.0,0,Electronics,0.0,0.0,Organic,0,0
0,0.0,0.0,0,Electronics,0.0,0.0,Organic,0,0
0,0.0,0.0,0,Electronics,0.0,0.0,Organic,0,0
0,0.0,0.0,0,Electronics,0.0,0.0,Organic,0,0
0,0.0,0.0,0,Electronics,0.0,0.0,Organic,0,0
0,0.0,0.0,0,Electronics,0.0,0.0,Organic,0,0
0,0.0,0.0,0,Electronics,0.0,0.0,Organic,0,0
0,0.0,0.0,0,Electronics,0.0,0.0,Organic,0,0
0,0.0,0.0,0,Electronics,0.0,0.0,Organic,0,0
0,0.0,0.0,0,Electronics,0.0,0.0,Organic,0,0
0,0.0,0.0,0,Electronics,0.0,0.0,Organic,0,0
0,0.0,0.0,0,Electronics,0.0,0.0,Organic,0,0
0,0.0,0.0,0,Electronics,0.0,0.0,Organic,0,0
0,0.0,0.0,0,Electronics,0.0,0.0,Organic,0,0
0,0.0,0.0,0,Electronics,0.0,0.0,Organic,0,0
0,0.0,0.0,0,Electronics,0.0,0.0,Organic,0,0
0,0.0,0.0,0,Electronics,0.0,0.0,Organic,0,0
0,0.0,0.0,0,Electronics,0.0,0.0,Organic,0,0
0,0.0,0.0,0,Electronics,0.0,0.0,Organic,0,0
0,0.0,0.0,0,Electronics,0.0,0.0,Organic,0,0
0,0.0,0.0,0,Electronics,0.0,0.0,Organic,0,0
0,0.0,0.0,0,Electronics,0.0,0.0,Organic,0,0
0,0.0,0.0,0,Electronics,0.0,0.0,Organic,0,0
0,0.0,0.0,0,Electronics,0.0,0.0,Organic,0,0
0,0.0,0.0,0,Electronics,0.0,0.0,Organic,0,0
0,0.0,0.0,0,Electronics,0.0,0.0,Organic,0,0
0,0.0,0.0,0,Electronics,0.0,0.0,Organic,0,0
0,0.0,0.0,0,Electronics,0.0,0.0,Organic,0,0
0,0.0,0.0,0,Electronics,0.0,0.0,Organic,0,0
0,0.0,0.0,0,Electronics,0.0,0.0,Organic,0,0
0,0.0,0.0,0,Electronics,0.0,0.0,Organic,0,0
0,0.0,0.0,0,Electronics,0.0,0.0,Organic,0,0
0,0.0,0.0,0,Electronics,0.0,0.0,Organic,0,0
0,0.0,0.0,0,Electronics,0.0,0.0,Organic,0,0
0,0.0,0.0,0,Electronics,0.0,0.0,Organic,0,0
0,0.0,0.0,0,Electronics,0.0,0.0,Organic,0,0
0,0.0,0.0,0,Electronics,0.0,0.0,Organic,0,0
0,0.0,0.0,0,Electronics,0.0,0.0,Organic,0,0
0,0.0,0.0,0,Electronics,0.0,0.0,Organic,0,0
0,0.0,0.0,0,Electronics,0.0,0.0,Organic,0,0
0,0.0,0.0,0,Electronics,0.0,0.0,Organic,0,0
0,0.0,0.0,0,Electronics,0.0,0.0,Organic,0,0
0,0.0,0.0,0,Electronics,0.0,0.0,Organic,0,0
0,0.0,0.0,0,Electronics,0.0,0.0,Organic,0,0
0,0.0,0.0,0,Electronics,0.0,0.0,Organic,0,0
0,0.0,0.0,0,Electronics,0.0,0.0,Organic,0,0
0,0.0,0.0,0,Electronics,0.0,0.0,Organic,0,0
0,0.0,0.0,0,Electronics,0.0,0.0,Organic,0,0
0,0.0,0.0,0,Electronics,0.0,0.0,Organic,0,0
0,0.0,0.0,0,Electronics,0.0,0.0,Organic,0,0
0,0.0,0.0,0,Electronics,0.0,0.0,Organic,0,0
0,0.0,0.0,0,Electronics,0.0,0.0,Organic,0,0
0,0.0,0.0,0,Electronics,0.0,0.0,Organic,0,0
0,0.0,0.0,0,Electronics,0.0,0.0,Organic,0,0
0,0.0,0.0,0,Electronics,0.0,0.0,Organic,0,0
0,0.0,0.0,0,Electronics,0.0,0.0,Organic,0,0
0,0.0,0.0,0,Electronics,0.0,0.0,Organic,0,0
0,0.0,0.0,0,Electronics,0.0,0.0,Organic,0,0
0,0.0,0.0,0,Electronics,0.0,0.0,Organic,0,0
0,0.0,0.0,0,Electronics,0.0,0.0,Organic,0,0
0,0.0,0.0,0,Electronics,0.0,0.0,Organic,0,0
0,0.0,0.0,0,Electronics,0.0,0.0,Organic,0,0
0,0.0,0.0,0,Electronics,0.0,0.0,Organic,0,0
0,0.0,0.0,0,Electronics,0.0,0.0,Organic,0,0
0,0.0,0.0,0,Electronics,0.0,0.0,Organic,0,0
0,0.0,0.0,0,Electronics,0.0,0.0,Organic,0,0
0,0.0,0.0,0,Electronics,0.0,0.0,Organic,0,0
0,0.0,0.0,0,Electronics,0.0,0.0,Organic,0,0
0,0.0,0.0,0,Electronics,0.0,0.0,Organic,0,0
0,0.0,0.0,0,Electronics,0.0,0.0,Organic,0,0
0,0.0,0.0,0,Electronics,0.0,0.0,Organic,0,0
0,0.0,0.0,0,Electronics,0.0,0.0,Organic,0,0
0,0.0,0.0,0,Electronics,0.0,0.0,Organic,0,0
0,0.0,0.0,0,Electronics,0.0,0.0,Organic,0,0
0,0.0,0.0,0,Electronics,0.0,0.0,Organic,0,0
0,0.0,0.0,0,Electronics,0.0,0.0,Organic,0,0
0,0.0,0.0,0,Electronics,0.0,0.0,Organic,0,0
0,0.0,0.0,0,Electronics,0.0,0.0,Organic,0,0
0,0.0,0.0,0,Electronics,0.0,0.0,Organic,0,0
0,0.0,0.0,0,Electronics,0.0,0.0,Organic,0,0
0,0.0,0.0,0,Electronics,0.0,0.0,Organic,0,0
0,0.0,0.0,0,Electronics,0.0,0.0,Organic,0,0
0,0.0,0.0,0,Electronics,0.0,0.0,Organic,0,0
0,0.0,0.0,0,Electronics,0.0,0.0,Organic,0,0
0,0.0,0.0,0,Electronics,0.0,0.0,Organic,0,0
0,0.0,0.0,0,Electronics,0.0,0.0,Organic,0,0
0,0.0,0.0,0,Electronics,0.0,0.0,Organic,0,0
0,0.0,0.0,0,Electronics,0.0,0.0,Organic,0,0
0,0.0,0.0,0,Electronics,0.0,0.0,Organic,0,0
0,0.0,0.0,0,Electronics,0.0,0.0,Organic,0,0
0,0.0,0.0,0,Electronics,0.0,0.0,Organic,0,0
0,0.0,0.0,0,Electronics,0.0,0.0,Organic,0,0
0,0.0,0.0,0,Electronics,0.0,0.0,Organic,0,0
0,0.0,0.0,0,Electronics,0.0,0.0,Organic,0,0
0,0.0,0.0,0,Electronics,0.0,0.0,Organic,0,0
0,0.0,0.0,0,Electronics,0.0,0.0,Organic,0,0
0,0.0,0.0,0,Electronics,0.0,0.0,Organic,0,0
0,0.0,0.0,0,Electronics,0.0,0.0,Organic,0,0
0,0.0,0.0,0,Electronics,0.0,0.0,Organic,0,0
0,0.0,0.0,0,Electronics,0.0,0.0,Organic,0,0
0,0.0,0.0,0,Electronics,0.0,0.0,Organic,0,0
0,0.0,0.0,0,Electronics,0.0,0.0,Organic,0,0
0,0.0,0.0,0,Electronics,0.0,0.0,Organic,0,0
0,0.0,0.0,0,Electronics,0.0,0.0,Organic,0,0
0,0.0,0.0,0,Electronics,0.0,0.0,Organic,0,0
0,0.0,0.0,0,Electronics,0.0,0.0,Organic,0,0
0,0.0,0.0,0,Electronics,0.0,0.0,Organic,0,0
0,0.0,0.0,0,Electronics,0.0,0.0,Organic,0,0
0,0.0,0.0,0,Electronics,0.0,0.0,Organic,0,0
0,0.0,0.0,0,Electronics,0.0,0.0,Organic,0,0
0,0.0,0.0,0,Electronics,0.0,0.0,Organic,0,0
0,0.0,0.0,0,Electronics,0.0,0.0,Organic,0,0
0,0.0,0.0,0,Electronics,0.0,0.0,Organic,0,0
0,0.0,0.0,0,Electronics,0.0,0.0,Organic,0,0
0,0.0,0.0,0,Electronics,0.0,0.0,Organic,0,0
0,0.0,0.0,0,Electronics,0.0,0.0,Organic,0,0
0,0.0,0.0,0,Electronics,0.0,0.0,Organic,0,0
0,0.0,0.0,0,Electronics,0.0,0.0,Organic,0,0
0,0.0,0.0,0,Electronics,0.0,0.0,Organic,0,0
0,0.0,0.0,0,Electronics,0.0,0.0,Organic,0,0
0,0.0,0.0,0,Electronics,0.0,0.0,Organic,0,0
0,0.0,0.0,0,Electronics,0.0,0.0,Organic,0,0
0,0.0,0.0,0,Electronics,0.0,0.0,Organic,0,0
0,0.0,0.0,0,Electronics,0.0,0.0,Organic,0,0
0,0.0,0.0,0,Electronics,0.0,0.0,Organic,0,0
0,0.0,0.0,0,Electronics,0.0,0.0,Organic,0,0
0,0.0,0.0,0,Electronics,0.0,0.0,Organic,0,0
0,0.0,0.0,0,Electronics,0.0,0.0,Organic,0,0
0,0.0,0.0,0,Electronics,0.0,0.0,Organic,0,0
0,0.0,0.0,0,Electronics,0.0,0.0,Organic,0,0
0,0.0,0.0,0,Electronics,0.0,0.0,Organic,0,0
0,0.0,0.0,0,Electronics,0.0,0.0,Organic,0,0
0,0.0,0.0,0,Electronics,0.0,0.0,Organic,0,0
0,0.0,0.0,0,Electronics,0.0,0.0,Organic,0,0
0,0.0,0.0,0,Electronics,0.0,0.0,Organic,0,0
0,0.0,0.0,0,Electronics,0.0,0.0,Organic,0,0
0,0.0,0.0,0,Electronics,0.0,0.0,Organic,0,0
0,0.0,0.0,0,Electronics,0.0,0.0,Organic,0,0
0,0.0,0.0,0,Electronics,0.0,0.0,Organic,0,0
0,0.0,0.0,0,Electronics,0.0,0.0,Organic,0,0
0,0.0,0.0,0,Electronics,0.0,0.0,Organic,0,0
0,0.0,0.0,0,Electronics,0.0,0.0,Organic,0,0
0,0.0,0.0,0,Electronics,0.0,0.0,Organic,0,0
0,0.0,0.0,0,Electronics,0.0,0.0,Organic,0,0
0,0.0,0.0,0,Electronics,0.0,0.0,Organic,0,0
0,0.0,0.0,0,Electronics,0.0,0.0,Organic,0,0
0,0.0,0.0,0,Electronics,0.0,0.0,Organic,0,0
0,0.0,0.0,0,Electronics,0.0,0.0,Organic,0,0
0,0.0,0.0,0,Electronics,0.0,0.0,Organic,0,0
0,0.0,0.0,0,Electronics,0.0,0.0,Organic,0,0
0,0.0,0.0,0,Electronics,0.0,0.0,Organic,0,0
0,0.0,0.0,0,Electronics,0.0,0.0,Organic,0,0
0,0.0,0.0,0,Electronics,0.0,0.0,Organic,0,0
0,0.0,0.0,0,Electronics,0.0,0.0,Organic,0,0
0,0.0,0.0,0,Electronics,0.0,0.0,Organic,0,0
0,0.0,0.0,0,Electronics,0.0,0.0,Organic,0,0
0,0.0,0.0,0,Electronics,0.0,0.0,Organic,0,0
0,0.0,0.0,0,Electronics,0.0,0.0,Organic,0,0
0,0.0,0.0,0,Electronics,0.0,0.0,Organic,0,0
12,85.0,45.0,3,Electronics,0.1,0.3,Organic,365,0
0,0.0,0.0,0,Electronics,0.0,0.0,Organic,0,0
0,0.0,0.0,0,Electronics,0.0,0.0,Organic,0,0
0,0.0,0.0,0,Electronics,0.0,0.0,Organic,0,0
0,0.0,0.0,0,Electronics,0.0,0.0,Organic,0,0
0,0.0,0.0,0,Electronics,0.0,0.0,Organic,0,0
0,0.0,0.0,0,Electronics,0.0,0.0,Organic,0,0
0,0.0,0.0,0,Electronics,0.0,0.0,Organic,0,0
0,0.0,0.0,0,Electronics,0.0,0.0,Organic,0,0
0,0.0,0.0,0,Electronics,0.0,0.0,Organic,0,0
0,0.0,0.0,0,Electronics,0.0,0.0,Organic,0,0
0,0.0,0.0,0,Electronics,0.0,0.0,Organic,0,0
0,0.0,0.0,0,Electronics,0.0,0.0,Organic,0,0
0,0.0,0.0,0,Electronics,0.0,0.0,Organic,0,0
0,0.0,0.0,0,Electronics,0.0,0.0,Organic,0,0
0,0.0,0.0,0,Electronics,0.0,0.0,Organic,0,0
0,0.0,0.0,0,Electronics,0.0,0.0,Organic,0,0
0,0.0,0.0,0,Electronics,0.0,0.0,Organic,0,0
0,0.0,0.0,0,Electronics,0.0,0.0,Organic,0,0
0,0.0,0.0,0,Electronics,0.0,0.0,Organic,0,0
0,0.0,0.0,0,Electronics,0.0,0.0,Organic,0,0
0,0.0,0.0,0,Electronics,0.0,0.0,Organic,0,0
0,0.0,0.0,0,Electronics,0.0,0.0,Organic,0,0
0,0.0,0.0,0,Electronics,0.0,0.0,Organic,0,0
0,0.0,0.0,0,Electronics,0.0,0.0,Organic,0,0
0,0.0,0.0,0,Electronics,0.0,0.0,Organic,0,0
0,0.0,0.0,0,Electronics,0.0,0.0,Organic,0,0
0,0.0,0.0,0,Electronics,0.0,0.0,Organic,0,0
0,0.0,0.0,0,Electronics,0.0,0.0,Organic,0,0
0,0.0,0.0,0,Electronics,0.0,0.0,Organic,0,0
0,0.0,0.0,0,Electronics,0.0,0.0,Organic,0,0
0,0.0,0.0,0,Electronics,0.0,0.0,Organic,0,0
0,0.0,0.0,0,Electronics,0.0,0.0,Organic,0,0
0,0.0,0.0,0,Electronics,0.0,0.0,Organic,0,0
0,0.0,0.0,0,Electronics,0.0,0.0,Organic,0,0
0,0.0,0.0,0,Electronics,0.0,0.0,Organic,0,0
0,0.0,0.0,0,Electronics,0.0,0.0,Organic,0,0
0,0.0,0.0,0,Electronics,0.0,0.0,Organic,0,0
0,0.0,0.0,0,Electronics,0.0,0.0,Organic,0,0
0,0.0,0.0,0,Electronics,0.0,0.0,Organic,0,0
0,0.0,0.0,0,Electronics,0.0,0.0,Organic,0,0
0,0.0,0.0,0,Electronics,0.0,0.0,Organic,0,0
0,0.0,0.0,0,Electronics,0.0,0.0,Organic,0,0
0,0.0,0.0,0,Electronics,0.0,0.0,Organic,0,0
0,0.0,0.0,0,Electronics,0.0,0.0,Organic,0,0
0,0.0,0.0,0,Electronics,0.0,0.0,Organic,0,0
0,0.0,0.0,0,Electronics,0.0,0.0,Organic,0,0
0,0.0,0.0,0,Electronics,0.0,0.0,Organic,0,0
0,0.0,0.0,0,Electronics,0.0,0.0,Organic,0,0
0,0.0,0.0,0,Electronics,0.0,0.0,Organic,0,0
0,0.0,0.0,0,Electronics,0.0,0.0,Organic,0,0
0,0.0,0.0,0,Electronics,0.0,0.0,Organic,0,0
0,0.0,0.0,0,Electronics,0.0,0.0,Organic,0,0
0,0.0,0.0,0,Electronics,0.0,0.0,Organic,0,0
0,0.0,0.0,0,Electronics,0.0,0.0,Organic,0,0
0,0.0,0.0,0,Electronics,0.0,0.0,Organic,0,0
0,0.0,0.0,0,Electronics,0.0,0.0,Organic,0,0
0,0.0,0.0,0,Electronics,0.0,0.0,Organic,0,0
0,0.0,0.0,0,Electronics,0.0,0.0,Organic,0,0
0,0.0,0.0,0,Electronics,0.0,0.0,Organic,0,0
0,0.0,0.0,0,Electronics,0.0,0.0,Organic,0,0
0,0.0,0.0,0,Electronics,0.0,0.0,Organic,0,0
0,0.0,0.0,0,Electronics,0.0,0.0,Organic,0,0
0,0.0,0.0,0,Electronics,0.0,0.0,Organic,0,0
0,0.0,0.0,0,Electronics,0.0,0.0,Organic,0,0
0,0.0,0.0,0,Electronics,0.0,0.0,Organic,0,0
0,0.0,0.0,0,Electronics,0.0,0.0,Organic,0,0
0,0.0,0.0,0,Electronics,0.0,0.0,Organic,0,0
0,0.0,0.0,0,Electronics,0.0,0.0,Organic,0,0
0,0.0,0.0,0,Electronics,0.0,0.0,Organic,0,0
0,0.0,0.0,0,Electronics,0.0,0.0,Organic,0,0
0,0.0,0.0,0,Electronics,0.0,0.0,Organic,0,0
0,0.0,0.0,0,Electronics,0.0,0.0,Organic,0,0
0,0.0,0.0,0,Electronics,0.0,0.0,Organic,0,0
0,0.0,0.0,0,Electronics,0.0,0.0,Organic,0,0
0,0.0,0.0,0,Electronics,0.0,0.0,Organic,0,0
0,0.0,0.0,0,Electronics,0.0,0.0,Organic,0,0
0,0.0,0.0,0,Electronics,0.0,0.0,Organic,0,0
0,0.0,0.0,0,Electronics,0.0,0.0,Organic,0,0
0,0.0,0.0,0,Electronics,0.0,0.0,Organic,0,0
0,0.0,0.0,0,Electronics,0.0,0.0,Organic,0,0
0,0.0,0.0,0,Electronics,0.0,0.0,Organic,0,0
0,0.0,0.0,0,Electronics,0.0,0.0,Organic,0,0
0,0.0,0.0,0,Electronics,0.0,0.0,Organic,0,0
0,0.0,0.0,0,Electronics,0.0,0.0,Organic,0,0
0,0.0,0.0,0,Electronics,0.0,0.0,Organic,0,0
0,0.0,0.0,0,Electronics,0.0,0.0,Organic,0,0
0,0.0,0.0,0,Electronics,0.0,0.0,Organic,0,0
0,0.0,0.0,0,Electronics,0.0,0.0,Organic,0,0
0,0.0,0.0,0,Electronics,0.0,0.0,Organic,0,0
0,0.0,0.0,0,Electronics,0.0,0.0,Organic,0,0
0,0.0,0.0,0,Electronics,0.0,0.0,Organic,0,0
0,0.0,0.0,0,Electronics,0.0,0.0,Organic,0,0
0,0.0,0.0,0,Electronics,0.0,0.0,Organic,0,0
0,0.0,0.0,0,Electronics,0.0,0.0,Organic,0,0
0,0.0,0.0,0,Electronics,0.0,0.0,Organic,0,0
0,0.0,0.0,0,Electronics,0.0,0.0,Organic,0,0
0,0.0,0.0,0,Electronics,0.0,0.0,Organic,0,0
0,0.0,0.0,0,Electronics,0.0,0.0,Organic,0,0
0,0.0,0.0,0,Electronics,0.0,0.0,Organic,0,0
0,0.0,0.0,0,Electronics,0.0,0.0,Organic,0,0
0,0.0,0.0,0,Electronics,0.0,0.0,Organic,0,0
0,0.0,0.0,0,Electronics,0.0,0.0,Organic,0,0
0,0.0,0.0,0,Electronics,0.0,0.0,Organic,0,0
0,0.0,0.0,0,Electronics,0.0,0.0,Organic,0,0
0,0.0,0.0,0,Electronics,0.0,0.0,Organic,0,0
0,0.0,0.0,0,Electronics,0.0,0.0,Organic,0,0
0,0.0,0.0,0,Electronics,0.0,0.0,Organic,0,0
0,0.0,0.0,0,Electronics,0.0,0.0,Organic,0,0
0,0.0,0.0,0,Electronics,0.0,0.0,Organic,0,0
0,0.0,0.0,0,Electronics,0.0,0.0,Organic,0,0
0,0.0,0.0,0,Electronics,0.0,0.0,Organic,0,0
0,0.0,0.0,0,Electronics,0.0,0.0,Organic,0,0
0,0.0,0.0,0,Electronics,0.0,0.0,Organic,0,0
0,0.0,0.0,0,Electronics,0.0,0.0,Organic,0,0
0,0.0,0.0,0,Electronics,0.0,0.0,Organic,0,0
0,0.0,0.0,0,Electronics,0.0,0.0,Organic,0,0
0,0.0,0.0,0,Electronics,0.0,0.0,Organic,0,0
0,0.0,0.0,0,Electronics,0.0,0.0,Organic,0,0
0,0.0,0.0,0,Electronics,0.0,0.0,Organic,0,0
0,0.0,0.0,0,Electronics,0.0,0.0,Organic,0,0
0,0.0,0.0,0,Electronics,0.0,0.0,Organic,0,0
0,0.0,0.0,0,Electronics,0.0,0.0,Organic,0,0
0,0.0,0.0,0,Electronics,0.0,0.0,Organic,0,0
0,0.0,0.0,0,Electronics,0.0,0.0,Organic,0,0
0,0.0,0.0,0,Electronics,0.0,0.0,Organic,0,0
0,0.0,0.0,0,Electronics,0.0,0.0,Organic,0,0
0,0.0,0.0,0,Electronics,0.0,0.0,Organic,0,0
0,0.0,0.0,0,Electronics,0.0,0.0,Organic,0,0
0,0.0,0.0,0,Electronics,0.0,0.0,Organic,0,0
0,0.0,0.0,0,Electronics,0.0,0.0,Organic,0,0
0,0.0,0.0,0,Electronics,0.0,0.0,Organic,0,0
0,0.0,0.0,0,Electronics,0.0,0.0,Organic,0,0
0,0.0,0.0,0,Electronics,0.0,0.0,Organic,0,0
0,0.0,0.0,0,Electronics,0.0,0.0,Organic,0,0
0,0.0,0.0,0,Electronics,0.0,0.0,Organic,0,0
0,0.0,0.0,0,Electronics,0.0,0.0,Organic,0,0
0,0.0,0.0,0,Electronics,0.0,0.0,Organic,0,0
0,0.0,0.0,0,Electronics,0.0,0.0,Organic,0,0
0,0.0,0.0,0,Electronics,0.0,0.0,Organic,0,0
0,0.0,0.0,0,Electronics,0.0,0.0,Organic,0,0
0,0.0,0.0,0,Electronics,0.0,0.0,Organic,0,0
0,0.0,0.0,0,Electronics,0.0,0.0,Organic,0,0
0,0.0,0.0,0,Electronics,0.0,0.0,Organic,0,0
0,0.0,0.0,0,Electronics,0.0,0.0,Organic,0,0
0,0.0,0.0,0,Electronics,0.0,0.0,Organic,0,0
0,0.0,0.0,0,Electronics,0.0,0.0,Organic,0,0
0,0.0,0.0,0,Electronics,0.0,0.0,Organic,0,0
0,0.0,0.0,0,Electronics,0.0,0.0,Organic,0,0
0,0.0,0.0,0,Electronics,0.0,0.0,Organic,0,0
0,0.0,0.0,0,Electronics,0.0,0.0,Organic,0,0
0,0.0,0.0,0,Electronics,0.0,0.0,Organic,0,0
0,0.0,0.0,0,Electronics,0.0,0.0,Organic,0,0
0,0.0,0.0,0,Electronics,0.0,0.0,Organic,0,0
0,0.0,0.0,0,Electronics,0.0,0.0,Organic,0,0
0,0.0,0.0,0,Electronics,0.0,0.0,Organic,0,0
0,0.0,0.0,0,Electronics,0.0,0.0,Organic,0,0
0,0.0,0.0,0,Electronics,0.0,0.0,Organic,0,0
0,0.0,0.0,0,Electronics,0.0,0.0,Organic,0,0
0,0.0,0.0,0,Electronics,0.0,0.0,Organic,0,0
0,0.0,0.0,0,Electronics,0.0,0.0,Organic,0,0
0,0.0,0.0,0,Electronics,0.0,0.0,Organic,0,0
0,0.0,0.0,0,Electronics,0.0,0.0,Organic,0,0
0,0.0,0.0,0,Electronics,0.0,0.0,Organic,0,0
0,0.0,0.0,0,Electronics,0.0,0.0,Organic,0,0
0,0.0,0.0,0,Electronics,0.0,0.0,Organic,0,0
0,0.0,0.0,0,Electronics,0.0,0.0,Organic,0,0
0,0.0,0.0,0,Electronics,0.0,0.0,Organic,0,0
0,0.0,0.0,0,Electronics,0.0,0.0,Organic,0,0
0,0.0,0.0,0,Electronics,0.0,0.0,Organic,0,0
0,0.0,0.0,0,Electronics,0.0,0.0,Organic,0,0
0,0.0,0.0,0,Electronics,0.0,0.0,Organic,0,0
0,0.0,0.0,0,Electronics,0.0,0.0,Organic,0,0
0,0.0,0.0,0,Electronics,0.0,0.0,Organic,0,0
0,0.0,0.0,0,Electronics,0.0,0.0,Organic,0,0
0,0.0,0.0,0,Electronics,0.0,0.0,Organic,0,0
0,0.0,0.0,0,Electronics,0.0,0.0,Organic,0,0
0,0.0,0.0,0,Electronics,0.0,0.0,Organic,0,0
0,0.0,0.0,0,Electronics,0.0,0.0,Organic,0,0
0,0.0,0.0,0,Electronics,0.0,0.0,Organic,0,0
0,0.0,0.0,0,Electronics,0.0,0.0,Organic,0,0
0,0.0,0.0,0,Electronics,0.0,0.0,Organic,0,0
0,0.0,0.0,0,Electronics,0.0,0.0,Organic,0,0
0,0.0,0.0,0,Electronics,0.0,0.0,Organic,0,0
0,0.0,0.0,0,Electronics,0.0,0.0,Organic,0,0
0,0.0,0.0,0,Electronics,0.0,0.0,Organic,0,0
0,0.0,0.0,0,Electronics,0.0,0.0,Organic,0,0
0,0.0,0.0,0,Electronics,0.0,0.0,Organic,0,0
0,0.0,0.0,0,Electronics,0.0,0.0,Organic,0,0
0,0.0,0.0,0,Electronics,0.0,0.0,Organic,0,0
0,0.0,0.0,0,Electronics,0.0,0.0,Organic,0,0
0,0.0,0.0,0,Electronics,0.0,0.0,Organic,0,0
0,0.0,0.0,0,Electronics,0.0,0.0,Organic,0,0
0,0.0,0.0,0,Electronics,0.0,0.0,Organic,0,0
0,0.0,0.0,0,Electronics,0.0,0.0,Organic,0,0
0,0.0,0.0,0,Electronics,0.0,0.0,Organic,0,0
0,0.0,0.0,0,Electronics,0.0,0.0,Organic,0,0
0,0.0,0.0,0,Electronics,0.0,0.0,Organic,0,0
0,0.0,0.0,0,Electronics,0.0,0.0,Organic,0,0
0,0.0,0.0,0,Electronics,0.0,0.0,Organic,0,0
0,0.0,0.0,0,Electronics,0.0,0.0,Organic,0,0
0,0.0,0.0,0,Electronics,0.0,0.0,Organic,0,0
0,0.0,0.0,0,Electronics,0.0,0.0,Organic,0,0
0,0.0,0.0,0,Electronics,0.0,0.0,Organic,0,0
0,0.0,0.0,0,Electronics,0.0,0.0,Organic,0,0
0,0.0,0.0,0,Electronics,0.0,0.0,Organic,0,0
0,0.0,0.0,0,Electronics,0.0,0.0,Organic,0,0
0,0.0,0.0,0,Electronics,0.0,0.0,Organic,0,0
0,0.0,0.0,0,Electronics,0.0,0.0,Organic,0,0
0,0.0,0.0,0,Electronics,0.0,0.0,Organic,0,0
0,0.0,0.0,0,Electronics,0.0,0.0,Organic,0,0
0,0.0,0.0,0,Electronics,0.0,0.0,Organic,0,0
0,0.0,0.0,0,Electronics,0.0,0.0,Organic,0,0
0,0.0,0.0,0,Electronics,0.0,0.0,Organic,0,0
0,0.0,0.0,0,Electronics,0.0,0.0,Organic,0,0
0,0.0,0.0,0,Electronics,0.0,0.0,Organic,0,0
0,0.0,0.0,0,Electronics,0.0,0.0,Organic,0,0
0,0.0,0.0,0,Electronics,0.0,0.0,Organic,0,0
0,0.0,0.0,0,Electronics,0.0,0.0,Organic,0,0
0,0.0,0.0,0,Electronics,0.0,0.0,Organic,0,0
0,0.0,0.0,0,Electronics,0.0,0.0,Organic,0,0
0,0.0,0.0,0,Electronics,0.0,0.0,Organic,0,0
0,0.0,0.0,0,Electronics,0.0,0.0,Organic,0,0
0,0.0,0.0,0,Electronics,0.0,0.0,Organic,0,0
0,0.0,0.0,0,Electronics,0.0,0.0,Organic,0,0
0,0.0,0.0,0,Electronics,0.0,0.0,Organic,0,0
0,0.0,0.0,0,Electronics,0.0,0.0,Organic,0,0
0,0.0,0.0,0,Electronics,0.0,0.0,Organic,0,0
0,0.0,0.0,0,Electronics,0.0,0.0,Organic,0,0
0,0.0,0.0,0,Electronics,0.0,0.0,Organic,0,0
0,0.0,0.0,0,Electronics,0.0,0.0,Organic,0,0
0,0.0,0.0,0,Electronics,0.0,0.0,Organic,0,0
0,0.0,0.0,0,Electronics,0.0,0.0,Organic,0,0
0,0.0,0.0,0,Electronics,0.0,0.0,Organic,0,0
0,0.0,0.0,0,Electronics,0.0,0.0,Organic,0,0
0,0.0,0.0,0,Electronics,0.0,0.0,Organic,0,0
0,0.0,0.0,0,Electronics,0.0,0.0,Organic,0,0
0,0.0,0.0,0,Electronics,0.0,0.0,Organic,0,0
0,0.0,0.0,0,Electronics,0.0,0.0,Organic,0,0
0,0.0,0.0,0,Electronics,0.0,0.0,Organic,0,0
0,0.0,0.0,0,Electronics,0.0,0.0,Organic,0,0
0,0.0,0.0,0,Electronics,0.0,0.0,Organic,0,0
0,0.0,0.0,0,Electronics,0.0,0.0,Organic,0,0
0,0.0,0.0,0,Electronics,0.0,0.0,Organic,0,0
0,0.0,0.0,0,Electronics,0.0,0.0,Organic,0,0
0,0.0,0.0,0,Electronics,0.0,0.0,Organic,0,0
0,0.0,0.0,0,Electronics,0.0,0.0,Organic,0,0
0,0.0,0.0,0,Electronics,0.0,0.0,Organic,0,0
0,0.0,0.0,0,Electronics,0.0,0.0,Organic,0,0
0,0.0,0.0,0,Electronics,0.0,0.0,Organic,0,0
0,0.0,0.0,0,Electronics,0.0,0.0,Organic,0,0
0,0.0,0.0,0,Electronics,0.0,0.0,Organic,0,0
0,0.0,0.0,0,Electronics,0.0,0.0,Organic,0,0
0,0.0,0.0,0,Electronics,0.0,0.0,Organic,0,0
0,0.0,0.0,0,Electronics,0.0,0.0,Organic,0,0
0,0.0,0.0,0,Electronics,0.0,0.0,Organic,0,0
0,0.0,0.0,0,Electronics,0.0,0.0,Organic,0,0
0,0.0,0.0,0,Electronics,0.0,0.0,Organic,0,0
0,0.0,0.0,0,Electronics,0.0,0.0,Organic,0,0
0,0.0,0.0,0,Electronics,0.0,0.0,Organic,0,0
0,0.0,0.0,0,Electronics,0.0,0.0,Organic,0,0
0,0.0,0.0,0,Electronics,0.0,0.0,Organic,0,0
0,0.0,0.0,0,Electronics,0.0,0.0,Organic,0,0
0,0.0,0.0,0,Electronics,0.0,0.0,Organic,0,0
0,0.0,0.0,0,Electronics,0.0,0.0,Organic,0,0
0,0.0,0.0,0,Electronics,0.0,0.0,Organic,0,0
0,0.0,0.0,0,Electronics,0.0,0.0,Organic,0,0
0,0.0,0.0,0,Electronics,0.0,0.0,Organic,0,0
0,0.0,0.0,0,Electronics,0.0,0.0,Organic,0,0
0,0.0,0.0,0,Electronics,0.0,0.0,Organic,0,0
0,0.0,0.0,0,Electronics,0.0,0.0,Organic,0,0
0,0.0,0.0,0,Electronics,0.0,0.0,Organic,0,0
0,0.0,0.0,0,Electronics,0.0,0.0,Organic,0,0
0,0.0,0.0,0,Electronics,0.0,0.0,Organic,0,0
0,0.0,0.0,0,Electronics,0.0,0.0,Organic,0,0
0,0.0,0.0,0,Electronics,0.0,0.0,Organic,0,0
0,0.0,0.0,0,Electronics,0.0,0.0,Organic,0,0
0,0.0,0.0,0,Electronics,0.0,0.0,Organic,0,0
0,0.0,0.0,0,Electronics,0.0,0.0,Organic,0,0
0,0.0,0.0,0,Electronics,0.0,0.0,Organic,0,0
0,0.0,0.0,0,Electronics,0.0,0.0,Organic,0,0
0,0.0,0.0,0,Electronics,0.0,0.0,Organic,0,0
0,0.0,0.0,0,Electronics,0.0,0.0,Organic,0,0
0,0.0,0.0,0,Electronics,0.0,0.0,Organic,0,0
0,0.0,0.0,0,Electronics,0.0,0.0,Organic,0,0
0,0.0,0.0,0,Electronics,0.0,0.0,Organic,0,0
0,0.0,0.0,0,Electronics,0.0,0.0,Organic,0,0
0,0.0,0.0,0,Electronics,0.0,0.0,Organic,0,0
0,0.0,0.0,0,Electronics,0.0,0.0,Organic,0,0
0,0.0,0.0,0,Electronics,0.0,0.0,Organic,0,0
0,0.0,0.0,0,Electronics,0.0,0.0,Organic,0,0
0,0.0,0.0,0,Electronics,0.0,0.0,Organic,0,0
0,0.0,0.0,0,Electronics,0.0,0.0,Organic,0,0
0,0.0,0.0,0,Electronics,0.0,0.0,Organic,0,0
0,0.0,0.0,0,Electronics,0.0,0.0,Organic,0,0
0,0.0,0.0,0,Electronics,0.0,0.0,Organic,0,0
0,0.0,0.0,0,Electronics,0.0,0.0,Organic,0,0
0,0.0,0.0,0,Electronics,0.0,0.0,Organic,0,0
0,0.0,0.0,0,Electronics,0.0,0.0,Organic,0,0
0,0.0,0.0,0,Electronics,0.0,0.0,Organic,0,0
0,0.0,0.0,0,Electronics,0.0,0.0,Organic,0,0
0,0.0,0.0,0,Electronics,0.0,0.0,Organic,0,0
0,0.0,0.0,0,Electronics,0.0,0.0,Organic,0,0
0,0.0,0.0,0,Electronics,0.0,0.0,Organic,0,0
0,0.0,0.0,0,Electronics,0.0,0.0,Organic,0,0
0,0.0,0.0,0,Electronics,0.0,0.0,Organic,0,0
0,0.0,0.0,0,Electronics,0.0,0.0,Organic,0,0
0,0.0,0.0,0,Electronics,0.0,0.0,Organic,0,0
0,0.0,0.0,0,Electronics,0.0,0.0,Organic,0,0
0,0.0,0.0,0,Electronics,0.0,0.0,Organic,0,0
0,0.0,0.0,0,Electronics,0.0,0.0,Organic,0,0
0,0.0,0.0,0,Electronics,0.0,0.0,Organic,0,0
0,0.0,0.0,0,Electronics,0.0,0.0,Organic,0,0
0,0.0,0.0,0,Electronics,0.0,0.0,Organic,0,0
0,0.0,0.0,0,Electronics,0.0,0.0,Organic,0,0
0,0.0,0.0,0,Electronics,0.0,0.0,Organic,0,0
0,0.0,0.0,0,Electronics,0.0,0.0,Organic,0,0
0,0.0,0.0,0,Electronics,0.0,0.0,Organic,0,0
0,0.0,0.0,0,Electronics,0.0,0.0,Organic,0,0
0,0.0,0.0,0,Electronics,0.0,0.0,Organic,0,0
0,0.0,0.0,0,Electronics,0.0,0.0,Organic,0,0
0,0.0,0.0,0,Electronics,0.0,0.0,Organic,0,0
0,0.0,0.0,0,Electronics,0.0,0.0,Organic,0,0
0,0.0,0.0,0,Electronics,0.0,0.0,Organic,0,0
0,0.0,0.0,0,Electronics,0.0,0.0,Organic,0,0
0,0.0,0.0,0,Electronics,0.0,0.0,Organic,0,0
0,0.0,0.0,0,Electronics,0.0,0.0,Organic,0,0
0,0.0,0.0,0,Electronics,0.0,0.0,Organic,0,0
0,0.0,0.0,0,Electronics,0.0,0.0,Organic,0,0
0,0.0,0.0,0,Electronics,0.0,0.0,Organic,0,0
0,0.0,0.0,0,Electronics,0.0,0.0,Organic,0,0
0,0.0,0.0,0,Electronics,0.0,0.0,Organic,0,0
0,0.0,0.0,0,Electronics,0.0,0.0,Organic,0,0
0,0.0,0.0,0,Electronics,0.0,0.0,Organic,0,0
0,0.0,0.0,0,Electronics,0.0,0.0,Organic,0,0
0,0.0,0.0,0,Electronics,0.0,0.0,Organic,0,0
0,0.0,0.0,0,Electronics,0.0,0.0,Organic,0,0
0,0.0,0.0,0,Electronics,0.0,0.0,Organic,0,0
0,0.0,0.0,0,Electronics,0.0,0.0,Organic,0,0
0,0.0,0.0,0,Electronics,0.0,0.0,Organic,0,0
0,0.0,0.0,0,Electronics,0.0,0.0,Organic,0,0
0,0.0,0.0,0,Electronics,0.0,0.0,Organic,0,0
0,0.0,0.0,0,Electronics,0.0,0.0,Organic,0,0
0,0.0,0.0,0,Electronics,0.0,0.0,Organic,0,0
0,0.0,0.0,0,Electronics,0.0,0.0,Organic,0,0
0,0.0,0.0,0,Electronics,0.0,0.0,Organic,0,0
0,0.0,0.0,0,Electronics,0.0,0.0,Organic,0,0
0,0.0,0.0,0,Electronics,0.0,0.0,Organic,0,0
0,0.0,0.0,0,Electronics,0.0,0.0,Organic,0,0
0,0.0,0.0,0,Electronics,0.0,0.0,Organic,0,0
0,0.0,0.0,0,Electronics,0.0,0.0,Organic,0,0
0,0.0,0.0,0,Electronics,0.0,0.0,Organic,0,0
0,0.0,0.0,0,Electronics,0.0,0.0,Organic,0,0
0,0.0,0.0,0,Electronics,0.0,0.0,Organic,0,0
0,0.0,0.0,0,Electronics,0.0,0.0,Organic,0,0
0,0.0,0.0,0,Electronics,0.0,0.0,Organic,0,0
0,0.0,0.0,0,Electronics,0.0,0.0,Organic,0,0
0,0.0,0.0,0,Electronics,0.0,0.0,Organic,0,0
0,0.0,0.0,0,Electronics,0.0,0.0,Organic,0,0
0,0.0,0.0,0,Electronics,0.0,0.0,Organic,0,0
0,0.0,0.0,0,Electronics,0.0,0.0,Organic,0,0
0,0.0,0.0,0,Electronics,0.0,0.0,Organic,0,0
0,0.0,0.0,0,Electronics,0.0,0.0,Organic,0,0
0,0.0,0.0,0,Electronics,0.0,0.0,Organic,0,0
0,0.0,0.0,0,Electronics,0.0,0.0,Organic,0,0
0,0.0,0.0,0,Electronics,0.0,0.0,Organic,0,0
0,0.0,0.0,0,Electronics,0.0,0.0,Organic,0,0
0,0.0,0.0,0,Electronics,0.0,0.0,Organic,0,0
0,0.0,0.0,0,Electronics,0.0,0.0,Organic,0,0
0,0.0,0.0,0,Electronics,0.0,0.0,Organic,0,0
0,0.0,0.0,0,Electronics,0.0,0.0,Organic,0,0
0,0.0,0.0,0,Electronics,0.0,0.0,Organic,0,0
0,0.0,0.0,0,Electronics,0.0,0.0,Organic,0,0
0,0.0,0.0,0,Electronics,0.0,0.0,Organic,0,0
0,0.0,0.0,0,Electronics,0.0,0.0,Organic,0,0
0,0.0,0.0,0,Electronics,0.0,0.0,Organic,0,0
0,0.0,0.0,0,Electronics,0.0,0.0,Organic,0,0
0,0.0,0.0,0,Electronics,0.0,0.0,Organic,0,0
0,0.0,0.0,0,Electronics,0.0,0.0,Organic,0,0
0,0.0,0.0,0,Electronics,0.0,0.0,Organic,0,0
0,0.0,0.0,0,Electronics,0.0,0.0,Organic,0,0
0,0.0,0.0,0,Electronics,0.0,0.0,Organic,0,0
0,0.0,0.0,0,Electronics,0.0,0.0,Organic,0,0
0,0.0,0.0,0,Electronics,0.0,0.0,Organic,0,0
0,0.0,0.0,0,Electronics,0.0,0.0,Organic,0,0
0,0.0,0.0,0,Electronics,0.0,0.0,Organic,0,0
0,0.0,0.0,0,Electronics,0.0,0.0,Organic,0,0
0,0.0,0.0,0,Electronics,0.0,0.0,Organic,0,0
0,0.0,0.0,0,Electronics,0.0,0.0,Organic,0,0
0,0.0,0.0,0,Electronics,0.0,0.0,Organic,0,0
0,0.0,0.0,0,Electronics,0.0,0.0,Organic,0,0
0,0.0,0.0,0,Electronics,0.0,0.0,Organic,0,0
0,0.0,0.0,0,Electronics,0.0,0.0,Organic,0,0
0,0.0,0.0,0,Electronics,0.0,0.0,Organic,0,0
0,0.0,0.0,0,Electronics,0.0,0.0,Organic,0,0
0,0.0,0.0,0,Electronics,0.0,0.0,Organic,0,0
0,0.0,0.0,0,Electronics,0.0,0.0,Organic,0,0
0,0.0,0.0,0,Electronics,0.0,0.0,Organic,0,0
0,0.0,0.0,0,Electronics,0.0,0.0,Organic,0,0
0,0.0,0.0,0,Electronics,0.0,0.0,Organic,0,0
0,0.0,0.0,0,Electronics,0.0,0.0,Organic,0,0
0,0.0,0.0,0,Electronics,0.0,0.0,Organic,0,0
0,0.0,0.0,0,Electronics,0.0,0.0,Organic,0,0
0,0.0,0.0,0,Electronics,0.0,0.0,Organic,0,0
0,0.0,0.0,0,Electronics,0.0,0.0,Organic,0,0
0,0.0,0.0,0,Electronics,0.0,0.0,Organic,0,0
0,0.0,0.0,0,Electronics,0.0,0.0,Organic,0,0
0,0.0,0.0,0,Electronics,0.0,0.0,Organic,0,0
0,0.0,0.0,0,Electronics,0.0,0.0,Organic,0,0
0,0.0,0.0,0,Electronics,0.0,0.0,Organic,0,0
0,0.0,0.0,0,Electronics,0.0,0.0,Organic,0,0
0,0.0,0.0,0,Electronics,0.0,0.0,Organic,0,0
0,0.0,0.0,0,Electronics,0.0,0.0,Organic,0,0
0,0.0,0.0,0,Electronics,0.0,0.0,Organic,0,0
0,0.0,0.0,0,Electronics,0.0,0.0,Organic,0,0
0,0.0,0.0,0,Electronics,0.0,0.0,Organic,0,0
0,0.0,0.0,0,Electronics,0.0,0.0,Organic,0,0
0,0.0,0.0,0,Electronics,0.0,0.0,Organic,0,0
0,0.0,0.0,0,Electronics,0.0,0.0,Organic,0,0
0,0.0,0.0,0,Electronics,0.0,0.0,Organic,0,0
0,0.0,0.0,0,Electronics,0.0,0.0,Organic,0,0
0,0.0,0.0,0,Electronics,0.0,0.0,Organic,0,0
0,0.0,0.0,0,Electronics,0.0,0.0,Organic,0,0
0,0.0,0.0,0,Electronics,0.0,0.0,Organic,0,0
0,0.0,0.0,0,Electronics,0.0,0.0,Organic,0,0
0,0.0,0.0,0,Electronics,0.0,0.0,Organic,0,0
0,0.0,0.0,0,Electronics,0.0,0.0,Organic,0,0
0,0.0,0.0,0,Electronics,0.0,0.0,Organic,0,0
0,0.0,0.0,0,Electronics,0.0,0.0,Organic,0,0
0,0.0,0.0,0,Electronics,0.0,0.0,Organic,0,0
0,0.0,0.0,0,Electronics,0.0,0.0,Organic,0,0
0,0.0,0.0,0,Electronics,0.0,0.0,Organic,0,0
0,0.0,0.0,0,Electronics,0.0,0.0,Organic,0,0
0,0.0,0.0,0,Electronics,0.0,0.0,Organic,0,0
0,0.0,0.0,0,Electronics,0.0,0.0,Organic,0,0
0,0.0,0.0,0,Electronics,0.0,0.0,Organic,0,0
0,0.0,0.0,0,Electronics,0.0,0.0,Organic,0,0
0,0.0,0.0,0,Electronics,0.0,0.0,Organic,0,0
0,0.0,0.0,0,Electronics,0.0,0.0,Organic,0,0
0,0.0,0.0,0,Electronics,0.0,0.0,Organic,0,0
0,0.0,0.0,0,Electronics,0.0,0.0,Organic,0,0
0,0.0,0.0,0,Electronics,0.0,0.0,Organic,0,0
0,0.0,0.0,0,Electronics,0.0,0.0,Organic,0,0
0,0.0,0.0,0,Electronics,0.0,0.0,Organic,0,0
0,0.0,0.0,0,Electronics,0.0,0.0,Organic,0,0
0,0.0,0.0,0,Electronics,0.0,0.0,Organic,0,0
0,0.0,0.0,0,Electronics,0.0,0.0,Organic,0,0
0,0.0,0.0,0,Electronics,0.0,0.0,Organic,0,0
0,0.0,0.0,0,Electronics,0.0,0.0,Organic,0,0
0,0.0,0.0,0,Electronics,0.0,0.0,Organic,0,0
0,0.0,0.0,0,Electronics,0.0,0.0,Organic,0,0
0,0.0,0.0,0,Electronics,0.0,0.0,Organic,0,0
0,0.0,0.0,0,Electronics,0.0,0.0,Organic,0,0
0,0.0,0.0,0,Electronics,0.0,0.0,Organic,0,0
0,0.0,0.0,0,Electronics,0.0,0.0,Organic,0,0
0,0.0,0.0,0,Electronics,0.0,0.0,Organic,0,0
0,0.0,0.0,0,Electronics,0.0,0.0,Organic,0,0
0,0.0,0.0,0,Electronics,0.0,0.0,Organic,0,0
0,0.0,0.0,0,Electronics,0.0,0.0,Organic,0,0
0,0.0,0.0,0,Electronics,0.0,0.0,Organic,0,0
0,0.0,0.0,0,Electronics,0.0,0.0,Organic,0,0
0,0.0,0.0,0,Electronics,0.0,0.0,Organic,0,0
0,0.0,0.0,0,Electronics,0.0,0.0,Organic,0,0
0,0.0,0.0,0,Electronics,0.0,0.0,Organic,0,0
0,0.0,0.0,0,Electronics,0.0,0.0,Organic,0,0
0,0.0,0.0,0,Electronics,0.0,0.0,Organic,0,0
0,0.0,0.0,0,Electronics,0.0,0.0,Organic,0,0
0,0.0,0.0,0,Electronics,0.0,0.0,Organic,0,0
0,0.0,0.0,0,Electronics,0.0,0.0,Organic,0,0
0,0.0,0.0,0,Electronics,0.0,0.0,Organic,0,0
0,0.0,0.0,0,Electronics,0.0,0.0,Organic,0,0
0,0.0,0.0,0,Electronics,0.0,0.0,Organic,0,0
0,0.0,0.0,0,Electronics,0.0,0.0,Organic,0,0
0,0.0,0.0,0,Electronics,0.0,0.0,Organic,0,0
0,0.0,0.0,0,Electronics,0.0,0.0,Organic,0,0
0,0.0,0.0,0,Electronics,0.0,0.0,Organic,0,0
0,0.0,0.0,0,Electronics,0.0,0.0,Organic,0,0
0,0.0,0.0,0,Electronics,0.0,0.0,Organic,0,0
0,0.0,0.0,0,Electronics,0.0,0.0,Organic,0,0
0,0.0,0.0,0,Electronics,0.0,0.0,Organic,0,0
0,0.0,0.0,0,Electronics,0.0,0.0,Organic,0,0
0,0.0,0.0,0,Electronics,0.0,0.0,Organic,0,0
0,0.0,0.0,0,Electronics,0.0,0.0,Organic,0,0
0,0.0,0.0,0,Electronics,0.0,0.0,Organic,0,0
0,0.0,0.0,0,Electronics,0.0,0.0,Organic,0,0
0,0.0,0.0,0,Electronics,0.0,0.0,Organic,0,0
0,0.0,0.0,0,Electronics,0.0,0.0,Organic,0,0
0,0.0,0.0,0,Electronics,0.0,0.0,Organic,0,0
0,0.0,0.0,0,Electronics,0.0,0.0,Organic,0,0
0,0.0,0.0,0,Electronics,0.0,0.0,Organic,0,0
0,0.0,0.0,0,Electronics,0.0,0.0,Organic,0,0
0,0.0,0.0,0,Electronics,0.0,0.0,Organic,0,0
0,0.0,0.0,0,Electronics,0.0,0.0,Organic,0,0
0,0.0,0.0,0,Electronics,0.0,0.0,Organic,0,0
0,0.0,0.0,0,Electronics,0.0,0.0,Organic,0,0
0,0.0,0.0,0,Electronics,0.0,0.0,Organic,0,0
0,0.0,0.0,0,Electronics,0.0,0.0,Organic,0,0
0,0.0,0.0,0,Electronics,0.0,0.0,Organic,0,0
0,0.0,0.0,0,Electronics,0.0,0.0,Organic,0,0
0,0.0,0.0,0,Electronics,0.0,0.0,Organic,0,0
0,0.0,0.0,0,Electronics,0.0,0.0,Organic,0,0
0,0.0,0.0,0,Electronics,0.0,0.0,Organic,0,0
0,0.0,0.0,0,Electronics,0.0,0.0,Organic,0,0
0,0.0,0.0,0,Electronics,0.0,0.0,Organic,0,0
0,0.0,0.0,0,Electronics,0.0,0.0,Organic,0,0
0,0.0,0.0,0,Electronics,0.0,0.0,Organic,0,0
0,0.0,0.0,0,Electronics,0.0,0.0,Organic,0,0
0,0.0,0.0,0,Electronics,0.0,0.0,Organic,0,0
0,0.0,0.0,0,Electronics,0.0,0.0,Organic,0,0
0,0.0,0.0,0,Electronics,0.0,0.0,Organic,0,0
0,0.0,0.0,0,Electronics,0.0,0.0,Organic,0,0
0,0.0,0.0,0,Electronics,0.0,0.0,Organic,0,0
0,0.0,0.0,0,Electronics,0.0,0.0,Organic,0,0
0,0.0,0.0,0,Electronics,0.0,0.0,Organic,0,0
0,0.0,0.0,0,Electronics,0.0,0.0,Organic,0,0
0,0.0,0.0,0,Electronics,0.0,0.0,Organic,0,0
0,0.0,0.0,0,Electronics,0.0,0.0,Organic,0,0
0,0.0,0.0,0,Electronics,0.0,0.0,Organic,0,0
0,0.0,0.0,0,Electronics,0.0,0.0,Organic,0,0
0,0.0,0.0,0,Electronics,0.0,0.0,Organic,0,0
0,0.0,0.0,0,Electronics,0.0,0.0,Organic,0,0
0,0.0,0.0,0,Electronics,0.0,0.0,Organic,0,0
0,0.0,0.0,0,Electronics,0.0,0.0,Organic,0,0
0,0.0,0.0,0,Electronics,0.0,0.0,Organic,0,0
0,0.0,0.0,0,Electronics,0.0,0.0,Organic,0,0
0,0.0,0.0,0,Electronics,0.0,0.0,Organic,0,0
0,0.0,0.0,0,Electronics,0.0,0.0,Organic,0,0
0,0.0,0.0,0,Electronics,0.0,0.0,Organic,0,0
0,0.0,0.0,0,Electronics,0.0,0.0,Organic,0,0
0,0.0,0.0,0,Electronics,0.0,0.0,Organic,0,0
0,0.0,0.0,0,Electronics,0.0,0.0,Organic,0,0
0,0.0,0.0,0,Electronics,0.0,0.0,Organic,0,0
0,0.0,0.0,0,Electronics,0.0,0.0,Organic,0,0
0,0.0,0.0,0,Electronics,0.0,0.0,Organic,0,0
0,0.0,0.0,0,Electronics,0.0,0.0,Organic,0,0
0,0.0,0.0,0,Electronics,0.0,0.0,Organic,0,0
0,0.0,0.0,0,Electronics,0.0,0.0,Organic,0,0
0,0.0,0.0,0,Electronics,0.0,0.0,Organic,0,0
0,0.0,0.0,0,Electronics,0.0,0.0,Organic,0,0
0,0.0,0.0,0,Electronics,0.0,0.0,Organic,0,0
0,0.0,0.0,0,Electronics,0.0,0.0,Organic,0,0
0,0.0,0.0,0,Electronics,0.0,0.0,Organic,0,0
0,0.0,0.0,0,Electronics,0.0,0.0,Organic,0,0
0,0.0,0.0,0,Electronics,0.0,0.0,Organic,0,0
0,0.0,0.0,0,Electronics,0.0,0.0,Organic,0,0
0,0.0,0.0,0,Electronics,0.0,0.0,Organic,0,0
0,0.0,0.0,0,Electronics,0.0,0.0,Organic,0,0
0,0.0,0.0,0,Electronics,0.0,0.0,Organic,0,0
0,0.0,0.0,0,Electronics,0.0,0.0,Organic,0,0
0,0.0,0.0,0,Electronics,0.0,0.0,Organic,0,0
0,0.0,0.0,0,Electronics,0.0,0.0,Organic,0,0
0,0.0,0.0,0,Electronics,0.0,0.0,Organic,0,0
0,0.0,0.0,0,Electronics,0.0,0.0,Organic,0,0
0,0.0,0.0,0,Electronics,0.0,0.0,Organic,0,0
0,0.0,0.0,0,Electronics,0.0,0.0,Organic,0,0
0,0.0,0.0,0,Electronics,0.0,0.0,Organic,0,0
0,0.0,0.0,0,Electronics,0.0,0.0,Organic,0,0
0,0.0,0.0,0,Electronics,0.0,0.0,Organic,0,0
0,0.0,0.0,0,Electronics,0.0,0.0,Organic,0,0
0,0.0,0.0,0,Electronics,0.0,0.0,Organic,0,0
0,0.0,0.0,0,Electronics,0.0,0.0,Organic,0,0
0,0.0,0.0,0,Electronics,0.0,0.0,Organic,0,0
0,0.0,0.0,0,Electronics,0.0,0.0,Organic,0,0
0,0.0,0.0,0,Electronics,0.0,0.0,Organic,0,0
0,0.0,0.0,0,Electronics,0.0,0.0,Organic,0,0
0,0.0,0.0,0,Electronics,0.0,0.0,Organic,0,0
0,0.0,0.0,0,Electronics,0.0,0.0,Organic,0,0
0,0.0,0.0,0,Electronics,0.0,0.0,Organic,0,0
0,0.0,0.0,0,Electronics,0.0,0.0,Organic,0,0
0,0.0,0.0,0,Electronics,0.0,0.0,Organic,0,0
0,0.0,0.0,0,Electronics,0.0,0.0,Organic,0,0
0,0.0,0.0,0,Electronics,0.0,0.0,Organic,0,0
0,0.0,0.0,0,Electronics,0.0,0.0,Organic,0,0
0,0.0,0.0,0,Electronics,0.0,0.0,Organic,0,0
0,0.0,0.0,0,Electronics,0.0,0.0,Organic,0,0
0,0.0,0.0,0,Electronics,0.0,0.0,Organic,0,0
0,0.0,0.0,0,Electronics,0.0,0.0,Organic,0,0
0,0.0,0.0,0,Electronics,0.0,0.0,Organic,0,0
0,0.0,0.0,0,Electronics,0.0,0.0,Organic,0,0
0,0.0,0.0,0,Electronics,0.0,0.0,Organic,0,0
0,0.0,0.0,0,Electronics,0.0,0.0,Organic,0,0
0,0.0,0.0,0,Electronics,0.0,0.0,Organic,0,0
0,0.0,0.0,0,Electronics,0.0,0.0,Organic,0,0
0,0.0,0.0,0,Electronics,0.0,0.0,Organic,0,0
0,0.0,0.0,0,Electronics,0.0,0.0,Organic,0,0
0,0.0,0.0,0,Electronics,0.0,0.0,Organic,0,0
0,0.0,0.0,0,Electronics,0.0,0.0,Organic,0,0
0,0.0,0.0,0,Electronics,0.0,0.0,Organic,0,0
0,0.0,0.0,0,Electronics,0.0,0.0,Organic,0,0
0,0.0,0.0,0,Electronics,0.0,0.0,Organic,0,0
0,0.0,0.0,0,Electronics,0.0,0.0,Organic,0,0
0,0.0,0.0,0,Electronics,0.0,0.0,Organic,0,0
0,0.0,0.0,0,Electronics,0.0,0.0,Organic,0,0
0,0.0,0.0,0,Electronics,0.0,0.0,Organic,0,0
0,0.0,0.0,0,Electronics,0.0,0.0,Organic,0,0
